
---
events:
  -
    kind: "find-v1"
    backtrace:
      - "/home/runner/workspace/thirdparty/vcpkg/downloads/tools/cmake-4.3.3-linux/cmake-4.3.3-linux-x86_64/share/cmake-4.3/Modules/CMakeDetermineSystem.cmake:12 (find_program)"
      - "CMakeLists.txt:4 (project)"
    mode: "program"
    variable: "CMAKE_UNAME"
    description: "Path to a program."
    settings:
      SearchFramework: "NEVER"
      SearchAppBundle: "NEVER"
      CMAKE_FIND_USE_CMAKE_PATH: true
      CMAKE_FIND_USE_CMAKE_ENVIRONMENT_PATH: true
      CMAKE_FIND_USE_SYSTEM_ENVIRONMENT_PATH: true
      CMAKE_FIND_USE_CMAKE_SYSTEM_PATH: true
      CMAKE_FIND_USE_INSTALL_PREFIX: true
    names:
      - "uname"
    candidate_directories:
      - "/nix/store/0nxvi9r5ymdlr2p24rjj9qzyms72zld1-bash-interactive-5.2p37/bin/"
      - "/nix/store/0flj33q30lmzdjagwjqh964qmiyklww2-patchelf-0.15.0/bin/"
      - "/nix/store/a0d7m3zn9p2dfa1h7ag9h2wzzr2w25sn-gcc-wrapper-14.2.1.20250322/bin/"
      - "/nix/store/6i862vz60awrlsila8vw18rg4d4l66iy-gcc-14.2.1.20250322/bin/"
      - "/nix/store/y2xdxp8r4g92q28am6mbxj44rivnyirl-glibc-2.40-66-bin/bin/"
      - "/nix/store/mp7ba85zcqdj2sqwa29pql02s6nqpcxy-coreutils-9.7/bin/"
      - "/nix/store/2gkh9v7wrzjq6ws312c6z6ajwnjvwcmb-binutils-wrapper-2.44/bin/"
      - "/nix/store/mkvc0lnnpmi604rqsjdlv1pmhr638nbd-binutils-2.44/bin/"
      - "/nix/store/d667kdfbfn17905f7kmdl33r9gvwzaji-pkg-config-wrapper-0.29.2/bin/"
      - "/nix/store/bw1i8r1ilp79xyybr2n633aq3jj1wrrd-llvm-19.1.7-dev/bin/"
      - "/nix/store/c4ibx1x2y2xn21zij6nnpcmnrclp58wq-ncurses-6.5-dev/bin/"
      - "/nix/store/4mys0gv17cn0lrdvlhks0zx27854nmkg-ncurses-6.5/bin/"
      - "/nix/store/161jifxkx05qmjvrz7i6yqjkbs0qibyl-llvm-19.1.7/bin/"
      - "/nix/store/4bb195ym905lzvwnbm86nxz2j625hrv4-clang-wrapper-19.1.7/bin/"
      - "/nix/store/x6rsdc4s0f1j9bn1cx2h1l5fj8765ykw-clang-19.1.7/bin/"
      - "/nix/store/vkxrkqv0kfi51w4ckly1slj62wa5iryp-binutils-wrapper-2.44/bin/"
      - "/nix/store/mrkrlw6g3a7gp9a50dawfzirzhw8945v-ninja-1.12.1/bin/"
      - "/nix/store/29ax4k0a83zhz43lb73cv610d95wdsx1-cmake-3.31.6/bin/"
      - "/nix/store/igfbwifcgda365wl2ldzhrvgp72w19c4-unzip-6.0/bin/"
      - "/nix/store/cpwib3zazj49fm0y04y53w4xkbqsgrgm-mesa-25.0.7/bin/"
      - "/nix/store/3r2184gwq0cjmwf9f819xdm2ggqnjijg-libcap-2.75/bin/"
      - "/nix/store/px08h5pmb6vr98y751ck1gwn0852iqqq-pulseaudio-17.0/bin/"
      - "/nix/store/3gr0qipg80ln2j3wcpafxkp5k2zngrpa-compiler-rt-libc-19.1.7/bin/"
      - "/nix/store/7fjnb79r7p38piiyn5xwgcj5w7fpfi02-findutils-4.10.0/bin/"
      - "/nix/store/1pi99mlqimxmqm1jvllbcaj8v16w2nbv-diffutils-3.12/bin/"
      - "/nix/store/x23s7lcvhf18zz3rj543680jgrj71vil-gnused-4.9/bin/"
      - "/nix/store/8b4vn1iyn6kqiisjvlmv67d1c0p3j6wj-gnugrep-3.11/bin/"
      - "/nix/store/n8825s8qprf8p70m0hq6pz7rvlnsxdjm-gawk-5.3.2/bin/"
      - "/nix/store/7nilh5hvnfbsx3vn020pkjkgx9rgsizb-gnutar-1.35/bin/"
      - "/nix/store/gqpd9ax2s6jjf7mjyv1q7bwbsycyaxic-gzip-1.14/bin/"
      - "/nix/store/28z6bx9sg0lsr7wra22pbjsk6fzfphy4-bzip2-1.0.8-bin/bin/"
      - "/nix/store/8dl5ryfna3hjqhvnkw7srm6wnka6agxl-gnumake-4.4.1/bin/"
      - "/nix/store/ih68ar79msmj0496pgld4r3vqfr7bbin-bash-5.2p37/bin/"
      - "/nix/store/kc8h52p4dfgajrg3qlgx246hl0znr213-patch-2.7.6/bin/"
      - "/nix/store/cmv326slnswzsjm2sqgbz16hzzqvkfjy-xz-5.8.1-bin/bin/"
      - "/nix/store/v5skl3bspzhm2y13vcxcrw8w29g6phi0-file-5.45/bin/"
      - "/nix/store/p7z3r09ci37sz5xzlddlqpgvcvcn764r-pid1/bin/"
      - "/nix/store/kn30pk1h3p7rqxhzl4xl809mcvy55p3k-replit-runtime-path/bin/"
      - "/usr/local/sbin/"
      - "/usr/local/bin/"
      - "/usr/sbin/"
      - "/usr/bin/"
      - "/sbin/"
      - "/bin/"
      - "/home/runner/workspace/thirdparty/vcpkg/downloads/tools/ninja-1.13.2-linux/"
    searched_directories:
      - "/nix/store/0nxvi9r5ymdlr2p24rjj9qzyms72zld1-bash-interactive-5.2p37/bin/uname"
      - "/nix/store/0flj33q30lmzdjagwjqh964qmiyklww2-patchelf-0.15.0/bin/uname"
      - "/nix/store/a0d7m3zn9p2dfa1h7ag9h2wzzr2w25sn-gcc-wrapper-14.2.1.20250322/bin/uname"
      - "/nix/store/6i862vz60awrlsila8vw18rg4d4l66iy-gcc-14.2.1.20250322/bin/uname"
      - "/nix/store/y2xdxp8r4g92q28am6mbxj44rivnyirl-glibc-2.40-66-bin/bin/uname"
    found: "/nix/store/mp7ba85zcqdj2sqwa29pql02s6nqpcxy-coreutils-9.7/bin/uname"
    search_context:
      ENV{PATH}:
        - "/nix/store/0nxvi9r5ymdlr2p24rjj9qzyms72zld1-bash-interactive-5.2p37/bin"
        - "/nix/store/0flj33q30lmzdjagwjqh964qmiyklww2-patchelf-0.15.0/bin"
        - "/nix/store/a0d7m3zn9p2dfa1h7ag9h2wzzr2w25sn-gcc-wrapper-14.2.1.20250322/bin"
        - "/nix/store/6i862vz60awrlsila8vw18rg4d4l66iy-gcc-14.2.1.20250322/bin"
        - "/nix/store/y2xdxp8r4g92q28am6mbxj44rivnyirl-glibc-2.40-66-bin/bin"
        - "/nix/store/mp7ba85zcqdj2sqwa29pql02s6nqpcxy-coreutils-9.7/bin"
        - "/nix/store/2gkh9v7wrzjq6ws312c6z6ajwnjvwcmb-binutils-wrapper-2.44/bin"
        - "/nix/store/mkvc0lnnpmi604rqsjdlv1pmhr638nbd-binutils-2.44/bin"
        - "/nix/store/d667kdfbfn17905f7kmdl33r9gvwzaji-pkg-config-wrapper-0.29.2/bin"
        - "/nix/store/bw1i8r1ilp79xyybr2n633aq3jj1wrrd-llvm-19.1.7-dev/bin"
        - "/nix/store/c4ibx1x2y2xn21zij6nnpcmnrclp58wq-ncurses-6.5-dev/bin"
        - "/nix/store/4mys0gv17cn0lrdvlhks0zx27854nmkg-ncurses-6.5/bin"
        - "/nix/store/161jifxkx05qmjvrz7i6yqjkbs0qibyl-llvm-19.1.7/bin"
        - "/nix/store/4bb195ym905lzvwnbm86nxz2j625hrv4-clang-wrapper-19.1.7/bin"
        - "/nix/store/x6rsdc4s0f1j9bn1cx2h1l5fj8765ykw-clang-19.1.7/bin"
        - "/nix/store/vkxrkqv0kfi51w4ckly1slj62wa5iryp-binutils-wrapper-2.44/bin"
        - "/nix/store/mrkrlw6g3a7gp9a50dawfzirzhw8945v-ninja-1.12.1/bin"
        - "/nix/store/29ax4k0a83zhz43lb73cv610d95wdsx1-cmake-3.31.6/bin"
        - "/nix/store/igfbwifcgda365wl2ldzhrvgp72w19c4-unzip-6.0/bin"
        - "/nix/store/cpwib3zazj49fm0y04y53w4xkbqsgrgm-mesa-25.0.7/bin"
        - "/nix/store/3r2184gwq0cjmwf9f819xdm2ggqnjijg-libcap-2.75/bin"
        - "/nix/store/px08h5pmb6vr98y751ck1gwn0852iqqq-pulseaudio-17.0/bin"
        - "/nix/store/3gr0qipg80ln2j3wcpafxkp5k2zngrpa-compiler-rt-libc-19.1.7/bin"
        - "/nix/store/7fjnb79r7p38piiyn5xwgcj5w7fpfi02-findutils-4.10.0/bin"
        - "/nix/store/1pi99mlqimxmqm1jvllbcaj8v16w2nbv-diffutils-3.12/bin"
        - "/nix/store/x23s7lcvhf18zz3rj543680jgrj71vil-gnused-4.9/bin"
        - "/nix/store/8b4vn1iyn6kqiisjvlmv67d1c0p3j6wj-gnugrep-3.11/bin"
        - "/nix/store/n8825s8qprf8p70m0hq6pz7rvlnsxdjm-gawk-5.3.2/bin"
        - "/nix/store/7nilh5hvnfbsx3vn020pkjkgx9rgsizb-gnutar-1.35/bin"
        - "/nix/store/gqpd9ax2s6jjf7mjyv1q7bwbsycyaxic-gzip-1.14/bin"
        - "/nix/store/28z6bx9sg0lsr7wra22pbjsk6fzfphy4-bzip2-1.0.8-bin/bin"
        - "/nix/store/8dl5ryfna3hjqhvnkw7srm6wnka6agxl-gnumake-4.4.1/bin"
        - "/nix/store/ih68ar79msmj0496pgld4r3vqfr7bbin-bash-5.2p37/bin"
        - "/nix/store/kc8h52p4dfgajrg3qlgx246hl0znr213-patch-2.7.6/bin"
        - "/nix/store/cmv326slnswzsjm2sqgbz16hzzqvkfjy-xz-5.8.1-bin/bin"
        - "/nix/store/v5skl3bspzhm2y13vcxcrw8w29g6phi0-file-5.45/bin"
        - "/nix/store/p7z3r09ci37sz5xzlddlqpgvcvcn764r-pid1/bin"
        - "/nix/store/kn30pk1h3p7rqxhzl4xl809mcvy55p3k-replit-runtime-path/bin"
        - "/usr/local/sbin"
        - "/usr/local/bin"
        - "/usr/sbin"
        - "/usr/bin"
        - "/sbin"
        - "/bin"
        - "/home/runner/workspace/thirdparty/vcpkg/downloads/tools/ninja-1.13.2-linux"
      CMAKE_INSTALL_PREFIX: "/home/runner/workspace/thirdparty/vcpkg/packages/zlib_arm64-android/debug"
  -
    kind: "message-v1"
    backtrace:
      - "/home/runner/workspace/thirdparty/vcpkg/downloads/tools/cmake-4.3.3-linux/cmake-4.3.3-linux-x86_64/share/cmake-4.3/Modules/CMakeDetermineSystem.cmake:207 (message)"
      - "CMakeLists.txt:4 (project)"
    message: |
      The target system is: Android - 1 - aarch64
      The host system is: Linux - 6.18.34 - x86_64
  -
    kind: "find-v1"
    backtrace:
      - "/home/runner/workspace/thirdparty/vcpkg/downloads/tools/cmake-4.3.3-linux/cmake-4.3.3-linux-x86_64/share/cmake-4.3/Modules/CMakeDetermineCompilerId.cmake:468 (find_file)"
      - "/home/runner/workspace/thirdparty/vcpkg/downloads/tools/cmake-4.3.3-linux/cmake-4.3.3-linux-x86_64/share/cmake-4.3/Modules/CMakeDetermineCompilerId.cmake:506 (CMAKE_DETERMINE_COMPILER_ID_WRITE)"
      - "/home/runner/workspace/thirdparty/vcpkg/downloads/tools/cmake-4.3.3-linux/cmake-4.3.3-linux-x86_64/share/cmake-4.3/Modules/CMakeDetermineCompilerId.cmake:8 (CMAKE_DETERMINE_COMPILER_ID_BUILD)"
      - "/home/runner/workspace/thirdparty/vcpkg/downloads/tools/cmake-4.3.3-linux/cmake-4.3.3-linux-x86_64/share/cmake-4.3/Modules/CMakeDetermineCompilerId.cmake:64 (__determine_compiler_id_test)"
      - "/home/runner/workspace/thirdparty/vcpkg/downloads/tools/cmake-4.3.3-linux/cmake-4.3.3-linux-x86_64/share/cmake-4.3/Modules/CMakeDetermineCCompiler.cmake:122 (CMAKE_DETERMINE_COMPILER_ID)"
      - "CMakeLists.txt:4 (project)"
    mode: "file"
    variable: "src_in"
    description: "Path to a file."
    settings:
      SearchFramework: "LAST"
      SearchAppBundle: "LAST"
      CMAKE_FIND_USE_CMAKE_PATH: true
      CMAKE_FIND_USE_CMAKE_ENVIRONMENT_PATH: true
      CMAKE_FIND_USE_SYSTEM_ENVIRONMENT_PATH: true
      CMAKE_FIND_USE_CMAKE_SYSTEM_PATH: true
      CMAKE_FIND_USE_INSTALL_PREFIX: true
    names:
      - "CMakeCCompilerId.c.in"
    candidate_directories:
      - "/home/runner/workspace/thirdparty/vcpkg/downloads/tools/cmake-4.3.3-linux/cmake-4.3.3-linux-x86_64/share/cmake-4.3/Modules/"
    found: "/home/runner/workspace/thirdparty/vcpkg/downloads/tools/cmake-4.3.3-linux/cmake-4.3.3-linux-x86_64/share/cmake-4.3/Modules/CMakeCCompilerId.c.in"
    search_context:
      CMAKE_PREFIX_PATH:
        - "/home/runner/workspace/out/build/android-debug/vcpkg_installed/arm64-android/debug"
        - "/home/runner/workspace/out/build/android-debug/vcpkg_installed/arm64-android"
        - "/home/runner/workspace/.ndk-tools/android-ndk-r27c/toolchains/llvm/prebuilt/linux-x86_64"
        - "/"
      ENV{CMAKE_INCLUDE_PATH}:
        - "/nix/store/bw1i8r1ilp79xyybr2n633aq3jj1wrrd-llvm-19.1.7-dev/include"
        - "/nix/store/c4ibx1x2y2xn21zij6nnpcmnrclp58wq-ncurses-6.5-dev/include"
        - "/nix/store/rxd3kdsc7k72198g58wk0qp3xdip5x5d-zlib-1.3.1-dev/include"
        - "/nix/store/cpwib3zazj49fm0y04y53w4xkbqsgrgm-mesa-25.0.7/include"
        - "/nix/store/akn28bf4vh2q3p2czwkm37acmf33bvgd-libglvnd-1.7.0-dev/include"
        - "/nix/store/5h8ny2nvix2vz1s3rbpvqj25ri7jh8km-pulseaudio-17.0-dev/include"
        - "/nix/store/5p91yhpd1hpjzlshrwbd0ivkhx8d0588-libcap-2.75-dev/include"
        - "/nix/store/ipig7ch9srlwk002b3f7i9kkz6sg40zf-compiler-rt-libc-19.1.7-dev/include"
      ENV{PATH}:
        - "/nix/store/0nxvi9r5ymdlr2p24rjj9qzyms72zld1-bash-interactive-5.2p37/bin"
        - "/nix/store/0flj33q30lmzdjagwjqh964qmiyklww2-patchelf-0.15.0/bin"
        - "/nix/store/a0d7m3zn9p2dfa1h7ag9h2wzzr2w25sn-gcc-wrapper-14.2.1.20250322/bin"
        - "/nix/store/6i862vz60awrlsila8vw18rg4d4l66iy-gcc-14.2.1.20250322/bin"
        - "/nix/store/y2xdxp8r4g92q28am6mbxj44rivnyirl-glibc-2.40-66-bin/bin"
        - "/nix/store/mp7ba85zcqdj2sqwa29pql02s6nqpcxy-coreutils-9.7/bin"
        - "/nix/store/2gkh9v7wrzjq6ws312c6z6ajwnjvwcmb-binutils-wrapper-2.44/bin"
        - "/nix/store/mkvc0lnnpmi604rqsjdlv1pmhr638nbd-binutils-2.44/bin"
        - "/nix/store/d667kdfbfn17905f7kmdl33r9gvwzaji-pkg-config-wrapper-0.29.2/bin"
        - "/nix/store/bw1i8r1ilp79xyybr2n633aq3jj1wrrd-llvm-19.1.7-dev/bin"
        - "/nix/store/c4ibx1x2y2xn21zij6nnpcmnrclp58wq-ncurses-6.5-dev/bin"
        - "/nix/store/4mys0gv17cn0lrdvlhks0zx27854nmkg-ncurses-6.5/bin"
        - "/nix/store/161jifxkx05qmjvrz7i6yqjkbs0qibyl-llvm-19.1.7/bin"
        - "/nix/store/4bb195ym905lzvwnbm86nxz2j625hrv4-clang-wrapper-19.1.7/bin"
        - "/nix/store/x6rsdc4s0f1j9bn1cx2h1l5fj8765ykw-clang-19.1.7/bin"
        - "/nix/store/vkxrkqv0kfi51w4ckly1slj62wa5iryp-binutils-wrapper-2.44/bin"
        - "/nix/store/mrkrlw6g3a7gp9a50dawfzirzhw8945v-ninja-1.12.1/bin"
        - "/nix/store/29ax4k0a83zhz43lb73cv610d95wdsx1-cmake-3.31.6/bin"
        - "/nix/store/igfbwifcgda365wl2ldzhrvgp72w19c4-unzip-6.0/bin"
        - "/nix/store/cpwib3zazj49fm0y04y53w4xkbqsgrgm-mesa-25.0.7/bin"
        - "/nix/store/3r2184gwq0cjmwf9f819xdm2ggqnjijg-libcap-2.75/bin"
        - "/nix/store/px08h5pmb6vr98y751ck1gwn0852iqqq-pulseaudio-17.0/bin"
        - "/nix/store/3gr0qipg80ln2j3wcpafxkp5k2zngrpa-compiler-rt-libc-19.1.7/bin"
        - "/nix/store/7fjnb79r7p38piiyn5xwgcj5w7fpfi02-findutils-4.10.0/bin"
        - "/nix/store/1pi99mlqimxmqm1jvllbcaj8v16w2nbv-diffutils-3.12/bin"
        - "/nix/store/x23s7lcvhf18zz3rj543680jgrj71vil-gnused-4.9/bin"
        - "/nix/store/8b4vn1iyn6kqiisjvlmv67d1c0p3j6wj-gnugrep-3.11/bin"
        - "/nix/store/n8825s8qprf8p70m0hq6pz7rvlnsxdjm-gawk-5.3.2/bin"
        - "/nix/store/7nilh5hvnfbsx3vn020pkjkgx9rgsizb-gnutar-1.35/bin"
        - "/nix/store/gqpd9ax2s6jjf7mjyv1q7bwbsycyaxic-gzip-1.14/bin"
        - "/nix/store/28z6bx9sg0lsr7wra22pbjsk6fzfphy4-bzip2-1.0.8-bin/bin"
        - "/nix/store/8dl5ryfna3hjqhvnkw7srm6wnka6agxl-gnumake-4.4.1/bin"
        - "/nix/store/ih68ar79msmj0496pgld4r3vqfr7bbin-bash-5.2p37/bin"
        - "/nix/store/kc8h52p4dfgajrg3qlgx246hl0znr213-patch-2.7.6/bin"
        - "/nix/store/cmv326slnswzsjm2sqgbz16hzzqvkfjy-xz-5.8.1-bin/bin"
        - "/nix/store/v5skl3bspzhm2y13vcxcrw8w29g6phi0-file-5.45/bin"
        - "/nix/store/p7z3r09ci37sz5xzlddlqpgvcvcn764r-pid1/bin"
        - "/nix/store/kn30pk1h3p7rqxhzl4xl809mcvy55p3k-replit-runtime-path/bin"
        - "/usr/local/sbin"
        - "/usr/local/bin"
        - "/usr/sbin"
        - "/usr/bin"
        - "/sbin"
        - "/bin"
        - "/home/runner/workspace/thirdparty/vcpkg/downloads/tools/ninja-1.13.2-linux"
      CMAKE_INSTALL_PREFIX: "/home/runner/workspace/thirdparty/vcpkg/packages/zlib_arm64-android/debug"
      CMAKE_SYSTEM_PREFIX_PATH:
        - "/usr/lib/aarch64-linux-android/28"
      CMAKE_SYSROOT: "/home/runner/workspace/.ndk-tools/android-ndk-r27c/toolchains/llvm/prebuilt/linux-x86_64/sysroot"
      CMAKE_FIND_ROOT_PATH: "/home/runner/workspace/out/build/android-debug/vcpkg_installed/arm64-android/debug;/home/runner/workspace/out/build/android-debug/vcpkg_installed/arm64-android;/home/runner/workspace/.ndk-tools/android-ndk-r27c"
      CMAKE_SYSTEM_IGNORE_PATH:
        - "/home/runner/workspace/.ndk-tools/android-ndk-r27c/toolchains/llvm/prebuilt/linux-x86_64/lib"
        - "/home/runner/workspace/.ndk-tools/android-ndk-r27c/toolchains/llvm/prebuilt/linux-x86_64/lib"
  -
    kind: "message-v1"
    backtrace:
      - "/home/runner/workspace/thirdparty/vcpkg/downloads/tools/cmake-4.3.3-linux/cmake-4.3.3-linux-x86_64/share/cmake-4.3/Modules/CMakeDetermineCompilerId.cmake:17 (message)"
      - "/home/runner/workspace/thirdparty/vcpkg/downloads/tools/cmake-4.3.3-linux/cmake-4.3.3-linux-x86_64/share/cmake-4.3/Modules/CMakeDetermineCompilerId.cmake:64 (__determine_compiler_id_test)"
      - "/home/runner/workspace/thirdparty/vcpkg/downloads/tools/cmake-4.3.3-linux/cmake-4.3.3-linux-x86_64/share/cmake-4.3/Modules/CMakeDetermineCCompiler.cmake:122 (CMAKE_DETERMINE_COMPILER_ID)"
      - "CMakeLists.txt:4 (project)"
    message: |
      Compiling the C compiler identification source file "CMakeCCompilerId.c" succeeded.
      Compiler: /home/runner/workspace/.ndk-tools/android-ndk-r27c/toolchains/llvm/prebuilt/linux-x86_64/bin/clang 
      Build flags: -g;-DANDROID;-fdata-sections;-ffunction-sections;-funwind-tables;-fstack-protector-strong;-no-canonical-prefixes;-D_FORTIFY_SOURCE=2;-Wformat;-Werror=format-security;-fPIC
      Id flags: -c;--target=aarch64-none-linux-android28 
      
      The output was:
      0
      
      
      Compilation of the C compiler identification source "CMakeCCompilerId.c" produced "CMakeCCompilerId.o"
      
      The C compiler identification is Clang, found in:
        /home/runner/workspace/thirdparty/vcpkg/buildtrees/zlib/arm64-android-dbg/CMakeFiles/4.3.3/CompilerIdC/CMakeCCompilerId.o
      
  -
    kind: "find-v1"
    backtrace:
      - "/home/runner/workspace/thirdparty/vcpkg/downloads/tools/cmake-4.3.3-linux/cmake-4.3.3-linux-x86_64/share/cmake-4.3/Modules/CMakeFindBinUtils.cmake:243 (find_program)"
      - "/home/runner/workspace/thirdparty/vcpkg/downloads/tools/cmake-4.3.3-linux/cmake-4.3.3-linux-x86_64/share/cmake-4.3/Modules/CMakeDetermineCCompiler.cmake:200 (include)"
      - "CMakeLists.txt:4 (project)"
    mode: "program"
    variable: "CMAKE_LINKER"
    description: "Path to a program."
    settings:
      SearchFramework: "LAST"
      SearchAppBundle: "LAST"
      CMAKE_FIND_USE_CMAKE_PATH: false
      CMAKE_FIND_USE_CMAKE_ENVIRONMENT_PATH: false
      CMAKE_FIND_USE_SYSTEM_ENVIRONMENT_PATH: true
      CMAKE_FIND_USE_CMAKE_SYSTEM_PATH: true
      CMAKE_FIND_USE_INSTALL_PREFIX: true
    names:
      - "ld.lld"
      - "ld"
    candidate_directories:
      - "/home/runner/workspace/.ndk-tools/android-ndk-r27c/toolchains/llvm/prebuilt/linux-x86_64/bin/"
      - "/nix/store/0nxvi9r5ymdlr2p24rjj9qzyms72zld1-bash-interactive-5.2p37/bin/"
      - "/nix/store/0flj33q30lmzdjagwjqh964qmiyklww2-patchelf-0.15.0/bin/"
      - "/nix/store/a0d7m3zn9p2dfa1h7ag9h2wzzr2w25sn-gcc-wrapper-14.2.1.20250322/bin/"
      - "/nix/store/6i862vz60awrlsila8vw18rg4d4l66iy-gcc-14.2.1.20250322/bin/"
      - "/nix/store/y2xdxp8r4g92q28am6mbxj44rivnyirl-glibc-2.40-66-bin/bin/"
      - "/nix/store/mp7ba85zcqdj2sqwa29pql02s6nqpcxy-coreutils-9.7/bin/"
      - "/nix/store/2gkh9v7wrzjq6ws312c6z6ajwnjvwcmb-binutils-wrapper-2.44/bin/"
      - "/nix/store/mkvc0lnnpmi604rqsjdlv1pmhr638nbd-binutils-2.44/bin/"
      - "/nix/store/d667kdfbfn17905f7kmdl33r9gvwzaji-pkg-config-wrapper-0.29.2/bin/"
      - "/nix/store/bw1i8r1ilp79xyybr2n633aq3jj1wrrd-llvm-19.1.7-dev/bin/"
      - "/nix/store/c4ibx1x2y2xn21zij6nnpcmnrclp58wq-ncurses-6.5-dev/bin/"
      - "/nix/store/4mys0gv17cn0lrdvlhks0zx27854nmkg-ncurses-6.5/bin/"
      - "/nix/store/161jifxkx05qmjvrz7i6yqjkbs0qibyl-llvm-19.1.7/bin/"
      - "/nix/store/4bb195ym905lzvwnbm86nxz2j625hrv4-clang-wrapper-19.1.7/bin/"
      - "/nix/store/x6rsdc4s0f1j9bn1cx2h1l5fj8765ykw-clang-19.1.7/bin/"
      - "/nix/store/vkxrkqv0kfi51w4ckly1slj62wa5iryp-binutils-wrapper-2.44/bin/"
      - "/nix/store/mrkrlw6g3a7gp9a50dawfzirzhw8945v-ninja-1.12.1/bin/"
      - "/nix/store/29ax4k0a83zhz43lb73cv610d95wdsx1-cmake-3.31.6/bin/"
      - "/nix/store/igfbwifcgda365wl2ldzhrvgp72w19c4-unzip-6.0/bin/"
      - "/nix/store/cpwib3zazj49fm0y04y53w4xkbqsgrgm-mesa-25.0.7/bin/"
      - "/nix/store/3r2184gwq0cjmwf9f819xdm2ggqnjijg-libcap-2.75/bin/"
      - "/nix/store/px08h5pmb6vr98y751ck1gwn0852iqqq-pulseaudio-17.0/bin/"
      - "/nix/store/3gr0qipg80ln2j3wcpafxkp5k2zngrpa-compiler-rt-libc-19.1.7/bin/"
      - "/nix/store/7fjnb79r7p38piiyn5xwgcj5w7fpfi02-findutils-4.10.0/bin/"
      - "/nix/store/1pi99mlqimxmqm1jvllbcaj8v16w2nbv-diffutils-3.12/bin/"
      - "/nix/store/x23s7lcvhf18zz3rj543680jgrj71vil-gnused-4.9/bin/"
      - "/nix/store/8b4vn1iyn6kqiisjvlmv67d1c0p3j6wj-gnugrep-3.11/bin/"
      - "/nix/store/n8825s8qprf8p70m0hq6pz7rvlnsxdjm-gawk-5.3.2/bin/"
      - "/nix/store/7nilh5hvnfbsx3vn020pkjkgx9rgsizb-gnutar-1.35/bin/"
      - "/nix/store/gqpd9ax2s6jjf7mjyv1q7bwbsycyaxic-gzip-1.14/bin/"
      - "/nix/store/28z6bx9sg0lsr7wra22pbjsk6fzfphy4-bzip2-1.0.8-bin/bin/"
      - "/nix/store/8dl5ryfna3hjqhvnkw7srm6wnka6agxl-gnumake-4.4.1/bin/"
      - "/nix/store/ih68ar79msmj0496pgld4r3vqfr7bbin-bash-5.2p37/bin/"
      - "/nix/store/kc8h52p4dfgajrg3qlgx246hl0znr213-patch-2.7.6/bin/"
      - "/nix/store/cmv326slnswzsjm2sqgbz16hzzqvkfjy-xz-5.8.1-bin/bin/"
      - "/nix/store/v5skl3bspzhm2y13vcxcrw8w29g6phi0-file-5.45/bin/"
      - "/nix/store/p7z3r09ci37sz5xzlddlqpgvcvcn764r-pid1/bin/"
      - "/nix/store/kn30pk1h3p7rqxhzl4xl809mcvy55p3k-replit-runtime-path/bin/"
      - "/usr/local/sbin/"
      - "/usr/local/bin/"
      - "/usr/sbin/"
      - "/usr/bin/"
      - "/sbin/"
      - "/bin/"
      - "/home/runner/workspace/thirdparty/vcpkg/downloads/tools/ninja-1.13.2-linux/"
      - "/usr/lib/aarch64-linux-android/28/bin/"
      - "/usr/lib/aarch64-linux-android/28/sbin/"
      - "/usr/lib/aarch64-linux-android/28/"
    found: "/home/runner/workspace/.ndk-tools/android-ndk-r27c/toolchains/llvm/prebuilt/linux-x86_64/bin/ld.lld"
    search_context:
      CMAKE_PROGRAM_PATH:
        - "/home/runner/workspace/out/build/android-debug/vcpkg_installed/arm64-android/tools"
      CMAKE_PREFIX_PATH:
        - "/home/runner/workspace/out/build/android-debug/vcpkg_installed/arm64-android/debug"
        - "/home/runner/workspace/out/build/android-debug/vcpkg_installed/arm64-android"
        - "/home/runner/workspace/.ndk-tools/android-ndk-r27c/toolchains/llvm/prebuilt/linux-x86_64"
        - "/"
      ENV{PATH}:
        - "/nix/store/0nxvi9r5ymdlr2p24rjj9qzyms72zld1-bash-interactive-5.2p37/bin"
        - "/nix/store/0flj33q30lmzdjagwjqh964qmiyklww2-patchelf-0.15.0/bin"
        - "/nix/store/a0d7m3zn9p2dfa1h7ag9h2wzzr2w25sn-gcc-wrapper-14.2.1.20250322/bin"
        - "/nix/store/6i862vz60awrlsila8vw18rg4d4l66iy-gcc-14.2.1.20250322/bin"
        - "/nix/store/y2xdxp8r4g92q28am6mbxj44rivnyirl-glibc-2.40-66-bin/bin"
        - "/nix/store/mp7ba85zcqdj2sqwa29pql02s6nqpcxy-coreutils-9.7/bin"
        - "/nix/store/2gkh9v7wrzjq6ws312c6z6ajwnjvwcmb-binutils-wrapper-2.44/bin"
        - "/nix/store/mkvc0lnnpmi604rqsjdlv1pmhr638nbd-binutils-2.44/bin"
        - "/nix/store/d667kdfbfn17905f7kmdl33r9gvwzaji-pkg-config-wrapper-0.29.2/bin"
        - "/nix/store/bw1i8r1ilp79xyybr2n633aq3jj1wrrd-llvm-19.1.7-dev/bin"
        - "/nix/store/c4ibx1x2y2xn21zij6nnpcmnrclp58wq-ncurses-6.5-dev/bin"
        - "/nix/store/4mys0gv17cn0lrdvlhks0zx27854nmkg-ncurses-6.5/bin"
        - "/nix/store/161jifxkx05qmjvrz7i6yqjkbs0qibyl-llvm-19.1.7/bin"
        - "/nix/store/4bb195ym905lzvwnbm86nxz2j625hrv4-clang-wrapper-19.1.7/bin"
        - "/nix/store/x6rsdc4s0f1j9bn1cx2h1l5fj8765ykw-clang-19.1.7/bin"
        - "/nix/store/vkxrkqv0kfi51w4ckly1slj62wa5iryp-binutils-wrapper-2.44/bin"
        - "/nix/store/mrkrlw6g3a7gp9a50dawfzirzhw8945v-ninja-1.12.1/bin"
        - "/nix/store/29ax4k0a83zhz43lb73cv610d95wdsx1-cmake-3.31.6/bin"
        - "/nix/store/igfbwifcgda365wl2ldzhrvgp72w19c4-unzip-6.0/bin"
        - "/nix/store/cpwib3zazj49fm0y04y53w4xkbqsgrgm-mesa-25.0.7/bin"
        - "/nix/store/3r2184gwq0cjmwf9f819xdm2ggqnjijg-libcap-2.75/bin"
        - "/nix/store/px08h5pmb6vr98y751ck1gwn0852iqqq-pulseaudio-17.0/bin"
        - "/nix/store/3gr0qipg80ln2j3wcpafxkp5k2zngrpa-compiler-rt-libc-19.1.7/bin"
        - "/nix/store/7fjnb79r7p38piiyn5xwgcj5w7fpfi02-findutils-4.10.0/bin"
        - "/nix/store/1pi99mlqimxmqm1jvllbcaj8v16w2nbv-diffutils-3.12/bin"
        - "/nix/store/x23s7lcvhf18zz3rj543680jgrj71vil-gnused-4.9/bin"
        - "/nix/store/8b4vn1iyn6kqiisjvlmv67d1c0p3j6wj-gnugrep-3.11/bin"
        - "/nix/store/n8825s8qprf8p70m0hq6pz7rvlnsxdjm-gawk-5.3.2/bin"
        - "/nix/store/7nilh5hvnfbsx3vn020pkjkgx9rgsizb-gnutar-1.35/bin"
        - "/nix/store/gqpd9ax2s6jjf7mjyv1q7bwbsycyaxic-gzip-1.14/bin"
        - "/nix/store/28z6bx9sg0lsr7wra22pbjsk6fzfphy4-bzip2-1.0.8-bin/bin"
        - "/nix/store/8dl5ryfna3hjqhvnkw7srm6wnka6agxl-gnumake-4.4.1/bin"
        - "/nix/store/ih68ar79msmj0496pgld4r3vqfr7bbin-bash-5.2p37/bin"
        - "/nix/store/kc8h52p4dfgajrg3qlgx246hl0znr213-patch-2.7.6/bin"
        - "/nix/store/cmv326slnswzsjm2sqgbz16hzzqvkfjy-xz-5.8.1-bin/bin"
        - "/nix/store/v5skl3bspzhm2y13vcxcrw8w29g6phi0-file-5.45/bin"
        - "/nix/store/p7z3r09ci37sz5xzlddlqpgvcvcn764r-pid1/bin"
        - "/nix/store/kn30pk1h3p7rqxhzl4xl809mcvy55p3k-replit-runtime-path/bin"
        - "/usr/local/sbin"
        - "/usr/local/bin"
        - "/usr/sbin"
        - "/usr/bin"
        - "/sbin"
        - "/bin"
        - "/home/runner/workspace/thirdparty/vcpkg/downloads/tools/ninja-1.13.2-linux"
      CMAKE_INSTALL_PREFIX: "/home/runner/workspace/thirdparty/vcpkg/packages/zlib_arm64-android/debug"
      CMAKE_SYSTEM_PREFIX_PATH:
        - "/usr/lib/aarch64-linux-android/28"
      CMAKE_SYSROOT: "/home/runner/workspace/.ndk-tools/android-ndk-r27c/toolchains/llvm/prebuilt/linux-x86_64/sysroot"
      CMAKE_FIND_ROOT_PATH: "/home/runner/workspace/out/build/android-debug/vcpkg_installed/arm64-android/debug;/home/runner/workspace/out/build/android-debug/vcpkg_installed/arm64-android;/home/runner/workspace/.ndk-tools/android-ndk-r27c"
      CMAKE_SYSTEM_IGNORE_PATH:
        - "/home/runner/workspace/.ndk-tools/android-ndk-r27c/toolchains/llvm/prebuilt/linux-x86_64/lib"
        - "/home/runner/workspace/.ndk-tools/android-ndk-r27c/toolchains/llvm/prebuilt/linux-x86_64/lib"
  -
    kind: "find-v1"
    backtrace:
      - "/home/runner/workspace/thirdparty/vcpkg/downloads/tools/cmake-4.3.3-linux/cmake-4.3.3-linux-x86_64/share/cmake-4.3/Modules/CMakeFindBinUtils.cmake:243 (find_program)"
      - "/home/runner/workspace/thirdparty/vcpkg/downloads/tools/cmake-4.3.3-linux/cmake-4.3.3-linux-x86_64/share/cmake-4.3/Modules/CMakeDetermineCCompiler.cmake:200 (include)"
      - "CMakeLists.txt:4 (project)"
    mode: "program"
    variable: "CMAKE_NM"
    description: "Path to a program."
    settings:
      SearchFramework: "LAST"
      SearchAppBundle: "LAST"
      CMAKE_FIND_USE_CMAKE_PATH: false
      CMAKE_FIND_USE_CMAKE_ENVIRONMENT_PATH: false
      CMAKE_FIND_USE_SYSTEM_ENVIRONMENT_PATH: true
      CMAKE_FIND_USE_CMAKE_SYSTEM_PATH: true
      CMAKE_FIND_USE_INSTALL_PREFIX: true
    names:
      - "llvm-nm"
      - "nm"
    candidate_directories:
      - "/home/runner/workspace/.ndk-tools/android-ndk-r27c/toolchains/llvm/prebuilt/linux-x86_64/bin/"
      - "/nix/store/0nxvi9r5ymdlr2p24rjj9qzyms72zld1-bash-interactive-5.2p37/bin/"
      - "/nix/store/0flj33q30lmzdjagwjqh964qmiyklww2-patchelf-0.15.0/bin/"
      - "/nix/store/a0d7m3zn9p2dfa1h7ag9h2wzzr2w25sn-gcc-wrapper-14.2.1.20250322/bin/"
      - "/nix/store/6i862vz60awrlsila8vw18rg4d4l66iy-gcc-14.2.1.20250322/bin/"
      - "/nix/store/y2xdxp8r4g92q28am6mbxj44rivnyirl-glibc-2.40-66-bin/bin/"
      - "/nix/store/mp7ba85zcqdj2sqwa29pql02s6nqpcxy-coreutils-9.7/bin/"
      - "/nix/store/2gkh9v7wrzjq6ws312c6z6ajwnjvwcmb-binutils-wrapper-2.44/bin/"
      - "/nix/store/mkvc0lnnpmi604rqsjdlv1pmhr638nbd-binutils-2.44/bin/"
      - "/nix/store/d667kdfbfn17905f7kmdl33r9gvwzaji-pkg-config-wrapper-0.29.2/bin/"
      - "/nix/store/bw1i8r1ilp79xyybr2n633aq3jj1wrrd-llvm-19.1.7-dev/bin/"
      - "/nix/store/c4ibx1x2y2xn21zij6nnpcmnrclp58wq-ncurses-6.5-dev/bin/"
      - "/nix/store/4mys0gv17cn0lrdvlhks0zx27854nmkg-ncurses-6.5/bin/"
      - "/nix/store/161jifxkx05qmjvrz7i6yqjkbs0qibyl-llvm-19.1.7/bin/"
      - "/nix/store/4bb195ym905lzvwnbm86nxz2j625hrv4-clang-wrapper-19.1.7/bin/"
      - "/nix/store/x6rsdc4s0f1j9bn1cx2h1l5fj8765ykw-clang-19.1.7/bin/"
      - "/nix/store/vkxrkqv0kfi51w4ckly1slj62wa5iryp-binutils-wrapper-2.44/bin/"
      - "/nix/store/mrkrlw6g3a7gp9a50dawfzirzhw8945v-ninja-1.12.1/bin/"
      - "/nix/store/29ax4k0a83zhz43lb73cv610d95wdsx1-cmake-3.31.6/bin/"
      - "/nix/store/igfbwifcgda365wl2ldzhrvgp72w19c4-unzip-6.0/bin/"
      - "/nix/store/cpwib3zazj49fm0y04y53w4xkbqsgrgm-mesa-25.0.7/bin/"
      - "/nix/store/3r2184gwq0cjmwf9f819xdm2ggqnjijg-libcap-2.75/bin/"
      - "/nix/store/px08h5pmb6vr98y751ck1gwn0852iqqq-pulseaudio-17.0/bin/"
      - "/nix/store/3gr0qipg80ln2j3wcpafxkp5k2zngrpa-compiler-rt-libc-19.1.7/bin/"
      - "/nix/store/7fjnb79r7p38piiyn5xwgcj5w7fpfi02-findutils-4.10.0/bin/"
      - "/nix/store/1pi99mlqimxmqm1jvllbcaj8v16w2nbv-diffutils-3.12/bin/"
      - "/nix/store/x23s7lcvhf18zz3rj543680jgrj71vil-gnused-4.9/bin/"
      - "/nix/store/8b4vn1iyn6kqiisjvlmv67d1c0p3j6wj-gnugrep-3.11/bin/"
      - "/nix/store/n8825s8qprf8p70m0hq6pz7rvlnsxdjm-gawk-5.3.2/bin/"
      - "/nix/store/7nilh5hvnfbsx3vn020pkjkgx9rgsizb-gnutar-1.35/bin/"
      - "/nix/store/gqpd9ax2s6jjf7mjyv1q7bwbsycyaxic-gzip-1.14/bin/"
      - "/nix/store/28z6bx9sg0lsr7wra22pbjsk6fzfphy4-bzip2-1.0.8-bin/bin/"
      - "/nix/store/8dl5ryfna3hjqhvnkw7srm6wnka6agxl-gnumake-4.4.1/bin/"
      - "/nix/store/ih68ar79msmj0496pgld4r3vqfr7bbin-bash-5.2p37/bin/"
      - "/nix/store/kc8h52p4dfgajrg3qlgx246hl0znr213-patch-2.7.6/bin/"
      - "/nix/store/cmv326slnswzsjm2sqgbz16hzzqvkfjy-xz-5.8.1-bin/bin/"
      - "/nix/store/v5skl3bspzhm2y13vcxcrw8w29g6phi0-file-5.45/bin/"
      - "/nix/store/p7z3r09ci37sz5xzlddlqpgvcvcn764r-pid1/bin/"
      - "/nix/store/kn30pk1h3p7rqxhzl4xl809mcvy55p3k-replit-runtime-path/bin/"
      - "/usr/local/sbin/"
      - "/usr/local/bin/"
      - "/usr/sbin/"
      - "/usr/bin/"
      - "/sbin/"
      - "/bin/"
      - "/home/runner/workspace/thirdparty/vcpkg/downloads/tools/ninja-1.13.2-linux/"
      - "/usr/lib/aarch64-linux-android/28/bin/"
      - "/usr/lib/aarch64-linux-android/28/sbin/"
      - "/usr/lib/aarch64-linux-android/28/"
    found: "/home/runner/workspace/.ndk-tools/android-ndk-r27c/toolchains/llvm/prebuilt/linux-x86_64/bin/llvm-nm"
    search_context:
      CMAKE_PROGRAM_PATH:
        - "/home/runner/workspace/out/build/android-debug/vcpkg_installed/arm64-android/tools"
      CMAKE_PREFIX_PATH:
        - "/home/runner/workspace/out/build/android-debug/vcpkg_installed/arm64-android/debug"
        - "/home/runner/workspace/out/build/android-debug/vcpkg_installed/arm64-android"
        - "/home/runner/workspace/.ndk-tools/android-ndk-r27c/toolchains/llvm/prebuilt/linux-x86_64"
        - "/"
      ENV{PATH}:
        - "/nix/store/0nxvi9r5ymdlr2p24rjj9qzyms72zld1-bash-interactive-5.2p37/bin"
        - "/nix/store/0flj33q30lmzdjagwjqh964qmiyklww2-patchelf-0.15.0/bin"
        - "/nix/store/a0d7m3zn9p2dfa1h7ag9h2wzzr2w25sn-gcc-wrapper-14.2.1.20250322/bin"
        - "/nix/store/6i862vz60awrlsila8vw18rg4d4l66iy-gcc-14.2.1.20250322/bin"
        - "/nix/store/y2xdxp8r4g92q28am6mbxj44rivnyirl-glibc-2.40-66-bin/bin"
        - "/nix/store/mp7ba85zcqdj2sqwa29pql02s6nqpcxy-coreutils-9.7/bin"
        - "/nix/store/2gkh9v7wrzjq6ws312c6z6ajwnjvwcmb-binutils-wrapper-2.44/bin"
        - "/nix/store/mkvc0lnnpmi604rqsjdlv1pmhr638nbd-binutils-2.44/bin"
        - "/nix/store/d667kdfbfn17905f7kmdl33r9gvwzaji-pkg-config-wrapper-0.29.2/bin"
        - "/nix/store/bw1i8r1ilp79xyybr2n633aq3jj1wrrd-llvm-19.1.7-dev/bin"
        - "/nix/store/c4ibx1x2y2xn21zij6nnpcmnrclp58wq-ncurses-6.5-dev/bin"
        - "/nix/store/4mys0gv17cn0lrdvlhks0zx27854nmkg-ncurses-6.5/bin"
        - "/nix/store/161jifxkx05qmjvrz7i6yqjkbs0qibyl-llvm-19.1.7/bin"
        - "/nix/store/4bb195ym905lzvwnbm86nxz2j625hrv4-clang-wrapper-19.1.7/bin"
        - "/nix/store/x6rsdc4s0f1j9bn1cx2h1l5fj8765ykw-clang-19.1.7/bin"
        - "/nix/store/vkxrkqv0kfi51w4ckly1slj62wa5iryp-binutils-wrapper-2.44/bin"
        - "/nix/store/mrkrlw6g3a7gp9a50dawfzirzhw8945v-ninja-1.12.1/bin"
        - "/nix/store/29ax4k0a83zhz43lb73cv610d95wdsx1-cmake-3.31.6/bin"
        - "/nix/store/igfbwifcgda365wl2ldzhrvgp72w19c4-unzip-6.0/bin"
        - "/nix/store/cpwib3zazj49fm0y04y53w4xkbqsgrgm-mesa-25.0.7/bin"
        - "/nix/store/3r2184gwq0cjmwf9f819xdm2ggqnjijg-libcap-2.75/bin"
        - "/nix/store/px08h5pmb6vr98y751ck1gwn0852iqqq-pulseaudio-17.0/bin"
        - "/nix/store/3gr0qipg80ln2j3wcpafxkp5k2zngrpa-compiler-rt-libc-19.1.7/bin"
        - "/nix/store/7fjnb79r7p38piiyn5xwgcj5w7fpfi02-findutils-4.10.0/bin"
        - "/nix/store/1pi99mlqimxmqm1jvllbcaj8v16w2nbv-diffutils-3.12/bin"
        - "/nix/store/x23s7lcvhf18zz3rj543680jgrj71vil-gnused-4.9/bin"
        - "/nix/store/8b4vn1iyn6kqiisjvlmv67d1c0p3j6wj-gnugrep-3.11/bin"
        - "/nix/store/n8825s8qprf8p70m0hq6pz7rvlnsxdjm-gawk-5.3.2/bin"
        - "/nix/store/7nilh5hvnfbsx3vn020pkjkgx9rgsizb-gnutar-1.35/bin"
        - "/nix/store/gqpd9ax2s6jjf7mjyv1q7bwbsycyaxic-gzip-1.14/bin"
        - "/nix/store/28z6bx9sg0lsr7wra22pbjsk6fzfphy4-bzip2-1.0.8-bin/bin"
        - "/nix/store/8dl5ryfna3hjqhvnkw7srm6wnka6agxl-gnumake-4.4.1/bin"
        - "/nix/store/ih68ar79msmj0496pgld4r3vqfr7bbin-bash-5.2p37/bin"
        - "/nix/store/kc8h52p4dfgajrg3qlgx246hl0znr213-patch-2.7.6/bin"
        - "/nix/store/cmv326slnswzsjm2sqgbz16hzzqvkfjy-xz-5.8.1-bin/bin"
        - "/nix/store/v5skl3bspzhm2y13vcxcrw8w29g6phi0-file-5.45/bin"
        - "/nix/store/p7z3r09ci37sz5xzlddlqpgvcvcn764r-pid1/bin"
        - "/nix/store/kn30pk1h3p7rqxhzl4xl809mcvy55p3k-replit-runtime-path/bin"
        - "/usr/local/sbin"
        - "/usr/local/bin"
        - "/usr/sbin"
        - "/usr/bin"
        - "/sbin"
        - "/bin"
        - "/home/runner/workspace/thirdparty/vcpkg/downloads/tools/ninja-1.13.2-linux"
      CMAKE_INSTALL_PREFIX: "/home/runner/workspace/thirdparty/vcpkg/packages/zlib_arm64-android/debug"
      CMAKE_SYSTEM_PREFIX_PATH:
        - "/usr/lib/aarch64-linux-android/28"
      CMAKE_SYSROOT: "/home/runner/workspace/.ndk-tools/android-ndk-r27c/toolchains/llvm/prebuilt/linux-x86_64/sysroot"
      CMAKE_FIND_ROOT_PATH: "/home/runner/workspace/out/build/android-debug/vcpkg_installed/arm64-android/debug;/home/runner/workspace/out/build/android-debug/vcpkg_installed/arm64-android;/home/runner/workspace/.ndk-tools/android-ndk-r27c"
      CMAKE_SYSTEM_IGNORE_PATH:
        - "/home/runner/workspace/.ndk-tools/android-ndk-r27c/toolchains/llvm/prebuilt/linux-x86_64/lib"
        - "/home/runner/workspace/.ndk-tools/android-ndk-r27c/toolchains/llvm/prebuilt/linux-x86_64/lib"
  -
    kind: "find-v1"
    backtrace:
      - "/home/runner/workspace/thirdparty/vcpkg/downloads/tools/cmake-4.3.3-linux/cmake-4.3.3-linux-x86_64/share/cmake-4.3/Modules/CMakeFindBinUtils.cmake:243 (find_program)"
      - "/home/runner/workspace/thirdparty/vcpkg/downloads/tools/cmake-4.3.3-linux/cmake-4.3.3-linux-x86_64/share/cmake-4.3/Modules/CMakeDetermineCCompiler.cmake:200 (include)"
      - "CMakeLists.txt:4 (project)"
    mode: "program"
    variable: "CMAKE_OBJDUMP"
    description: "Path to a program."
    settings:
      SearchFramework: "LAST"
      SearchAppBundle: "LAST"
      CMAKE_FIND_USE_CMAKE_PATH: false
      CMAKE_FIND_USE_CMAKE_ENVIRONMENT_PATH: false
      CMAKE_FIND_USE_SYSTEM_ENVIRONMENT_PATH: true
      CMAKE_FIND_USE_CMAKE_SYSTEM_PATH: true
      CMAKE_FIND_USE_INSTALL_PREFIX: true
    names:
      - "llvm-objdump"
      - "objdump"
    candidate_directories:
      - "/home/runner/workspace/.ndk-tools/android-ndk-r27c/toolchains/llvm/prebuilt/linux-x86_64/bin/"
      - "/nix/store/0nxvi9r5ymdlr2p24rjj9qzyms72zld1-bash-interactive-5.2p37/bin/"
      - "/nix/store/0flj33q30lmzdjagwjqh964qmiyklww2-patchelf-0.15.0/bin/"
      - "/nix/store/a0d7m3zn9p2dfa1h7ag9h2wzzr2w25sn-gcc-wrapper-14.2.1.20250322/bin/"
      - "/nix/store/6i862vz60awrlsila8vw18rg4d4l66iy-gcc-14.2.1.20250322/bin/"
      - "/nix/store/y2xdxp8r4g92q28am6mbxj44rivnyirl-glibc-2.40-66-bin/bin/"
      - "/nix/store/mp7ba85zcqdj2sqwa29pql02s6nqpcxy-coreutils-9.7/bin/"
      - "/nix/store/2gkh9v7wrzjq6ws312c6z6ajwnjvwcmb-binutils-wrapper-2.44/bin/"
      - "/nix/store/mkvc0lnnpmi604rqsjdlv1pmhr638nbd-binutils-2.44/bin/"
      - "/nix/store/d667kdfbfn17905f7kmdl33r9gvwzaji-pkg-config-wrapper-0.29.2/bin/"
      - "/nix/store/bw1i8r1ilp79xyybr2n633aq3jj1wrrd-llvm-19.1.7-dev/bin/"
      - "/nix/store/c4ibx1x2y2xn21zij6nnpcmnrclp58wq-ncurses-6.5-dev/bin/"
      - "/nix/store/4mys0gv17cn0lrdvlhks0zx27854nmkg-ncurses-6.5/bin/"
      - "/nix/store/161jifxkx05qmjvrz7i6yqjkbs0qibyl-llvm-19.1.7/bin/"
      - "/nix/store/4bb195ym905lzvwnbm86nxz2j625hrv4-clang-wrapper-19.1.7/bin/"
      - "/nix/store/x6rsdc4s0f1j9bn1cx2h1l5fj8765ykw-clang-19.1.7/bin/"
      - "/nix/store/vkxrkqv0kfi51w4ckly1slj62wa5iryp-binutils-wrapper-2.44/bin/"
      - "/nix/store/mrkrlw6g3a7gp9a50dawfzirzhw8945v-ninja-1.12.1/bin/"
      - "/nix/store/29ax4k0a83zhz43lb73cv610d95wdsx1-cmake-3.31.6/bin/"
      - "/nix/store/igfbwifcgda365wl2ldzhrvgp72w19c4-unzip-6.0/bin/"
      - "/nix/store/cpwib3zazj49fm0y04y53w4xkbqsgrgm-mesa-25.0.7/bin/"
      - "/nix/store/3r2184gwq0cjmwf9f819xdm2ggqnjijg-libcap-2.75/bin/"
      - "/nix/store/px08h5pmb6vr98y751ck1gwn0852iqqq-pulseaudio-17.0/bin/"
      - "/nix/store/3gr0qipg80ln2j3wcpafxkp5k2zngrpa-compiler-rt-libc-19.1.7/bin/"
      - "/nix/store/7fjnb79r7p38piiyn5xwgcj5w7fpfi02-findutils-4.10.0/bin/"
      - "/nix/store/1pi99mlqimxmqm1jvllbcaj8v16w2nbv-diffutils-3.12/bin/"
      - "/nix/store/x23s7lcvhf18zz3rj543680jgrj71vil-gnused-4.9/bin/"
      - "/nix/store/8b4vn1iyn6kqiisjvlmv67d1c0p3j6wj-gnugrep-3.11/bin/"
      - "/nix/store/n8825s8qprf8p70m0hq6pz7rvlnsxdjm-gawk-5.3.2/bin/"
      - "/nix/store/7nilh5hvnfbsx3vn020pkjkgx9rgsizb-gnutar-1.35/bin/"
      - "/nix/store/gqpd9ax2s6jjf7mjyv1q7bwbsycyaxic-gzip-1.14/bin/"
      - "/nix/store/28z6bx9sg0lsr7wra22pbjsk6fzfphy4-bzip2-1.0.8-bin/bin/"
      - "/nix/store/8dl5ryfna3hjqhvnkw7srm6wnka6agxl-gnumake-4.4.1/bin/"
      - "/nix/store/ih68ar79msmj0496pgld4r3vqfr7bbin-bash-5.2p37/bin/"
      - "/nix/store/kc8h52p4dfgajrg3qlgx246hl0znr213-patch-2.7.6/bin/"
      - "/nix/store/cmv326slnswzsjm2sqgbz16hzzqvkfjy-xz-5.8.1-bin/bin/"
      - "/nix/store/v5skl3bspzhm2y13vcxcrw8w29g6phi0-file-5.45/bin/"
      - "/nix/store/p7z3r09ci37sz5xzlddlqpgvcvcn764r-pid1/bin/"
      - "/nix/store/kn30pk1h3p7rqxhzl4xl809mcvy55p3k-replit-runtime-path/bin/"
      - "/usr/local/sbin/"
      - "/usr/local/bin/"
      - "/usr/sbin/"
      - "/usr/bin/"
      - "/sbin/"
      - "/bin/"
      - "/home/runner/workspace/thirdparty/vcpkg/downloads/tools/ninja-1.13.2-linux/"
      - "/usr/lib/aarch64-linux-android/28/bin/"
      - "/usr/lib/aarch64-linux-android/28/sbin/"
      - "/usr/lib/aarch64-linux-android/28/"
    found: "/home/runner/workspace/.ndk-tools/android-ndk-r27c/toolchains/llvm/prebuilt/linux-x86_64/bin/llvm-objdump"
    search_context:
      CMAKE_PROGRAM_PATH:
        - "/home/runner/workspace/out/build/android-debug/vcpkg_installed/arm64-android/tools"
      CMAKE_PREFIX_PATH:
        - "/home/runner/workspace/out/build/android-debug/vcpkg_installed/arm64-android/debug"
        - "/home/runner/workspace/out/build/android-debug/vcpkg_installed/arm64-android"
        - "/home/runner/workspace/.ndk-tools/android-ndk-r27c/toolchains/llvm/prebuilt/linux-x86_64"
        - "/"
      ENV{PATH}:
        - "/nix/store/0nxvi9r5ymdlr2p24rjj9qzyms72zld1-bash-interactive-5.2p37/bin"
        - "/nix/store/0flj33q30lmzdjagwjqh964qmiyklww2-patchelf-0.15.0/bin"
        - "/nix/store/a0d7m3zn9p2dfa1h7ag9h2wzzr2w25sn-gcc-wrapper-14.2.1.20250322/bin"
        - "/nix/store/6i862vz60awrlsila8vw18rg4d4l66iy-gcc-14.2.1.20250322/bin"
        - "/nix/store/y2xdxp8r4g92q28am6mbxj44rivnyirl-glibc-2.40-66-bin/bin"
        - "/nix/store/mp7ba85zcqdj2sqwa29pql02s6nqpcxy-coreutils-9.7/bin"
        - "/nix/store/2gkh9v7wrzjq6ws312c6z6ajwnjvwcmb-binutils-wrapper-2.44/bin"
        - "/nix/store/mkvc0lnnpmi604rqsjdlv1pmhr638nbd-binutils-2.44/bin"
        - "/nix/store/d667kdfbfn17905f7kmdl33r9gvwzaji-pkg-config-wrapper-0.29.2/bin"
        - "/nix/store/bw1i8r1ilp79xyybr2n633aq3jj1wrrd-llvm-19.1.7-dev/bin"
        - "/nix/store/c4ibx1x2y2xn21zij6nnpcmnrclp58wq-ncurses-6.5-dev/bin"
        - "/nix/store/4mys0gv17cn0lrdvlhks0zx27854nmkg-ncurses-6.5/bin"
        - "/nix/store/161jifxkx05qmjvrz7i6yqjkbs0qibyl-llvm-19.1.7/bin"
        - "/nix/store/4bb195ym905lzvwnbm86nxz2j625hrv4-clang-wrapper-19.1.7/bin"
        - "/nix/store/x6rsdc4s0f1j9bn1cx2h1l5fj8765ykw-clang-19.1.7/bin"
        - "/nix/store/vkxrkqv0kfi51w4ckly1slj62wa5iryp-binutils-wrapper-2.44/bin"
        - "/nix/store/mrkrlw6g3a7gp9a50dawfzirzhw8945v-ninja-1.12.1/bin"
        - "/nix/store/29ax4k0a83zhz43lb73cv610d95wdsx1-cmake-3.31.6/bin"
        - "/nix/store/igfbwifcgda365wl2ldzhrvgp72w19c4-unzip-6.0/bin"
        - "/nix/store/cpwib3zazj49fm0y04y53w4xkbqsgrgm-mesa-25.0.7/bin"
        - "/nix/store/3r2184gwq0cjmwf9f819xdm2ggqnjijg-libcap-2.75/bin"
        - "/nix/store/px08h5pmb6vr98y751ck1gwn0852iqqq-pulseaudio-17.0/bin"
        - "/nix/store/3gr0qipg80ln2j3wcpafxkp5k2zngrpa-compiler-rt-libc-19.1.7/bin"
        - "/nix/store/7fjnb79r7p38piiyn5xwgcj5w7fpfi02-findutils-4.10.0/bin"
        - "/nix/store/1pi99mlqimxmqm1jvllbcaj8v16w2nbv-diffutils-3.12/bin"
        - "/nix/store/x23s7lcvhf18zz3rj543680jgrj71vil-gnused-4.9/bin"
        - "/nix/store/8b4vn1iyn6kqiisjvlmv67d1c0p3j6wj-gnugrep-3.11/bin"
        - "/nix/store/n8825s8qprf8p70m0hq6pz7rvlnsxdjm-gawk-5.3.2/bin"
        - "/nix/store/7nilh5hvnfbsx3vn020pkjkgx9rgsizb-gnutar-1.35/bin"
        - "/nix/store/gqpd9ax2s6jjf7mjyv1q7bwbsycyaxic-gzip-1.14/bin"
        - "/nix/store/28z6bx9sg0lsr7wra22pbjsk6fzfphy4-bzip2-1.0.8-bin/bin"
        - "/nix/store/8dl5ryfna3hjqhvnkw7srm6wnka6agxl-gnumake-4.4.1/bin"
        - "/nix/store/ih68ar79msmj0496pgld4r3vqfr7bbin-bash-5.2p37/bin"
        - "/nix/store/kc8h52p4dfgajrg3qlgx246hl0znr213-patch-2.7.6/bin"
        - "/nix/store/cmv326slnswzsjm2sqgbz16hzzqvkfjy-xz-5.8.1-bin/bin"
        - "/nix/store/v5skl3bspzhm2y13vcxcrw8w29g6phi0-file-5.45/bin"
        - "/nix/store/p7z3r09ci37sz5xzlddlqpgvcvcn764r-pid1/bin"
        - "/nix/store/kn30pk1h3p7rqxhzl4xl809mcvy55p3k-replit-runtime-path/bin"
        - "/usr/local/sbin"
        - "/usr/local/bin"
        - "/usr/sbin"
        - "/usr/bin"
        - "/sbin"
        - "/bin"
        - "/home/runner/workspace/thirdparty/vcpkg/downloads/tools/ninja-1.13.2-linux"
      CMAKE_INSTALL_PREFIX: "/home/runner/workspace/thirdparty/vcpkg/packages/zlib_arm64-android/debug"
      CMAKE_SYSTEM_PREFIX_PATH:
        - "/usr/lib/aarch64-linux-android/28"
      CMAKE_SYSROOT: "/home/runner/workspace/.ndk-tools/android-ndk-r27c/toolchains/llvm/prebuilt/linux-x86_64/sysroot"
      CMAKE_FIND_ROOT_PATH: "/home/runner/workspace/out/build/android-debug/vcpkg_installed/arm64-android/debug;/home/runner/workspace/out/build/android-debug/vcpkg_installed/arm64-android;/home/runner/workspace/.ndk-tools/android-ndk-r27c"
      CMAKE_SYSTEM_IGNORE_PATH:
        - "/home/runner/workspace/.ndk-tools/android-ndk-r27c/toolchains/llvm/prebuilt/linux-x86_64/lib"
        - "/home/runner/workspace/.ndk-tools/android-ndk-r27c/toolchains/llvm/prebuilt/linux-x86_64/lib"
  -
    kind: "find-v1"
    backtrace:
      - "/home/runner/workspace/thirdparty/vcpkg/downloads/tools/cmake-4.3.3-linux/cmake-4.3.3-linux-x86_64/share/cmake-4.3/Modules/CMakeFindBinUtils.cmake:243 (find_program)"
      - "/home/runner/workspace/thirdparty/vcpkg/downloads/tools/cmake-4.3.3-linux/cmake-4.3.3-linux-x86_64/share/cmake-4.3/Modules/CMakeDetermineCCompiler.cmake:200 (include)"
      - "CMakeLists.txt:4 (project)"
    mode: "program"
    variable: "CMAKE_OBJCOPY"
    description: "Path to a program."
    settings:
      SearchFramework: "LAST"
      SearchAppBundle: "LAST"
      CMAKE_FIND_USE_CMAKE_PATH: false
      CMAKE_FIND_USE_CMAKE_ENVIRONMENT_PATH: false
      CMAKE_FIND_USE_SYSTEM_ENVIRONMENT_PATH: true
      CMAKE_FIND_USE_CMAKE_SYSTEM_PATH: true
      CMAKE_FIND_USE_INSTALL_PREFIX: true
    names:
      - "llvm-objcopy"
      - "objcopy"
    candidate_directories:
      - "/home/runner/workspace/.ndk-tools/android-ndk-r27c/toolchains/llvm/prebuilt/linux-x86_64/bin/"
      - "/nix/store/0nxvi9r5ymdlr2p24rjj9qzyms72zld1-bash-interactive-5.2p37/bin/"
      - "/nix/store/0flj33q30lmzdjagwjqh964qmiyklww2-patchelf-0.15.0/bin/"
      - "/nix/store/a0d7m3zn9p2dfa1h7ag9h2wzzr2w25sn-gcc-wrapper-14.2.1.20250322/bin/"
      - "/nix/store/6i862vz60awrlsila8vw18rg4d4l66iy-gcc-14.2.1.20250322/bin/"
      - "/nix/store/y2xdxp8r4g92q28am6mbxj44rivnyirl-glibc-2.40-66-bin/bin/"
      - "/nix/store/mp7ba85zcqdj2sqwa29pql02s6nqpcxy-coreutils-9.7/bin/"
      - "/nix/store/2gkh9v7wrzjq6ws312c6z6ajwnjvwcmb-binutils-wrapper-2.44/bin/"
      - "/nix/store/mkvc0lnnpmi604rqsjdlv1pmhr638nbd-binutils-2.44/bin/"
      - "/nix/store/d667kdfbfn17905f7kmdl33r9gvwzaji-pkg-config-wrapper-0.29.2/bin/"
      - "/nix/store/bw1i8r1ilp79xyybr2n633aq3jj1wrrd-llvm-19.1.7-dev/bin/"
      - "/nix/store/c4ibx1x2y2xn21zij6nnpcmnrclp58wq-ncurses-6.5-dev/bin/"
      - "/nix/store/4mys0gv17cn0lrdvlhks0zx27854nmkg-ncurses-6.5/bin/"
      - "/nix/store/161jifxkx05qmjvrz7i6yqjkbs0qibyl-llvm-19.1.7/bin/"
      - "/nix/store/4bb195ym905lzvwnbm86nxz2j625hrv4-clang-wrapper-19.1.7/bin/"
      - "/nix/store/x6rsdc4s0f1j9bn1cx2h1l5fj8765ykw-clang-19.1.7/bin/"
      - "/nix/store/vkxrkqv0kfi51w4ckly1slj62wa5iryp-binutils-wrapper-2.44/bin/"
      - "/nix/store/mrkrlw6g3a7gp9a50dawfzirzhw8945v-ninja-1.12.1/bin/"
      - "/nix/store/29ax4k0a83zhz43lb73cv610d95wdsx1-cmake-3.31.6/bin/"
      - "/nix/store/igfbwifcgda365wl2ldzhrvgp72w19c4-unzip-6.0/bin/"
      - "/nix/store/cpwib3zazj49fm0y04y53w4xkbqsgrgm-mesa-25.0.7/bin/"
      - "/nix/store/3r2184gwq0cjmwf9f819xdm2ggqnjijg-libcap-2.75/bin/"
      - "/nix/store/px08h5pmb6vr98y751ck1gwn0852iqqq-pulseaudio-17.0/bin/"
      - "/nix/store/3gr0qipg80ln2j3wcpafxkp5k2zngrpa-compiler-rt-libc-19.1.7/bin/"
      - "/nix/store/7fjnb79r7p38piiyn5xwgcj5w7fpfi02-findutils-4.10.0/bin/"
      - "/nix/store/1pi99mlqimxmqm1jvllbcaj8v16w2nbv-diffutils-3.12/bin/"
      - "/nix/store/x23s7lcvhf18zz3rj543680jgrj71vil-gnused-4.9/bin/"
      - "/nix/store/8b4vn1iyn6kqiisjvlmv67d1c0p3j6wj-gnugrep-3.11/bin/"
      - "/nix/store/n8825s8qprf8p70m0hq6pz7rvlnsxdjm-gawk-5.3.2/bin/"
      - "/nix/store/7nilh5hvnfbsx3vn020pkjkgx9rgsizb-gnutar-1.35/bin/"
      - "/nix/store/gqpd9ax2s6jjf7mjyv1q7bwbsycyaxic-gzip-1.14/bin/"
      - "/nix/store/28z6bx9sg0lsr7wra22pbjsk6fzfphy4-bzip2-1.0.8-bin/bin/"
      - "/nix/store/8dl5ryfna3hjqhvnkw7srm6wnka6agxl-gnumake-4.4.1/bin/"
      - "/nix/store/ih68ar79msmj0496pgld4r3vqfr7bbin-bash-5.2p37/bin/"
      - "/nix/store/kc8h52p4dfgajrg3qlgx246hl0znr213-patch-2.7.6/bin/"
      - "/nix/store/cmv326slnswzsjm2sqgbz16hzzqvkfjy-xz-5.8.1-bin/bin/"
      - "/nix/store/v5skl3bspzhm2y13vcxcrw8w29g6phi0-file-5.45/bin/"
      - "/nix/store/p7z3r09ci37sz5xzlddlqpgvcvcn764r-pid1/bin/"
      - "/nix/store/kn30pk1h3p7rqxhzl4xl809mcvy55p3k-replit-runtime-path/bin/"
      - "/usr/local/sbin/"
      - "/usr/local/bin/"
      - "/usr/sbin/"
      - "/usr/bin/"
      - "/sbin/"
      - "/bin/"
      - "/home/runner/workspace/thirdparty/vcpkg/downloads/tools/ninja-1.13.2-linux/"
      - "/usr/lib/aarch64-linux-android/28/bin/"
      - "/usr/lib/aarch64-linux-android/28/sbin/"
      - "/usr/lib/aarch64-linux-android/28/"
    found: "/home/runner/workspace/.ndk-tools/android-ndk-r27c/toolchains/llvm/prebuilt/linux-x86_64/bin/llvm-objcopy"
    search_context:
      CMAKE_PROGRAM_PATH:
        - "/home/runner/workspace/out/build/android-debug/vcpkg_installed/arm64-android/tools"
      CMAKE_PREFIX_PATH:
        - "/home/runner/workspace/out/build/android-debug/vcpkg_installed/arm64-android/debug"
        - "/home/runner/workspace/out/build/android-debug/vcpkg_installed/arm64-android"
        - "/home/runner/workspace/.ndk-tools/android-ndk-r27c/toolchains/llvm/prebuilt/linux-x86_64"
        - "/"
      ENV{PATH}:
        - "/nix/store/0nxvi9r5ymdlr2p24rjj9qzyms72zld1-bash-interactive-5.2p37/bin"
        - "/nix/store/0flj33q30lmzdjagwjqh964qmiyklww2-patchelf-0.15.0/bin"
        - "/nix/store/a0d7m3zn9p2dfa1h7ag9h2wzzr2w25sn-gcc-wrapper-14.2.1.20250322/bin"
        - "/nix/store/6i862vz60awrlsila8vw18rg4d4l66iy-gcc-14.2.1.20250322/bin"
        - "/nix/store/y2xdxp8r4g92q28am6mbxj44rivnyirl-glibc-2.40-66-bin/bin"
        - "/nix/store/mp7ba85zcqdj2sqwa29pql02s6nqpcxy-coreutils-9.7/bin"
        - "/nix/store/2gkh9v7wrzjq6ws312c6z6ajwnjvwcmb-binutils-wrapper-2.44/bin"
        - "/nix/store/mkvc0lnnpmi604rqsjdlv1pmhr638nbd-binutils-2.44/bin"
        - "/nix/store/d667kdfbfn17905f7kmdl33r9gvwzaji-pkg-config-wrapper-0.29.2/bin"
        - "/nix/store/bw1i8r1ilp79xyybr2n633aq3jj1wrrd-llvm-19.1.7-dev/bin"
        - "/nix/store/c4ibx1x2y2xn21zij6nnpcmnrclp58wq-ncurses-6.5-dev/bin"
        - "/nix/store/4mys0gv17cn0lrdvlhks0zx27854nmkg-ncurses-6.5/bin"
        - "/nix/store/161jifxkx05qmjvrz7i6yqjkbs0qibyl-llvm-19.1.7/bin"
        - "/nix/store/4bb195ym905lzvwnbm86nxz2j625hrv4-clang-wrapper-19.1.7/bin"
        - "/nix/store/x6rsdc4s0f1j9bn1cx2h1l5fj8765ykw-clang-19.1.7/bin"
        - "/nix/store/vkxrkqv0kfi51w4ckly1slj62wa5iryp-binutils-wrapper-2.44/bin"
        - "/nix/store/mrkrlw6g3a7gp9a50dawfzirzhw8945v-ninja-1.12.1/bin"
        - "/nix/store/29ax4k0a83zhz43lb73cv610d95wdsx1-cmake-3.31.6/bin"
        - "/nix/store/igfbwifcgda365wl2ldzhrvgp72w19c4-unzip-6.0/bin"
        - "/nix/store/cpwib3zazj49fm0y04y53w4xkbqsgrgm-mesa-25.0.7/bin"
        - "/nix/store/3r2184gwq0cjmwf9f819xdm2ggqnjijg-libcap-2.75/bin"
        - "/nix/store/px08h5pmb6vr98y751ck1gwn0852iqqq-pulseaudio-17.0/bin"
        - "/nix/store/3gr0qipg80ln2j3wcpafxkp5k2zngrpa-compiler-rt-libc-19.1.7/bin"
        - "/nix/store/7fjnb79r7p38piiyn5xwgcj5w7fpfi02-findutils-4.10.0/bin"
        - "/nix/store/1pi99mlqimxmqm1jvllbcaj8v16w2nbv-diffutils-3.12/bin"
        - "/nix/store/x23s7lcvhf18zz3rj543680jgrj71vil-gnused-4.9/bin"
        - "/nix/store/8b4vn1iyn6kqiisjvlmv67d1c0p3j6wj-gnugrep-3.11/bin"
        - "/nix/store/n8825s8qprf8p70m0hq6pz7rvlnsxdjm-gawk-5.3.2/bin"
        - "/nix/store/7nilh5hvnfbsx3vn020pkjkgx9rgsizb-gnutar-1.35/bin"
        - "/nix/store/gqpd9ax2s6jjf7mjyv1q7bwbsycyaxic-gzip-1.14/bin"
        - "/nix/store/28z6bx9sg0lsr7wra22pbjsk6fzfphy4-bzip2-1.0.8-bin/bin"
        - "/nix/store/8dl5ryfna3hjqhvnkw7srm6wnka6agxl-gnumake-4.4.1/bin"
        - "/nix/store/ih68ar79msmj0496pgld4r3vqfr7bbin-bash-5.2p37/bin"
        - "/nix/store/kc8h52p4dfgajrg3qlgx246hl0znr213-patch-2.7.6/bin"
        - "/nix/store/cmv326slnswzsjm2sqgbz16hzzqvkfjy-xz-5.8.1-bin/bin"
        - "/nix/store/v5skl3bspzhm2y13vcxcrw8w29g6phi0-file-5.45/bin"
        - "/nix/store/p7z3r09ci37sz5xzlddlqpgvcvcn764r-pid1/bin"
        - "/nix/store/kn30pk1h3p7rqxhzl4xl809mcvy55p3k-replit-runtime-path/bin"
        - "/usr/local/sbin"
        - "/usr/local/bin"
        - "/usr/sbin"
        - "/usr/bin"
        - "/sbin"
        - "/bin"
        - "/home/runner/workspace/thirdparty/vcpkg/downloads/tools/ninja-1.13.2-linux"
      CMAKE_INSTALL_PREFIX: "/home/runner/workspace/thirdparty/vcpkg/packages/zlib_arm64-android/debug"
      CMAKE_SYSTEM_PREFIX_PATH:
        - "/usr/lib/aarch64-linux-android/28"
      CMAKE_SYSROOT: "/home/runner/workspace/.ndk-tools/android-ndk-r27c/toolchains/llvm/prebuilt/linux-x86_64/sysroot"
      CMAKE_FIND_ROOT_PATH: "/home/runner/workspace/out/build/android-debug/vcpkg_installed/arm64-android/debug;/home/runner/workspace/out/build/android-debug/vcpkg_installed/arm64-android;/home/runner/workspace/.ndk-tools/android-ndk-r27c"
      CMAKE_SYSTEM_IGNORE_PATH:
        - "/home/runner/workspace/.ndk-tools/android-ndk-r27c/toolchains/llvm/prebuilt/linux-x86_64/lib"
        - "/home/runner/workspace/.ndk-tools/android-ndk-r27c/toolchains/llvm/prebuilt/linux-x86_64/lib"
  -
    kind: "find-v1"
    backtrace:
      - "/home/runner/workspace/thirdparty/vcpkg/downloads/tools/cmake-4.3.3-linux/cmake-4.3.3-linux-x86_64/share/cmake-4.3/Modules/CMakeFindBinUtils.cmake:243 (find_program)"
      - "/home/runner/workspace/thirdparty/vcpkg/downloads/tools/cmake-4.3.3-linux/cmake-4.3.3-linux-x86_64/share/cmake-4.3/Modules/CMakeDetermineCCompiler.cmake:200 (include)"
      - "CMakeLists.txt:4 (project)"
    mode: "program"
    variable: "CMAKE_READELF"
    description: "Path to a program."
    settings:
      SearchFramework: "LAST"
      SearchAppBundle: "LAST"
      CMAKE_FIND_USE_CMAKE_PATH: false
      CMAKE_FIND_USE_CMAKE_ENVIRONMENT_PATH: false
      CMAKE_FIND_USE_SYSTEM_ENVIRONMENT_PATH: true
      CMAKE_FIND_USE_CMAKE_SYSTEM_PATH: true
      CMAKE_FIND_USE_INSTALL_PREFIX: true
    names:
      - "llvm-readelf"
      - "readelf"
    candidate_directories:
      - "/home/runner/workspace/.ndk-tools/android-ndk-r27c/toolchains/llvm/prebuilt/linux-x86_64/bin/"
      - "/nix/store/0nxvi9r5ymdlr2p24rjj9qzyms72zld1-bash-interactive-5.2p37/bin/"
      - "/nix/store/0flj33q30lmzdjagwjqh964qmiyklww2-patchelf-0.15.0/bin/"
      - "/nix/store/a0d7m3zn9p2dfa1h7ag9h2wzzr2w25sn-gcc-wrapper-14.2.1.20250322/bin/"
      - "/nix/store/6i862vz60awrlsila8vw18rg4d4l66iy-gcc-14.2.1.20250322/bin/"
      - "/nix/store/y2xdxp8r4g92q28am6mbxj44rivnyirl-glibc-2.40-66-bin/bin/"
      - "/nix/store/mp7ba85zcqdj2sqwa29pql02s6nqpcxy-coreutils-9.7/bin/"
      - "/nix/store/2gkh9v7wrzjq6ws312c6z6ajwnjvwcmb-binutils-wrapper-2.44/bin/"
      - "/nix/store/mkvc0lnnpmi604rqsjdlv1pmhr638nbd-binutils-2.44/bin/"
      - "/nix/store/d667kdfbfn17905f7kmdl33r9gvwzaji-pkg-config-wrapper-0.29.2/bin/"
      - "/nix/store/bw1i8r1ilp79xyybr2n633aq3jj1wrrd-llvm-19.1.7-dev/bin/"
      - "/nix/store/c4ibx1x2y2xn21zij6nnpcmnrclp58wq-ncurses-6.5-dev/bin/"
      - "/nix/store/4mys0gv17cn0lrdvlhks0zx27854nmkg-ncurses-6.5/bin/"
      - "/nix/store/161jifxkx05qmjvrz7i6yqjkbs0qibyl-llvm-19.1.7/bin/"
      - "/nix/store/4bb195ym905lzvwnbm86nxz2j625hrv4-clang-wrapper-19.1.7/bin/"
      - "/nix/store/x6rsdc4s0f1j9bn1cx2h1l5fj8765ykw-clang-19.1.7/bin/"
      - "/nix/store/vkxrkqv0kfi51w4ckly1slj62wa5iryp-binutils-wrapper-2.44/bin/"
      - "/nix/store/mrkrlw6g3a7gp9a50dawfzirzhw8945v-ninja-1.12.1/bin/"
      - "/nix/store/29ax4k0a83zhz43lb73cv610d95wdsx1-cmake-3.31.6/bin/"
      - "/nix/store/igfbwifcgda365wl2ldzhrvgp72w19c4-unzip-6.0/bin/"
      - "/nix/store/cpwib3zazj49fm0y04y53w4xkbqsgrgm-mesa-25.0.7/bin/"
      - "/nix/store/3r2184gwq0cjmwf9f819xdm2ggqnjijg-libcap-2.75/bin/"
      - "/nix/store/px08h5pmb6vr98y751ck1gwn0852iqqq-pulseaudio-17.0/bin/"
      - "/nix/store/3gr0qipg80ln2j3wcpafxkp5k2zngrpa-compiler-rt-libc-19.1.7/bin/"
      - "/nix/store/7fjnb79r7p38piiyn5xwgcj5w7fpfi02-findutils-4.10.0/bin/"
      - "/nix/store/1pi99mlqimxmqm1jvllbcaj8v16w2nbv-diffutils-3.12/bin/"
      - "/nix/store/x23s7lcvhf18zz3rj543680jgrj71vil-gnused-4.9/bin/"
      - "/nix/store/8b4vn1iyn6kqiisjvlmv67d1c0p3j6wj-gnugrep-3.11/bin/"
      - "/nix/store/n8825s8qprf8p70m0hq6pz7rvlnsxdjm-gawk-5.3.2/bin/"
      - "/nix/store/7nilh5hvnfbsx3vn020pkjkgx9rgsizb-gnutar-1.35/bin/"
      - "/nix/store/gqpd9ax2s6jjf7mjyv1q7bwbsycyaxic-gzip-1.14/bin/"
      - "/nix/store/28z6bx9sg0lsr7wra22pbjsk6fzfphy4-bzip2-1.0.8-bin/bin/"
      - "/nix/store/8dl5ryfna3hjqhvnkw7srm6wnka6agxl-gnumake-4.4.1/bin/"
      - "/nix/store/ih68ar79msmj0496pgld4r3vqfr7bbin-bash-5.2p37/bin/"
      - "/nix/store/kc8h52p4dfgajrg3qlgx246hl0znr213-patch-2.7.6/bin/"
      - "/nix/store/cmv326slnswzsjm2sqgbz16hzzqvkfjy-xz-5.8.1-bin/bin/"
      - "/nix/store/v5skl3bspzhm2y13vcxcrw8w29g6phi0-file-5.45/bin/"
      - "/nix/store/p7z3r09ci37sz5xzlddlqpgvcvcn764r-pid1/bin/"
      - "/nix/store/kn30pk1h3p7rqxhzl4xl809mcvy55p3k-replit-runtime-path/bin/"
      - "/usr/local/sbin/"
      - "/usr/local/bin/"
      - "/usr/sbin/"
      - "/usr/bin/"
      - "/sbin/"
      - "/bin/"
      - "/home/runner/workspace/thirdparty/vcpkg/downloads/tools/ninja-1.13.2-linux/"
      - "/usr/lib/aarch64-linux-android/28/bin/"
      - "/usr/lib/aarch64-linux-android/28/sbin/"
      - "/usr/lib/aarch64-linux-android/28/"
    found: "/home/runner/workspace/.ndk-tools/android-ndk-r27c/toolchains/llvm/prebuilt/linux-x86_64/bin/llvm-readelf"
    search_context:
      CMAKE_PROGRAM_PATH:
        - "/home/runner/workspace/out/build/android-debug/vcpkg_installed/arm64-android/tools"
      CMAKE_PREFIX_PATH:
        - "/home/runner/workspace/out/build/android-debug/vcpkg_installed/arm64-android/debug"
        - "/home/runner/workspace/out/build/android-debug/vcpkg_installed/arm64-android"
        - "/home/runner/workspace/.ndk-tools/android-ndk-r27c/toolchains/llvm/prebuilt/linux-x86_64"
        - "/"
      ENV{PATH}:
        - "/nix/store/0nxvi9r5ymdlr2p24rjj9qzyms72zld1-bash-interactive-5.2p37/bin"
        - "/nix/store/0flj33q30lmzdjagwjqh964qmiyklww2-patchelf-0.15.0/bin"
        - "/nix/store/a0d7m3zn9p2dfa1h7ag9h2wzzr2w25sn-gcc-wrapper-14.2.1.20250322/bin"
        - "/nix/store/6i862vz60awrlsila8vw18rg4d4l66iy-gcc-14.2.1.20250322/bin"
        - "/nix/store/y2xdxp8r4g92q28am6mbxj44rivnyirl-glibc-2.40-66-bin/bin"
        - "/nix/store/mp7ba85zcqdj2sqwa29pql02s6nqpcxy-coreutils-9.7/bin"
        - "/nix/store/2gkh9v7wrzjq6ws312c6z6ajwnjvwcmb-binutils-wrapper-2.44/bin"
        - "/nix/store/mkvc0lnnpmi604rqsjdlv1pmhr638nbd-binutils-2.44/bin"
        - "/nix/store/d667kdfbfn17905f7kmdl33r9gvwzaji-pkg-config-wrapper-0.29.2/bin"
        - "/nix/store/bw1i8r1ilp79xyybr2n633aq3jj1wrrd-llvm-19.1.7-dev/bin"
        - "/nix/store/c4ibx1x2y2xn21zij6nnpcmnrclp58wq-ncurses-6.5-dev/bin"
        - "/nix/store/4mys0gv17cn0lrdvlhks0zx27854nmkg-ncurses-6.5/bin"
        - "/nix/store/161jifxkx05qmjvrz7i6yqjkbs0qibyl-llvm-19.1.7/bin"
        - "/nix/store/4bb195ym905lzvwnbm86nxz2j625hrv4-clang-wrapper-19.1.7/bin"
        - "/nix/store/x6rsdc4s0f1j9bn1cx2h1l5fj8765ykw-clang-19.1.7/bin"
        - "/nix/store/vkxrkqv0kfi51w4ckly1slj62wa5iryp-binutils-wrapper-2.44/bin"
        - "/nix/store/mrkrlw6g3a7gp9a50dawfzirzhw8945v-ninja-1.12.1/bin"
        - "/nix/store/29ax4k0a83zhz43lb73cv610d95wdsx1-cmake-3.31.6/bin"
        - "/nix/store/igfbwifcgda365wl2ldzhrvgp72w19c4-unzip-6.0/bin"
        - "/nix/store/cpwib3zazj49fm0y04y53w4xkbqsgrgm-mesa-25.0.7/bin"
        - "/nix/store/3r2184gwq0cjmwf9f819xdm2ggqnjijg-libcap-2.75/bin"
        - "/nix/store/px08h5pmb6vr98y751ck1gwn0852iqqq-pulseaudio-17.0/bin"
        - "/nix/store/3gr0qipg80ln2j3wcpafxkp5k2zngrpa-compiler-rt-libc-19.1.7/bin"
        - "/nix/store/7fjnb79r7p38piiyn5xwgcj5w7fpfi02-findutils-4.10.0/bin"
        - "/nix/store/1pi99mlqimxmqm1jvllbcaj8v16w2nbv-diffutils-3.12/bin"
        - "/nix/store/x23s7lcvhf18zz3rj543680jgrj71vil-gnused-4.9/bin"
        - "/nix/store/8b4vn1iyn6kqiisjvlmv67d1c0p3j6wj-gnugrep-3.11/bin"
        - "/nix/store/n8825s8qprf8p70m0hq6pz7rvlnsxdjm-gawk-5.3.2/bin"
        - "/nix/store/7nilh5hvnfbsx3vn020pkjkgx9rgsizb-gnutar-1.35/bin"
        - "/nix/store/gqpd9ax2s6jjf7mjyv1q7bwbsycyaxic-gzip-1.14/bin"
        - "/nix/store/28z6bx9sg0lsr7wra22pbjsk6fzfphy4-bzip2-1.0.8-bin/bin"
        - "/nix/store/8dl5ryfna3hjqhvnkw7srm6wnka6agxl-gnumake-4.4.1/bin"
        - "/nix/store/ih68ar79msmj0496pgld4r3vqfr7bbin-bash-5.2p37/bin"
        - "/nix/store/kc8h52p4dfgajrg3qlgx246hl0znr213-patch-2.7.6/bin"
        - "/nix/store/cmv326slnswzsjm2sqgbz16hzzqvkfjy-xz-5.8.1-bin/bin"
        - "/nix/store/v5skl3bspzhm2y13vcxcrw8w29g6phi0-file-5.45/bin"
        - "/nix/store/p7z3r09ci37sz5xzlddlqpgvcvcn764r-pid1/bin"
        - "/nix/store/kn30pk1h3p7rqxhzl4xl809mcvy55p3k-replit-runtime-path/bin"
        - "/usr/local/sbin"
        - "/usr/local/bin"
        - "/usr/sbin"
        - "/usr/bin"
        - "/sbin"
        - "/bin"
        - "/home/runner/workspace/thirdparty/vcpkg/downloads/tools/ninja-1.13.2-linux"
      CMAKE_INSTALL_PREFIX: "/home/runner/workspace/thirdparty/vcpkg/packages/zlib_arm64-android/debug"
      CMAKE_SYSTEM_PREFIX_PATH:
        - "/usr/lib/aarch64-linux-android/28"
      CMAKE_SYSROOT: "/home/runner/workspace/.ndk-tools/android-ndk-r27c/toolchains/llvm/prebuilt/linux-x86_64/sysroot"
      CMAKE_FIND_ROOT_PATH: "/home/runner/workspace/out/build/android-debug/vcpkg_installed/arm64-android/debug;/home/runner/workspace/out/build/android-debug/vcpkg_installed/arm64-android;/home/runner/workspace/.ndk-tools/android-ndk-r27c"
      CMAKE_SYSTEM_IGNORE_PATH:
        - "/home/runner/workspace/.ndk-tools/android-ndk-r27c/toolchains/llvm/prebuilt/linux-x86_64/lib"
        - "/home/runner/workspace/.ndk-tools/android-ndk-r27c/toolchains/llvm/prebuilt/linux-x86_64/lib"
  -
    kind: "find-v1"
    backtrace:
      - "/home/runner/workspace/thirdparty/vcpkg/downloads/tools/cmake-4.3.3-linux/cmake-4.3.3-linux-x86_64/share/cmake-4.3/Modules/CMakeFindBinUtils.cmake:243 (find_program)"
      - "/home/runner/workspace/thirdparty/vcpkg/downloads/tools/cmake-4.3.3-linux/cmake-4.3.3-linux-x86_64/share/cmake-4.3/Modules/CMakeDetermineCCompiler.cmake:200 (include)"
      - "CMakeLists.txt:4 (project)"
    mode: "program"
    variable: "CMAKE_DLLTOOL"
    description: "Path to a program."
    settings:
      SearchFramework: "LAST"
      SearchAppBundle: "LAST"
      CMAKE_FIND_USE_CMAKE_PATH: false
      CMAKE_FIND_USE_CMAKE_ENVIRONMENT_PATH: false
      CMAKE_FIND_USE_SYSTEM_ENVIRONMENT_PATH: true
      CMAKE_FIND_USE_CMAKE_SYSTEM_PATH: true
      CMAKE_FIND_USE_INSTALL_PREFIX: true
    names:
      - "llvm-dlltool"
      - "dlltool"
    candidate_directories:
      - "/home/runner/workspace/.ndk-tools/android-ndk-r27c/toolchains/llvm/prebuilt/linux-x86_64/bin/"
      - "/nix/store/0nxvi9r5ymdlr2p24rjj9qzyms72zld1-bash-interactive-5.2p37/bin/"
      - "/nix/store/0flj33q30lmzdjagwjqh964qmiyklww2-patchelf-0.15.0/bin/"
      - "/nix/store/a0d7m3zn9p2dfa1h7ag9h2wzzr2w25sn-gcc-wrapper-14.2.1.20250322/bin/"
      - "/nix/store/6i862vz60awrlsila8vw18rg4d4l66iy-gcc-14.2.1.20250322/bin/"
      - "/nix/store/y2xdxp8r4g92q28am6mbxj44rivnyirl-glibc-2.40-66-bin/bin/"
      - "/nix/store/mp7ba85zcqdj2sqwa29pql02s6nqpcxy-coreutils-9.7/bin/"
      - "/nix/store/2gkh9v7wrzjq6ws312c6z6ajwnjvwcmb-binutils-wrapper-2.44/bin/"
      - "/nix/store/mkvc0lnnpmi604rqsjdlv1pmhr638nbd-binutils-2.44/bin/"
      - "/nix/store/d667kdfbfn17905f7kmdl33r9gvwzaji-pkg-config-wrapper-0.29.2/bin/"
      - "/nix/store/bw1i8r1ilp79xyybr2n633aq3jj1wrrd-llvm-19.1.7-dev/bin/"
      - "/nix/store/c4ibx1x2y2xn21zij6nnpcmnrclp58wq-ncurses-6.5-dev/bin/"
      - "/nix/store/4mys0gv17cn0lrdvlhks0zx27854nmkg-ncurses-6.5/bin/"
      - "/nix/store/161jifxkx05qmjvrz7i6yqjkbs0qibyl-llvm-19.1.7/bin/"
      - "/nix/store/4bb195ym905lzvwnbm86nxz2j625hrv4-clang-wrapper-19.1.7/bin/"
      - "/nix/store/x6rsdc4s0f1j9bn1cx2h1l5fj8765ykw-clang-19.1.7/bin/"
      - "/nix/store/vkxrkqv0kfi51w4ckly1slj62wa5iryp-binutils-wrapper-2.44/bin/"
      - "/nix/store/mrkrlw6g3a7gp9a50dawfzirzhw8945v-ninja-1.12.1/bin/"
      - "/nix/store/29ax4k0a83zhz43lb73cv610d95wdsx1-cmake-3.31.6/bin/"
      - "/nix/store/igfbwifcgda365wl2ldzhrvgp72w19c4-unzip-6.0/bin/"
      - "/nix/store/cpwib3zazj49fm0y04y53w4xkbqsgrgm-mesa-25.0.7/bin/"
      - "/nix/store/3r2184gwq0cjmwf9f819xdm2ggqnjijg-libcap-2.75/bin/"
      - "/nix/store/px08h5pmb6vr98y751ck1gwn0852iqqq-pulseaudio-17.0/bin/"
      - "/nix/store/3gr0qipg80ln2j3wcpafxkp5k2zngrpa-compiler-rt-libc-19.1.7/bin/"
      - "/nix/store/7fjnb79r7p38piiyn5xwgcj5w7fpfi02-findutils-4.10.0/bin/"
      - "/nix/store/1pi99mlqimxmqm1jvllbcaj8v16w2nbv-diffutils-3.12/bin/"
      - "/nix/store/x23s7lcvhf18zz3rj543680jgrj71vil-gnused-4.9/bin/"
      - "/nix/store/8b4vn1iyn6kqiisjvlmv67d1c0p3j6wj-gnugrep-3.11/bin/"
      - "/nix/store/n8825s8qprf8p70m0hq6pz7rvlnsxdjm-gawk-5.3.2/bin/"
      - "/nix/store/7nilh5hvnfbsx3vn020pkjkgx9rgsizb-gnutar-1.35/bin/"
      - "/nix/store/gqpd9ax2s6jjf7mjyv1q7bwbsycyaxic-gzip-1.14/bin/"
      - "/nix/store/28z6bx9sg0lsr7wra22pbjsk6fzfphy4-bzip2-1.0.8-bin/bin/"
      - "/nix/store/8dl5ryfna3hjqhvnkw7srm6wnka6agxl-gnumake-4.4.1/bin/"
      - "/nix/store/ih68ar79msmj0496pgld4r3vqfr7bbin-bash-5.2p37/bin/"
      - "/nix/store/kc8h52p4dfgajrg3qlgx246hl0znr213-patch-2.7.6/bin/"
      - "/nix/store/cmv326slnswzsjm2sqgbz16hzzqvkfjy-xz-5.8.1-bin/bin/"
      - "/nix/store/v5skl3bspzhm2y13vcxcrw8w29g6phi0-file-5.45/bin/"
      - "/nix/store/p7z3r09ci37sz5xzlddlqpgvcvcn764r-pid1/bin/"
      - "/nix/store/kn30pk1h3p7rqxhzl4xl809mcvy55p3k-replit-runtime-path/bin/"
      - "/usr/local/sbin/"
      - "/usr/local/bin/"
      - "/usr/sbin/"
      - "/usr/bin/"
      - "/sbin/"
      - "/bin/"
      - "/home/runner/workspace/thirdparty/vcpkg/downloads/tools/ninja-1.13.2-linux/"
      - "/usr/lib/aarch64-linux-android/28/bin/"
      - "/usr/lib/aarch64-linux-android/28/sbin/"
      - "/usr/lib/aarch64-linux-android/28/"
    found: "/home/runner/workspace/.ndk-tools/android-ndk-r27c/toolchains/llvm/prebuilt/linux-x86_64/bin/llvm-dlltool"
    search_context:
      CMAKE_PROGRAM_PATH:
        - "/home/runner/workspace/out/build/android-debug/vcpkg_installed/arm64-android/tools"
      CMAKE_PREFIX_PATH:
        - "/home/runner/workspace/out/build/android-debug/vcpkg_installed/arm64-android/debug"
        - "/home/runner/workspace/out/build/android-debug/vcpkg_installed/arm64-android"
        - "/home/runner/workspace/.ndk-tools/android-ndk-r27c/toolchains/llvm/prebuilt/linux-x86_64"
        - "/"
      ENV{PATH}:
        - "/nix/store/0nxvi9r5ymdlr2p24rjj9qzyms72zld1-bash-interactive-5.2p37/bin"
        - "/nix/store/0flj33q30lmzdjagwjqh964qmiyklww2-patchelf-0.15.0/bin"
        - "/nix/store/a0d7m3zn9p2dfa1h7ag9h2wzzr2w25sn-gcc-wrapper-14.2.1.20250322/bin"
        - "/nix/store/6i862vz60awrlsila8vw18rg4d4l66iy-gcc-14.2.1.20250322/bin"
        - "/nix/store/y2xdxp8r4g92q28am6mbxj44rivnyirl-glibc-2.40-66-bin/bin"
        - "/nix/store/mp7ba85zcqdj2sqwa29pql02s6nqpcxy-coreutils-9.7/bin"
        - "/nix/store/2gkh9v7wrzjq6ws312c6z6ajwnjvwcmb-binutils-wrapper-2.44/bin"
        - "/nix/store/mkvc0lnnpmi604rqsjdlv1pmhr638nbd-binutils-2.44/bin"
        - "/nix/store/d667kdfbfn17905f7kmdl33r9gvwzaji-pkg-config-wrapper-0.29.2/bin"
        - "/nix/store/bw1i8r1ilp79xyybr2n633aq3jj1wrrd-llvm-19.1.7-dev/bin"
        - "/nix/store/c4ibx1x2y2xn21zij6nnpcmnrclp58wq-ncurses-6.5-dev/bin"
        - "/nix/store/4mys0gv17cn0lrdvlhks0zx27854nmkg-ncurses-6.5/bin"
        - "/nix/store/161jifxkx05qmjvrz7i6yqjkbs0qibyl-llvm-19.1.7/bin"
        - "/nix/store/4bb195ym905lzvwnbm86nxz2j625hrv4-clang-wrapper-19.1.7/bin"
        - "/nix/store/x6rsdc4s0f1j9bn1cx2h1l5fj8765ykw-clang-19.1.7/bin"
        - "/nix/store/vkxrkqv0kfi51w4ckly1slj62wa5iryp-binutils-wrapper-2.44/bin"
        - "/nix/store/mrkrlw6g3a7gp9a50dawfzirzhw8945v-ninja-1.12.1/bin"
        - "/nix/store/29ax4k0a83zhz43lb73cv610d95wdsx1-cmake-3.31.6/bin"
        - "/nix/store/igfbwifcgda365wl2ldzhrvgp72w19c4-unzip-6.0/bin"
        - "/nix/store/cpwib3zazj49fm0y04y53w4xkbqsgrgm-mesa-25.0.7/bin"
        - "/nix/store/3r2184gwq0cjmwf9f819xdm2ggqnjijg-libcap-2.75/bin"
        - "/nix/store/px08h5pmb6vr98y751ck1gwn0852iqqq-pulseaudio-17.0/bin"
        - "/nix/store/3gr0qipg80ln2j3wcpafxkp5k2zngrpa-compiler-rt-libc-19.1.7/bin"
        - "/nix/store/7fjnb79r7p38piiyn5xwgcj5w7fpfi02-findutils-4.10.0/bin"
        - "/nix/store/1pi99mlqimxmqm1jvllbcaj8v16w2nbv-diffutils-3.12/bin"
        - "/nix/store/x23s7lcvhf18zz3rj543680jgrj71vil-gnused-4.9/bin"
        - "/nix/store/8b4vn1iyn6kqiisjvlmv67d1c0p3j6wj-gnugrep-3.11/bin"
        - "/nix/store/n8825s8qprf8p70m0hq6pz7rvlnsxdjm-gawk-5.3.2/bin"
        - "/nix/store/7nilh5hvnfbsx3vn020pkjkgx9rgsizb-gnutar-1.35/bin"
        - "/nix/store/gqpd9ax2s6jjf7mjyv1q7bwbsycyaxic-gzip-1.14/bin"
        - "/nix/store/28z6bx9sg0lsr7wra22pbjsk6fzfphy4-bzip2-1.0.8-bin/bin"
        - "/nix/store/8dl5ryfna3hjqhvnkw7srm6wnka6agxl-gnumake-4.4.1/bin"
        - "/nix/store/ih68ar79msmj0496pgld4r3vqfr7bbin-bash-5.2p37/bin"
        - "/nix/store/kc8h52p4dfgajrg3qlgx246hl0znr213-patch-2.7.6/bin"
        - "/nix/store/cmv326slnswzsjm2sqgbz16hzzqvkfjy-xz-5.8.1-bin/bin"
        - "/nix/store/v5skl3bspzhm2y13vcxcrw8w29g6phi0-file-5.45/bin"
        - "/nix/store/p7z3r09ci37sz5xzlddlqpgvcvcn764r-pid1/bin"
        - "/nix/store/kn30pk1h3p7rqxhzl4xl809mcvy55p3k-replit-runtime-path/bin"
        - "/usr/local/sbin"
        - "/usr/local/bin"
        - "/usr/sbin"
        - "/usr/bin"
        - "/sbin"
        - "/bin"
        - "/home/runner/workspace/thirdparty/vcpkg/downloads/tools/ninja-1.13.2-linux"
      CMAKE_INSTALL_PREFIX: "/home/runner/workspace/thirdparty/vcpkg/packages/zlib_arm64-android/debug"
      CMAKE_SYSTEM_PREFIX_PATH:
        - "/usr/lib/aarch64-linux-android/28"
      CMAKE_SYSROOT: "/home/runner/workspace/.ndk-tools/android-ndk-r27c/toolchains/llvm/prebuilt/linux-x86_64/sysroot"
      CMAKE_FIND_ROOT_PATH: "/home/runner/workspace/out/build/android-debug/vcpkg_installed/arm64-android/debug;/home/runner/workspace/out/build/android-debug/vcpkg_installed/arm64-android;/home/runner/workspace/.ndk-tools/android-ndk-r27c"
      CMAKE_SYSTEM_IGNORE_PATH:
        - "/home/runner/workspace/.ndk-tools/android-ndk-r27c/toolchains/llvm/prebuilt/linux-x86_64/lib"
        - "/home/runner/workspace/.ndk-tools/android-ndk-r27c/toolchains/llvm/prebuilt/linux-x86_64/lib"
  -
    kind: "find-v1"
    backtrace:
      - "/home/runner/workspace/thirdparty/vcpkg/downloads/tools/cmake-4.3.3-linux/cmake-4.3.3-linux-x86_64/share/cmake-4.3/Modules/CMakeFindBinUtils.cmake:243 (find_program)"
      - "/home/runner/workspace/thirdparty/vcpkg/downloads/tools/cmake-4.3.3-linux/cmake-4.3.3-linux-x86_64/share/cmake-4.3/Modules/CMakeDetermineCCompiler.cmake:200 (include)"
      - "CMakeLists.txt:4 (project)"
    mode: "program"
    variable: "CMAKE_ADDR2LINE"
    description: "Path to a program."
    settings:
      SearchFramework: "LAST"
      SearchAppBundle: "LAST"
      CMAKE_FIND_USE_CMAKE_PATH: false
      CMAKE_FIND_USE_CMAKE_ENVIRONMENT_PATH: false
      CMAKE_FIND_USE_SYSTEM_ENVIRONMENT_PATH: true
      CMAKE_FIND_USE_CMAKE_SYSTEM_PATH: true
      CMAKE_FIND_USE_INSTALL_PREFIX: true
    names:
      - "llvm-addr2line"
      - "addr2line"
    candidate_directories:
      - "/home/runner/workspace/.ndk-tools/android-ndk-r27c/toolchains/llvm/prebuilt/linux-x86_64/bin/"
      - "/nix/store/0nxvi9r5ymdlr2p24rjj9qzyms72zld1-bash-interactive-5.2p37/bin/"
      - "/nix/store/0flj33q30lmzdjagwjqh964qmiyklww2-patchelf-0.15.0/bin/"
      - "/nix/store/a0d7m3zn9p2dfa1h7ag9h2wzzr2w25sn-gcc-wrapper-14.2.1.20250322/bin/"
      - "/nix/store/6i862vz60awrlsila8vw18rg4d4l66iy-gcc-14.2.1.20250322/bin/"
      - "/nix/store/y2xdxp8r4g92q28am6mbxj44rivnyirl-glibc-2.40-66-bin/bin/"
      - "/nix/store/mp7ba85zcqdj2sqwa29pql02s6nqpcxy-coreutils-9.7/bin/"
      - "/nix/store/2gkh9v7wrzjq6ws312c6z6ajwnjvwcmb-binutils-wrapper-2.44/bin/"
      - "/nix/store/mkvc0lnnpmi604rqsjdlv1pmhr638nbd-binutils-2.44/bin/"
      - "/nix/store/d667kdfbfn17905f7kmdl33r9gvwzaji-pkg-config-wrapper-0.29.2/bin/"
      - "/nix/store/bw1i8r1ilp79xyybr2n633aq3jj1wrrd-llvm-19.1.7-dev/bin/"
      - "/nix/store/c4ibx1x2y2xn21zij6nnpcmnrclp58wq-ncurses-6.5-dev/bin/"
      - "/nix/store/4mys0gv17cn0lrdvlhks0zx27854nmkg-ncurses-6.5/bin/"
      - "/nix/store/161jifxkx05qmjvrz7i6yqjkbs0qibyl-llvm-19.1.7/bin/"
      - "/nix/store/4bb195ym905lzvwnbm86nxz2j625hrv4-clang-wrapper-19.1.7/bin/"
      - "/nix/store/x6rsdc4s0f1j9bn1cx2h1l5fj8765ykw-clang-19.1.7/bin/"
      - "/nix/store/vkxrkqv0kfi51w4ckly1slj62wa5iryp-binutils-wrapper-2.44/bin/"
      - "/nix/store/mrkrlw6g3a7gp9a50dawfzirzhw8945v-ninja-1.12.1/bin/"
      - "/nix/store/29ax4k0a83zhz43lb73cv610d95wdsx1-cmake-3.31.6/bin/"
      - "/nix/store/igfbwifcgda365wl2ldzhrvgp72w19c4-unzip-6.0/bin/"
      - "/nix/store/cpwib3zazj49fm0y04y53w4xkbqsgrgm-mesa-25.0.7/bin/"
      - "/nix/store/3r2184gwq0cjmwf9f819xdm2ggqnjijg-libcap-2.75/bin/"
      - "/nix/store/px08h5pmb6vr98y751ck1gwn0852iqqq-pulseaudio-17.0/bin/"
      - "/nix/store/3gr0qipg80ln2j3wcpafxkp5k2zngrpa-compiler-rt-libc-19.1.7/bin/"
      - "/nix/store/7fjnb79r7p38piiyn5xwgcj5w7fpfi02-findutils-4.10.0/bin/"
      - "/nix/store/1pi99mlqimxmqm1jvllbcaj8v16w2nbv-diffutils-3.12/bin/"
      - "/nix/store/x23s7lcvhf18zz3rj543680jgrj71vil-gnused-4.9/bin/"
      - "/nix/store/8b4vn1iyn6kqiisjvlmv67d1c0p3j6wj-gnugrep-3.11/bin/"
      - "/nix/store/n8825s8qprf8p70m0hq6pz7rvlnsxdjm-gawk-5.3.2/bin/"
      - "/nix/store/7nilh5hvnfbsx3vn020pkjkgx9rgsizb-gnutar-1.35/bin/"
      - "/nix/store/gqpd9ax2s6jjf7mjyv1q7bwbsycyaxic-gzip-1.14/bin/"
      - "/nix/store/28z6bx9sg0lsr7wra22pbjsk6fzfphy4-bzip2-1.0.8-bin/bin/"
      - "/nix/store/8dl5ryfna3hjqhvnkw7srm6wnka6agxl-gnumake-4.4.1/bin/"
      - "/nix/store/ih68ar79msmj0496pgld4r3vqfr7bbin-bash-5.2p37/bin/"
      - "/nix/store/kc8h52p4dfgajrg3qlgx246hl0znr213-patch-2.7.6/bin/"
      - "/nix/store/cmv326slnswzsjm2sqgbz16hzzqvkfjy-xz-5.8.1-bin/bin/"
      - "/nix/store/v5skl3bspzhm2y13vcxcrw8w29g6phi0-file-5.45/bin/"
      - "/nix/store/p7z3r09ci37sz5xzlddlqpgvcvcn764r-pid1/bin/"
      - "/nix/store/kn30pk1h3p7rqxhzl4xl809mcvy55p3k-replit-runtime-path/bin/"
      - "/usr/local/sbin/"
      - "/usr/local/bin/"
      - "/usr/sbin/"
      - "/usr/bin/"
      - "/sbin/"
      - "/bin/"
      - "/home/runner/workspace/thirdparty/vcpkg/downloads/tools/ninja-1.13.2-linux/"
      - "/usr/lib/aarch64-linux-android/28/bin/"
      - "/usr/lib/aarch64-linux-android/28/sbin/"
      - "/usr/lib/aarch64-linux-android/28/"
    found: "/home/runner/workspace/.ndk-tools/android-ndk-r27c/toolchains/llvm/prebuilt/linux-x86_64/bin/llvm-addr2line"
    search_context:
      CMAKE_PROGRAM_PATH:
        - "/home/runner/workspace/out/build/android-debug/vcpkg_installed/arm64-android/tools"
      CMAKE_PREFIX_PATH:
        - "/home/runner/workspace/out/build/android-debug/vcpkg_installed/arm64-android/debug"
        - "/home/runner/workspace/out/build/android-debug/vcpkg_installed/arm64-android"
        - "/home/runner/workspace/.ndk-tools/android-ndk-r27c/toolchains/llvm/prebuilt/linux-x86_64"
        - "/"
      ENV{PATH}:
        - "/nix/store/0nxvi9r5ymdlr2p24rjj9qzyms72zld1-bash-interactive-5.2p37/bin"
        - "/nix/store/0flj33q30lmzdjagwjqh964qmiyklww2-patchelf-0.15.0/bin"
        - "/nix/store/a0d7m3zn9p2dfa1h7ag9h2wzzr2w25sn-gcc-wrapper-14.2.1.20250322/bin"
        - "/nix/store/6i862vz60awrlsila8vw18rg4d4l66iy-gcc-14.2.1.20250322/bin"
        - "/nix/store/y2xdxp8r4g92q28am6mbxj44rivnyirl-glibc-2.40-66-bin/bin"
        - "/nix/store/mp7ba85zcqdj2sqwa29pql02s6nqpcxy-coreutils-9.7/bin"
        - "/nix/store/2gkh9v7wrzjq6ws312c6z6ajwnjvwcmb-binutils-wrapper-2.44/bin"
        - "/nix/store/mkvc0lnnpmi604rqsjdlv1pmhr638nbd-binutils-2.44/bin"
        - "/nix/store/d667kdfbfn17905f7kmdl33r9gvwzaji-pkg-config-wrapper-0.29.2/bin"
        - "/nix/store/bw1i8r1ilp79xyybr2n633aq3jj1wrrd-llvm-19.1.7-dev/bin"
        - "/nix/store/c4ibx1x2y2xn21zij6nnpcmnrclp58wq-ncurses-6.5-dev/bin"
        - "/nix/store/4mys0gv17cn0lrdvlhks0zx27854nmkg-ncurses-6.5/bin"
        - "/nix/store/161jifxkx05qmjvrz7i6yqjkbs0qibyl-llvm-19.1.7/bin"
        - "/nix/store/4bb195ym905lzvwnbm86nxz2j625hrv4-clang-wrapper-19.1.7/bin"
        - "/nix/store/x6rsdc4s0f1j9bn1cx2h1l5fj8765ykw-clang-19.1.7/bin"
        - "/nix/store/vkxrkqv0kfi51w4ckly1slj62wa5iryp-binutils-wrapper-2.44/bin"
        - "/nix/store/mrkrlw6g3a7gp9a50dawfzirzhw8945v-ninja-1.12.1/bin"
        - "/nix/store/29ax4k0a83zhz43lb73cv610d95wdsx1-cmake-3.31.6/bin"
        - "/nix/store/igfbwifcgda365wl2ldzhrvgp72w19c4-unzip-6.0/bin"
        - "/nix/store/cpwib3zazj49fm0y04y53w4xkbqsgrgm-mesa-25.0.7/bin"
        - "/nix/store/3r2184gwq0cjmwf9f819xdm2ggqnjijg-libcap-2.75/bin"
        - "/nix/store/px08h5pmb6vr98y751ck1gwn0852iqqq-pulseaudio-17.0/bin"
        - "/nix/store/3gr0qipg80ln2j3wcpafxkp5k2zngrpa-compiler-rt-libc-19.1.7/bin"
        - "/nix/store/7fjnb79r7p38piiyn5xwgcj5w7fpfi02-findutils-4.10.0/bin"
        - "/nix/store/1pi99mlqimxmqm1jvllbcaj8v16w2nbv-diffutils-3.12/bin"
        - "/nix/store/x23s7lcvhf18zz3rj543680jgrj71vil-gnused-4.9/bin"
        - "/nix/store/8b4vn1iyn6kqiisjvlmv67d1c0p3j6wj-gnugrep-3.11/bin"
        - "/nix/store/n8825s8qprf8p70m0hq6pz7rvlnsxdjm-gawk-5.3.2/bin"
        - "/nix/store/7nilh5hvnfbsx3vn020pkjkgx9rgsizb-gnutar-1.35/bin"
        - "/nix/store/gqpd9ax2s6jjf7mjyv1q7bwbsycyaxic-gzip-1.14/bin"
        - "/nix/store/28z6bx9sg0lsr7wra22pbjsk6fzfphy4-bzip2-1.0.8-bin/bin"
        - "/nix/store/8dl5ryfna3hjqhvnkw7srm6wnka6agxl-gnumake-4.4.1/bin"
        - "/nix/store/ih68ar79msmj0496pgld4r3vqfr7bbin-bash-5.2p37/bin"
        - "/nix/store/kc8h52p4dfgajrg3qlgx246hl0znr213-patch-2.7.6/bin"
        - "/nix/store/cmv326slnswzsjm2sqgbz16hzzqvkfjy-xz-5.8.1-bin/bin"
        - "/nix/store/v5skl3bspzhm2y13vcxcrw8w29g6phi0-file-5.45/bin"
        - "/nix/store/p7z3r09ci37sz5xzlddlqpgvcvcn764r-pid1/bin"
        - "/nix/store/kn30pk1h3p7rqxhzl4xl809mcvy55p3k-replit-runtime-path/bin"
        - "/usr/local/sbin"
        - "/usr/local/bin"
        - "/usr/sbin"
        - "/usr/bin"
        - "/sbin"
        - "/bin"
        - "/home/runner/workspace/thirdparty/vcpkg/downloads/tools/ninja-1.13.2-linux"
      CMAKE_INSTALL_PREFIX: "/home/runner/workspace/thirdparty/vcpkg/packages/zlib_arm64-android/debug"
      CMAKE_SYSTEM_PREFIX_PATH:
        - "/usr/lib/aarch64-linux-android/28"
      CMAKE_SYSROOT: "/home/runner/workspace/.ndk-tools/android-ndk-r27c/toolchains/llvm/prebuilt/linux-x86_64/sysroot"
      CMAKE_FIND_ROOT_PATH: "/home/runner/workspace/out/build/android-debug/vcpkg_installed/arm64-android/debug;/home/runner/workspace/out/build/android-debug/vcpkg_installed/arm64-android;/home/runner/workspace/.ndk-tools/android-ndk-r27c"
      CMAKE_SYSTEM_IGNORE_PATH:
        - "/home/runner/workspace/.ndk-tools/android-ndk-r27c/toolchains/llvm/prebuilt/linux-x86_64/lib"
        - "/home/runner/workspace/.ndk-tools/android-ndk-r27c/toolchains/llvm/prebuilt/linux-x86_64/lib"
  -
    kind: "find-v1"
    backtrace:
      - "/home/runner/workspace/thirdparty/vcpkg/downloads/tools/cmake-4.3.3-linux/cmake-4.3.3-linux-x86_64/share/cmake-4.3/Modules/CMakeFindBinUtils.cmake:243 (find_program)"
      - "/home/runner/workspace/thirdparty/vcpkg/downloads/tools/cmake-4.3.3-linux/cmake-4.3.3-linux-x86_64/share/cmake-4.3/Modules/CMakeDetermineCCompiler.cmake:200 (include)"
      - "CMakeLists.txt:4 (project)"
    mode: "program"
    variable: "CMAKE_TAPI"
    description: "Path to a program."
    settings:
      SearchFramework: "LAST"
      SearchAppBundle: "LAST"
      CMAKE_FIND_USE_CMAKE_PATH: false
      CMAKE_FIND_USE_CMAKE_ENVIRONMENT_PATH: false
      CMAKE_FIND_USE_SYSTEM_ENVIRONMENT_PATH: true
      CMAKE_FIND_USE_CMAKE_SYSTEM_PATH: true
      CMAKE_FIND_USE_INSTALL_PREFIX: true
    names:
      - "tapi"
    candidate_directories:
      - "/home/runner/workspace/.ndk-tools/android-ndk-r27c/toolchains/llvm/prebuilt/linux-x86_64/bin/"
      - "/nix/store/0nxvi9r5ymdlr2p24rjj9qzyms72zld1-bash-interactive-5.2p37/bin/"
      - "/nix/store/0flj33q30lmzdjagwjqh964qmiyklww2-patchelf-0.15.0/bin/"
      - "/nix/store/a0d7m3zn9p2dfa1h7ag9h2wzzr2w25sn-gcc-wrapper-14.2.1.20250322/bin/"
      - "/nix/store/6i862vz60awrlsila8vw18rg4d4l66iy-gcc-14.2.1.20250322/bin/"
      - "/nix/store/y2xdxp8r4g92q28am6mbxj44rivnyirl-glibc-2.40-66-bin/bin/"
      - "/nix/store/mp7ba85zcqdj2sqwa29pql02s6nqpcxy-coreutils-9.7/bin/"
      - "/nix/store/2gkh9v7wrzjq6ws312c6z6ajwnjvwcmb-binutils-wrapper-2.44/bin/"
      - "/nix/store/mkvc0lnnpmi604rqsjdlv1pmhr638nbd-binutils-2.44/bin/"
      - "/nix/store/d667kdfbfn17905f7kmdl33r9gvwzaji-pkg-config-wrapper-0.29.2/bin/"
      - "/nix/store/bw1i8r1ilp79xyybr2n633aq3jj1wrrd-llvm-19.1.7-dev/bin/"
      - "/nix/store/c4ibx1x2y2xn21zij6nnpcmnrclp58wq-ncurses-6.5-dev/bin/"
      - "/nix/store/4mys0gv17cn0lrdvlhks0zx27854nmkg-ncurses-6.5/bin/"
      - "/nix/store/161jifxkx05qmjvrz7i6yqjkbs0qibyl-llvm-19.1.7/bin/"
      - "/nix/store/4bb195ym905lzvwnbm86nxz2j625hrv4-clang-wrapper-19.1.7/bin/"
      - "/nix/store/x6rsdc4s0f1j9bn1cx2h1l5fj8765ykw-clang-19.1.7/bin/"
      - "/nix/store/vkxrkqv0kfi51w4ckly1slj62wa5iryp-binutils-wrapper-2.44/bin/"
      - "/nix/store/mrkrlw6g3a7gp9a50dawfzirzhw8945v-ninja-1.12.1/bin/"
      - "/nix/store/29ax4k0a83zhz43lb73cv610d95wdsx1-cmake-3.31.6/bin/"
      - "/nix/store/igfbwifcgda365wl2ldzhrvgp72w19c4-unzip-6.0/bin/"
      - "/nix/store/cpwib3zazj49fm0y04y53w4xkbqsgrgm-mesa-25.0.7/bin/"
      - "/nix/store/3r2184gwq0cjmwf9f819xdm2ggqnjijg-libcap-2.75/bin/"
      - "/nix/store/px08h5pmb6vr98y751ck1gwn0852iqqq-pulseaudio-17.0/bin/"
      - "/nix/store/3gr0qipg80ln2j3wcpafxkp5k2zngrpa-compiler-rt-libc-19.1.7/bin/"
      - "/nix/store/7fjnb79r7p38piiyn5xwgcj5w7fpfi02-findutils-4.10.0/bin/"
      - "/nix/store/1pi99mlqimxmqm1jvllbcaj8v16w2nbv-diffutils-3.12/bin/"
      - "/nix/store/x23s7lcvhf18zz3rj543680jgrj71vil-gnused-4.9/bin/"
      - "/nix/store/8b4vn1iyn6kqiisjvlmv67d1c0p3j6wj-gnugrep-3.11/bin/"
      - "/nix/store/n8825s8qprf8p70m0hq6pz7rvlnsxdjm-gawk-5.3.2/bin/"
      - "/nix/store/7nilh5hvnfbsx3vn020pkjkgx9rgsizb-gnutar-1.35/bin/"
      - "/nix/store/gqpd9ax2s6jjf7mjyv1q7bwbsycyaxic-gzip-1.14/bin/"
      - "/nix/store/28z6bx9sg0lsr7wra22pbjsk6fzfphy4-bzip2-1.0.8-bin/bin/"
      - "/nix/store/8dl5ryfna3hjqhvnkw7srm6wnka6agxl-gnumake-4.4.1/bin/"
      - "/nix/store/ih68ar79msmj0496pgld4r3vqfr7bbin-bash-5.2p37/bin/"
      - "/nix/store/kc8h52p4dfgajrg3qlgx246hl0znr213-patch-2.7.6/bin/"
      - "/nix/store/cmv326slnswzsjm2sqgbz16hzzqvkfjy-xz-5.8.1-bin/bin/"
      - "/nix/store/v5skl3bspzhm2y13vcxcrw8w29g6phi0-file-5.45/bin/"
      - "/nix/store/p7z3r09ci37sz5xzlddlqpgvcvcn764r-pid1/bin/"
      - "/nix/store/kn30pk1h3p7rqxhzl4xl809mcvy55p3k-replit-runtime-path/bin/"
      - "/usr/local/sbin/"
      - "/usr/local/bin/"
      - "/usr/sbin/"
      - "/usr/bin/"
      - "/sbin/"
      - "/bin/"
      - "/home/runner/workspace/thirdparty/vcpkg/downloads/tools/ninja-1.13.2-linux/"
      - "/usr/lib/aarch64-linux-android/28/bin/"
      - "/usr/lib/aarch64-linux-android/28/sbin/"
      - "/usr/lib/aarch64-linux-android/28/"
    searched_directories:
      - "/home/runner/workspace/.ndk-tools/android-ndk-r27c/toolchains/llvm/prebuilt/linux-x86_64/bin/tapi"
      - "/nix/store/0nxvi9r5ymdlr2p24rjj9qzyms72zld1-bash-interactive-5.2p37/bin/tapi"
      - "/nix/store/0flj33q30lmzdjagwjqh964qmiyklww2-patchelf-0.15.0/bin/tapi"
      - "/nix/store/a0d7m3zn9p2dfa1h7ag9h2wzzr2w25sn-gcc-wrapper-14.2.1.20250322/bin/tapi"
      - "/nix/store/6i862vz60awrlsila8vw18rg4d4l66iy-gcc-14.2.1.20250322/bin/tapi"
      - "/nix/store/y2xdxp8r4g92q28am6mbxj44rivnyirl-glibc-2.40-66-bin/bin/tapi"
      - "/nix/store/mp7ba85zcqdj2sqwa29pql02s6nqpcxy-coreutils-9.7/bin/tapi"
      - "/nix/store/2gkh9v7wrzjq6ws312c6z6ajwnjvwcmb-binutils-wrapper-2.44/bin/tapi"
      - "/nix/store/mkvc0lnnpmi604rqsjdlv1pmhr638nbd-binutils-2.44/bin/tapi"
      - "/nix/store/d667kdfbfn17905f7kmdl33r9gvwzaji-pkg-config-wrapper-0.29.2/bin/tapi"
      - "/nix/store/bw1i8r1ilp79xyybr2n633aq3jj1wrrd-llvm-19.1.7-dev/bin/tapi"
      - "/nix/store/c4ibx1x2y2xn21zij6nnpcmnrclp58wq-ncurses-6.5-dev/bin/tapi"
      - "/nix/store/4mys0gv17cn0lrdvlhks0zx27854nmkg-ncurses-6.5/bin/tapi"
      - "/nix/store/161jifxkx05qmjvrz7i6yqjkbs0qibyl-llvm-19.1.7/bin/tapi"
      - "/nix/store/4bb195ym905lzvwnbm86nxz2j625hrv4-clang-wrapper-19.1.7/bin/tapi"
      - "/nix/store/x6rsdc4s0f1j9bn1cx2h1l5fj8765ykw-clang-19.1.7/bin/tapi"
      - "/nix/store/vkxrkqv0kfi51w4ckly1slj62wa5iryp-binutils-wrapper-2.44/bin/tapi"
      - "/nix/store/mrkrlw6g3a7gp9a50dawfzirzhw8945v-ninja-1.12.1/bin/tapi"
      - "/nix/store/29ax4k0a83zhz43lb73cv610d95wdsx1-cmake-3.31.6/bin/tapi"
      - "/nix/store/igfbwifcgda365wl2ldzhrvgp72w19c4-unzip-6.0/bin/tapi"
      - "/nix/store/cpwib3zazj49fm0y04y53w4xkbqsgrgm-mesa-25.0.7/bin/tapi"
      - "/nix/store/3r2184gwq0cjmwf9f819xdm2ggqnjijg-libcap-2.75/bin/tapi"
      - "/nix/store/px08h5pmb6vr98y751ck1gwn0852iqqq-pulseaudio-17.0/bin/tapi"
      - "/nix/store/3gr0qipg80ln2j3wcpafxkp5k2zngrpa-compiler-rt-libc-19.1.7/bin/tapi"
      - "/nix/store/7fjnb79r7p38piiyn5xwgcj5w7fpfi02-findutils-4.10.0/bin/tapi"
      - "/nix/store/1pi99mlqimxmqm1jvllbcaj8v16w2nbv-diffutils-3.12/bin/tapi"
      - "/nix/store/x23s7lcvhf18zz3rj543680jgrj71vil-gnused-4.9/bin/tapi"
      - "/nix/store/8b4vn1iyn6kqiisjvlmv67d1c0p3j6wj-gnugrep-3.11/bin/tapi"
      - "/nix/store/n8825s8qprf8p70m0hq6pz7rvlnsxdjm-gawk-5.3.2/bin/tapi"
      - "/nix/store/7nilh5hvnfbsx3vn020pkjkgx9rgsizb-gnutar-1.35/bin/tapi"
      - "/nix/store/gqpd9ax2s6jjf7mjyv1q7bwbsycyaxic-gzip-1.14/bin/tapi"
      - "/nix/store/28z6bx9sg0lsr7wra22pbjsk6fzfphy4-bzip2-1.0.8-bin/bin/tapi"
      - "/nix/store/8dl5ryfna3hjqhvnkw7srm6wnka6agxl-gnumake-4.4.1/bin/tapi"
      - "/nix/store/ih68ar79msmj0496pgld4r3vqfr7bbin-bash-5.2p37/bin/tapi"
      - "/nix/store/kc8h52p4dfgajrg3qlgx246hl0znr213-patch-2.7.6/bin/tapi"
      - "/nix/store/cmv326slnswzsjm2sqgbz16hzzqvkfjy-xz-5.8.1-bin/bin/tapi"
      - "/nix/store/v5skl3bspzhm2y13vcxcrw8w29g6phi0-file-5.45/bin/tapi"
      - "/nix/store/p7z3r09ci37sz5xzlddlqpgvcvcn764r-pid1/bin/tapi"
      - "/nix/store/kn30pk1h3p7rqxhzl4xl809mcvy55p3k-replit-runtime-path/bin/tapi"
      - "/usr/local/sbin/tapi"
      - "/usr/local/bin/tapi"
      - "/usr/sbin/tapi"
      - "/usr/bin/tapi"
      - "/sbin/tapi"
      - "/bin/tapi"
      - "/home/runner/workspace/thirdparty/vcpkg/downloads/tools/ninja-1.13.2-linux/tapi"
      - "/usr/lib/aarch64-linux-android/28/bin/tapi"
      - "/usr/lib/aarch64-linux-android/28/sbin/tapi"
      - "/usr/lib/aarch64-linux-android/28/tapi"
    found: false
    search_context:
      CMAKE_PROGRAM_PATH:
        - "/home/runner/workspace/out/build/android-debug/vcpkg_installed/arm64-android/tools"
      CMAKE_PREFIX_PATH:
        - "/home/runner/workspace/out/build/android-debug/vcpkg_installed/arm64-android/debug"
        - "/home/runner/workspace/out/build/android-debug/vcpkg_installed/arm64-android"
        - "/home/runner/workspace/.ndk-tools/android-ndk-r27c/toolchains/llvm/prebuilt/linux-x86_64"
        - "/"
      ENV{PATH}:
        - "/nix/store/0nxvi9r5ymdlr2p24rjj9qzyms72zld1-bash-interactive-5.2p37/bin"
        - "/nix/store/0flj33q30lmzdjagwjqh964qmiyklww2-patchelf-0.15.0/bin"
        - "/nix/store/a0d7m3zn9p2dfa1h7ag9h2wzzr2w25sn-gcc-wrapper-14.2.1.20250322/bin"
        - "/nix/store/6i862vz60awrlsila8vw18rg4d4l66iy-gcc-14.2.1.20250322/bin"
        - "/nix/store/y2xdxp8r4g92q28am6mbxj44rivnyirl-glibc-2.40-66-bin/bin"
        - "/nix/store/mp7ba85zcqdj2sqwa29pql02s6nqpcxy-coreutils-9.7/bin"
        - "/nix/store/2gkh9v7wrzjq6ws312c6z6ajwnjvwcmb-binutils-wrapper-2.44/bin"
        - "/nix/store/mkvc0lnnpmi604rqsjdlv1pmhr638nbd-binutils-2.44/bin"
        - "/nix/store/d667kdfbfn17905f7kmdl33r9gvwzaji-pkg-config-wrapper-0.29.2/bin"
        - "/nix/store/bw1i8r1ilp79xyybr2n633aq3jj1wrrd-llvm-19.1.7-dev/bin"
        - "/nix/store/c4ibx1x2y2xn21zij6nnpcmnrclp58wq-ncurses-6.5-dev/bin"
        - "/nix/store/4mys0gv17cn0lrdvlhks0zx27854nmkg-ncurses-6.5/bin"
        - "/nix/store/161jifxkx05qmjvrz7i6yqjkbs0qibyl-llvm-19.1.7/bin"
        - "/nix/store/4bb195ym905lzvwnbm86nxz2j625hrv4-clang-wrapper-19.1.7/bin"
        - "/nix/store/x6rsdc4s0f1j9bn1cx2h1l5fj8765ykw-clang-19.1.7/bin"
        - "/nix/store/vkxrkqv0kfi51w4ckly1slj62wa5iryp-binutils-wrapper-2.44/bin"
        - "/nix/store/mrkrlw6g3a7gp9a50dawfzirzhw8945v-ninja-1.12.1/bin"
        - "/nix/store/29ax4k0a83zhz43lb73cv610d95wdsx1-cmake-3.31.6/bin"
        - "/nix/store/igfbwifcgda365wl2ldzhrvgp72w19c4-unzip-6.0/bin"
        - "/nix/store/cpwib3zazj49fm0y04y53w4xkbqsgrgm-mesa-25.0.7/bin"
        - "/nix/store/3r2184gwq0cjmwf9f819xdm2ggqnjijg-libcap-2.75/bin"
        - "/nix/store/px08h5pmb6vr98y751ck1gwn0852iqqq-pulseaudio-17.0/bin"
        - "/nix/store/3gr0qipg80ln2j3wcpafxkp5k2zngrpa-compiler-rt-libc-19.1.7/bin"
        - "/nix/store/7fjnb79r7p38piiyn5xwgcj5w7fpfi02-findutils-4.10.0/bin"
        - "/nix/store/1pi99mlqimxmqm1jvllbcaj8v16w2nbv-diffutils-3.12/bin"
        - "/nix/store/x23s7lcvhf18zz3rj543680jgrj71vil-gnused-4.9/bin"
        - "/nix/store/8b4vn1iyn6kqiisjvlmv67d1c0p3j6wj-gnugrep-3.11/bin"
        - "/nix/store/n8825s8qprf8p70m0hq6pz7rvlnsxdjm-gawk-5.3.2/bin"
        - "/nix/store/7nilh5hvnfbsx3vn020pkjkgx9rgsizb-gnutar-1.35/bin"
        - "/nix/store/gqpd9ax2s6jjf7mjyv1q7bwbsycyaxic-gzip-1.14/bin"
        - "/nix/store/28z6bx9sg0lsr7wra22pbjsk6fzfphy4-bzip2-1.0.8-bin/bin"
        - "/nix/store/8dl5ryfna3hjqhvnkw7srm6wnka6agxl-gnumake-4.4.1/bin"
        - "/nix/store/ih68ar79msmj0496pgld4r3vqfr7bbin-bash-5.2p37/bin"
        - "/nix/store/kc8h52p4dfgajrg3qlgx246hl0znr213-patch-2.7.6/bin"
        - "/nix/store/cmv326slnswzsjm2sqgbz16hzzqvkfjy-xz-5.8.1-bin/bin"
        - "/nix/store/v5skl3bspzhm2y13vcxcrw8w29g6phi0-file-5.45/bin"
        - "/nix/store/p7z3r09ci37sz5xzlddlqpgvcvcn764r-pid1/bin"
        - "/nix/store/kn30pk1h3p7rqxhzl4xl809mcvy55p3k-replit-runtime-path/bin"
        - "/usr/local/sbin"
        - "/usr/local/bin"
        - "/usr/sbin"
        - "/usr/bin"
        - "/sbin"
        - "/bin"
        - "/home/runner/workspace/thirdparty/vcpkg/downloads/tools/ninja-1.13.2-linux"
      CMAKE_INSTALL_PREFIX: "/home/runner/workspace/thirdparty/vcpkg/packages/zlib_arm64-android/debug"
      CMAKE_SYSTEM_PREFIX_PATH:
        - "/usr/lib/aarch64-linux-android/28"
      CMAKE_SYSROOT: "/home/runner/workspace/.ndk-tools/android-ndk-r27c/toolchains/llvm/prebuilt/linux-x86_64/sysroot"
      CMAKE_FIND_ROOT_PATH: "/home/runner/workspace/out/build/android-debug/vcpkg_installed/arm64-android/debug;/home/runner/workspace/out/build/android-debug/vcpkg_installed/arm64-android;/home/runner/workspace/.ndk-tools/android-ndk-r27c"
      CMAKE_SYSTEM_IGNORE_PATH:
        - "/home/runner/workspace/.ndk-tools/android-ndk-r27c/toolchains/llvm/prebuilt/linux-x86_64/lib"
        - "/home/runner/workspace/.ndk-tools/android-ndk-r27c/toolchains/llvm/prebuilt/linux-x86_64/lib"
  -
    kind: "find-v1"
    backtrace:
      - "/home/runner/workspace/thirdparty/vcpkg/downloads/tools/cmake-4.3.3-linux/cmake-4.3.3-linux-x86_64/share/cmake-4.3/Modules/Compiler/Clang-FindBinUtils.cmake:26 (find_program)"
      - "/home/runner/workspace/thirdparty/vcpkg/downloads/tools/cmake-4.3.3-linux/cmake-4.3.3-linux-x86_64/share/cmake-4.3/Modules/CMakeDetermineCCompiler.cmake:201 (include)"
      - "CMakeLists.txt:4 (project)"
    mode: "program"
    variable: "CMAKE_C_COMPILER_AR"
    description: "LLVM archiver"
    settings:
      SearchFramework: "LAST"
      SearchAppBundle: "LAST"
      CMAKE_FIND_USE_CMAKE_PATH: false
      CMAKE_FIND_USE_CMAKE_ENVIRONMENT_PATH: false
      CMAKE_FIND_USE_SYSTEM_ENVIRONMENT_PATH: true
      CMAKE_FIND_USE_CMAKE_SYSTEM_PATH: true
      CMAKE_FIND_USE_INSTALL_PREFIX: true
    names:
      - "llvm-ar-18.0"
      - "llvm-ar-18"
      - "llvm-ar18"
      - "llvm-ar"
    candidate_directories:
      - "/home/runner/workspace/.ndk-tools/android-ndk-r27c/toolchains/llvm/prebuilt/linux-x86_64/bin/"
      - "/nix/store/0nxvi9r5ymdlr2p24rjj9qzyms72zld1-bash-interactive-5.2p37/bin/"
      - "/nix/store/0flj33q30lmzdjagwjqh964qmiyklww2-patchelf-0.15.0/bin/"
      - "/nix/store/a0d7m3zn9p2dfa1h7ag9h2wzzr2w25sn-gcc-wrapper-14.2.1.20250322/bin/"
      - "/nix/store/6i862vz60awrlsila8vw18rg4d4l66iy-gcc-14.2.1.20250322/bin/"
      - "/nix/store/y2xdxp8r4g92q28am6mbxj44rivnyirl-glibc-2.40-66-bin/bin/"
      - "/nix/store/mp7ba85zcqdj2sqwa29pql02s6nqpcxy-coreutils-9.7/bin/"
      - "/nix/store/2gkh9v7wrzjq6ws312c6z6ajwnjvwcmb-binutils-wrapper-2.44/bin/"
      - "/nix/store/mkvc0lnnpmi604rqsjdlv1pmhr638nbd-binutils-2.44/bin/"
      - "/nix/store/d667kdfbfn17905f7kmdl33r9gvwzaji-pkg-config-wrapper-0.29.2/bin/"
      - "/nix/store/bw1i8r1ilp79xyybr2n633aq3jj1wrrd-llvm-19.1.7-dev/bin/"
      - "/nix/store/c4ibx1x2y2xn21zij6nnpcmnrclp58wq-ncurses-6.5-dev/bin/"
      - "/nix/store/4mys0gv17cn0lrdvlhks0zx27854nmkg-ncurses-6.5/bin/"
      - "/nix/store/161jifxkx05qmjvrz7i6yqjkbs0qibyl-llvm-19.1.7/bin/"
      - "/nix/store/4bb195ym905lzvwnbm86nxz2j625hrv4-clang-wrapper-19.1.7/bin/"
      - "/nix/store/x6rsdc4s0f1j9bn1cx2h1l5fj8765ykw-clang-19.1.7/bin/"
      - "/nix/store/vkxrkqv0kfi51w4ckly1slj62wa5iryp-binutils-wrapper-2.44/bin/"
      - "/nix/store/mrkrlw6g3a7gp9a50dawfzirzhw8945v-ninja-1.12.1/bin/"
      - "/nix/store/29ax4k0a83zhz43lb73cv610d95wdsx1-cmake-3.31.6/bin/"
      - "/nix/store/igfbwifcgda365wl2ldzhrvgp72w19c4-unzip-6.0/bin/"
      - "/nix/store/cpwib3zazj49fm0y04y53w4xkbqsgrgm-mesa-25.0.7/bin/"
      - "/nix/store/3r2184gwq0cjmwf9f819xdm2ggqnjijg-libcap-2.75/bin/"
      - "/nix/store/px08h5pmb6vr98y751ck1gwn0852iqqq-pulseaudio-17.0/bin/"
      - "/nix/store/3gr0qipg80ln2j3wcpafxkp5k2zngrpa-compiler-rt-libc-19.1.7/bin/"
      - "/nix/store/7fjnb79r7p38piiyn5xwgcj5w7fpfi02-findutils-4.10.0/bin/"
      - "/nix/store/1pi99mlqimxmqm1jvllbcaj8v16w2nbv-diffutils-3.12/bin/"
      - "/nix/store/x23s7lcvhf18zz3rj543680jgrj71vil-gnused-4.9/bin/"
      - "/nix/store/8b4vn1iyn6kqiisjvlmv67d1c0p3j6wj-gnugrep-3.11/bin/"
      - "/nix/store/n8825s8qprf8p70m0hq6pz7rvlnsxdjm-gawk-5.3.2/bin/"
      - "/nix/store/7nilh5hvnfbsx3vn020pkjkgx9rgsizb-gnutar-1.35/bin/"
      - "/nix/store/gqpd9ax2s6jjf7mjyv1q7bwbsycyaxic-gzip-1.14/bin/"
      - "/nix/store/28z6bx9sg0lsr7wra22pbjsk6fzfphy4-bzip2-1.0.8-bin/bin/"
      - "/nix/store/8dl5ryfna3hjqhvnkw7srm6wnka6agxl-gnumake-4.4.1/bin/"
      - "/nix/store/ih68ar79msmj0496pgld4r3vqfr7bbin-bash-5.2p37/bin/"
      - "/nix/store/kc8h52p4dfgajrg3qlgx246hl0znr213-patch-2.7.6/bin/"
      - "/nix/store/cmv326slnswzsjm2sqgbz16hzzqvkfjy-xz-5.8.1-bin/bin/"
      - "/nix/store/v5skl3bspzhm2y13vcxcrw8w29g6phi0-file-5.45/bin/"
      - "/nix/store/p7z3r09ci37sz5xzlddlqpgvcvcn764r-pid1/bin/"
      - "/nix/store/kn30pk1h3p7rqxhzl4xl809mcvy55p3k-replit-runtime-path/bin/"
      - "/usr/local/sbin/"
      - "/usr/local/bin/"
      - "/usr/sbin/"
      - "/usr/bin/"
      - "/sbin/"
      - "/bin/"
      - "/home/runner/workspace/thirdparty/vcpkg/downloads/tools/ninja-1.13.2-linux/"
      - "/usr/lib/aarch64-linux-android/28/bin/"
      - "/usr/lib/aarch64-linux-android/28/sbin/"
      - "/usr/lib/aarch64-linux-android/28/"
    searched_directories:
      - "/home/runner/workspace/.ndk-tools/android-ndk-r27c/toolchains/llvm/prebuilt/linux-x86_64/bin/llvm-ar-18.0"
      - "/nix/store/0nxvi9r5ymdlr2p24rjj9qzyms72zld1-bash-interactive-5.2p37/bin/llvm-ar-18.0"
      - "/nix/store/0flj33q30lmzdjagwjqh964qmiyklww2-patchelf-0.15.0/bin/llvm-ar-18.0"
      - "/nix/store/a0d7m3zn9p2dfa1h7ag9h2wzzr2w25sn-gcc-wrapper-14.2.1.20250322/bin/llvm-ar-18.0"
      - "/nix/store/6i862vz60awrlsila8vw18rg4d4l66iy-gcc-14.2.1.20250322/bin/llvm-ar-18.0"
      - "/nix/store/y2xdxp8r4g92q28am6mbxj44rivnyirl-glibc-2.40-66-bin/bin/llvm-ar-18.0"
      - "/nix/store/mp7ba85zcqdj2sqwa29pql02s6nqpcxy-coreutils-9.7/bin/llvm-ar-18.0"
      - "/nix/store/2gkh9v7wrzjq6ws312c6z6ajwnjvwcmb-binutils-wrapper-2.44/bin/llvm-ar-18.0"
      - "/nix/store/mkvc0lnnpmi604rqsjdlv1pmhr638nbd-binutils-2.44/bin/llvm-ar-18.0"
      - "/nix/store/d667kdfbfn17905f7kmdl33r9gvwzaji-pkg-config-wrapper-0.29.2/bin/llvm-ar-18.0"
      - "/nix/store/bw1i8r1ilp79xyybr2n633aq3jj1wrrd-llvm-19.1.7-dev/bin/llvm-ar-18.0"
      - "/nix/store/c4ibx1x2y2xn21zij6nnpcmnrclp58wq-ncurses-6.5-dev/bin/llvm-ar-18.0"
      - "/nix/store/4mys0gv17cn0lrdvlhks0zx27854nmkg-ncurses-6.5/bin/llvm-ar-18.0"
      - "/nix/store/161jifxkx05qmjvrz7i6yqjkbs0qibyl-llvm-19.1.7/bin/llvm-ar-18.0"
      - "/nix/store/4bb195ym905lzvwnbm86nxz2j625hrv4-clang-wrapper-19.1.7/bin/llvm-ar-18.0"
      - "/nix/store/x6rsdc4s0f1j9bn1cx2h1l5fj8765ykw-clang-19.1.7/bin/llvm-ar-18.0"
      - "/nix/store/vkxrkqv0kfi51w4ckly1slj62wa5iryp-binutils-wrapper-2.44/bin/llvm-ar-18.0"
      - "/nix/store/mrkrlw6g3a7gp9a50dawfzirzhw8945v-ninja-1.12.1/bin/llvm-ar-18.0"
      - "/nix/store/29ax4k0a83zhz43lb73cv610d95wdsx1-cmake-3.31.6/bin/llvm-ar-18.0"
      - "/nix/store/igfbwifcgda365wl2ldzhrvgp72w19c4-unzip-6.0/bin/llvm-ar-18.0"
      - "/nix/store/cpwib3zazj49fm0y04y53w4xkbqsgrgm-mesa-25.0.7/bin/llvm-ar-18.0"
      - "/nix/store/3r2184gwq0cjmwf9f819xdm2ggqnjijg-libcap-2.75/bin/llvm-ar-18.0"
      - "/nix/store/px08h5pmb6vr98y751ck1gwn0852iqqq-pulseaudio-17.0/bin/llvm-ar-18.0"
      - "/nix/store/3gr0qipg80ln2j3wcpafxkp5k2zngrpa-compiler-rt-libc-19.1.7/bin/llvm-ar-18.0"
      - "/nix/store/7fjnb79r7p38piiyn5xwgcj5w7fpfi02-findutils-4.10.0/bin/llvm-ar-18.0"
      - "/nix/store/1pi99mlqimxmqm1jvllbcaj8v16w2nbv-diffutils-3.12/bin/llvm-ar-18.0"
      - "/nix/store/x23s7lcvhf18zz3rj543680jgrj71vil-gnused-4.9/bin/llvm-ar-18.0"
      - "/nix/store/8b4vn1iyn6kqiisjvlmv67d1c0p3j6wj-gnugrep-3.11/bin/llvm-ar-18.0"
      - "/nix/store/n8825s8qprf8p70m0hq6pz7rvlnsxdjm-gawk-5.3.2/bin/llvm-ar-18.0"
      - "/nix/store/7nilh5hvnfbsx3vn020pkjkgx9rgsizb-gnutar-1.35/bin/llvm-ar-18.0"
      - "/nix/store/gqpd9ax2s6jjf7mjyv1q7bwbsycyaxic-gzip-1.14/bin/llvm-ar-18.0"
      - "/nix/store/28z6bx9sg0lsr7wra22pbjsk6fzfphy4-bzip2-1.0.8-bin/bin/llvm-ar-18.0"
      - "/nix/store/8dl5ryfna3hjqhvnkw7srm6wnka6agxl-gnumake-4.4.1/bin/llvm-ar-18.0"
      - "/nix/store/ih68ar79msmj0496pgld4r3vqfr7bbin-bash-5.2p37/bin/llvm-ar-18.0"
      - "/nix/store/kc8h52p4dfgajrg3qlgx246hl0znr213-patch-2.7.6/bin/llvm-ar-18.0"
      - "/nix/store/cmv326slnswzsjm2sqgbz16hzzqvkfjy-xz-5.8.1-bin/bin/llvm-ar-18.0"
      - "/nix/store/v5skl3bspzhm2y13vcxcrw8w29g6phi0-file-5.45/bin/llvm-ar-18.0"
      - "/nix/store/p7z3r09ci37sz5xzlddlqpgvcvcn764r-pid1/bin/llvm-ar-18.0"
      - "/nix/store/kn30pk1h3p7rqxhzl4xl809mcvy55p3k-replit-runtime-path/bin/llvm-ar-18.0"
      - "/usr/local/sbin/llvm-ar-18.0"
      - "/usr/local/bin/llvm-ar-18.0"
      - "/usr/sbin/llvm-ar-18.0"
      - "/usr/bin/llvm-ar-18.0"
      - "/sbin/llvm-ar-18.0"
      - "/bin/llvm-ar-18.0"
      - "/home/runner/workspace/thirdparty/vcpkg/downloads/tools/ninja-1.13.2-linux/llvm-ar-18.0"
      - "/usr/lib/aarch64-linux-android/28/bin/llvm-ar-18.0"
      - "/usr/lib/aarch64-linux-android/28/sbin/llvm-ar-18.0"
      - "/usr/lib/aarch64-linux-android/28/llvm-ar-18.0"
      - "/home/runner/workspace/.ndk-tools/android-ndk-r27c/toolchains/llvm/prebuilt/linux-x86_64/bin/llvm-ar-18"
      - "/nix/store/0nxvi9r5ymdlr2p24rjj9qzyms72zld1-bash-interactive-5.2p37/bin/llvm-ar-18"
      - "/nix/store/0flj33q30lmzdjagwjqh964qmiyklww2-patchelf-0.15.0/bin/llvm-ar-18"
      - "/nix/store/a0d7m3zn9p2dfa1h7ag9h2wzzr2w25sn-gcc-wrapper-14.2.1.20250322/bin/llvm-ar-18"
      - "/nix/store/6i862vz60awrlsila8vw18rg4d4l66iy-gcc-14.2.1.20250322/bin/llvm-ar-18"
      - "/nix/store/y2xdxp8r4g92q28am6mbxj44rivnyirl-glibc-2.40-66-bin/bin/llvm-ar-18"
      - "/nix/store/mp7ba85zcqdj2sqwa29pql02s6nqpcxy-coreutils-9.7/bin/llvm-ar-18"
      - "/nix/store/2gkh9v7wrzjq6ws312c6z6ajwnjvwcmb-binutils-wrapper-2.44/bin/llvm-ar-18"
      - "/nix/store/mkvc0lnnpmi604rqsjdlv1pmhr638nbd-binutils-2.44/bin/llvm-ar-18"
      - "/nix/store/d667kdfbfn17905f7kmdl33r9gvwzaji-pkg-config-wrapper-0.29.2/bin/llvm-ar-18"
      - "/nix/store/bw1i8r1ilp79xyybr2n633aq3jj1wrrd-llvm-19.1.7-dev/bin/llvm-ar-18"
      - "/nix/store/c4ibx1x2y2xn21zij6nnpcmnrclp58wq-ncurses-6.5-dev/bin/llvm-ar-18"
      - "/nix/store/4mys0gv17cn0lrdvlhks0zx27854nmkg-ncurses-6.5/bin/llvm-ar-18"
      - "/nix/store/161jifxkx05qmjvrz7i6yqjkbs0qibyl-llvm-19.1.7/bin/llvm-ar-18"
      - "/nix/store/4bb195ym905lzvwnbm86nxz2j625hrv4-clang-wrapper-19.1.7/bin/llvm-ar-18"
      - "/nix/store/x6rsdc4s0f1j9bn1cx2h1l5fj8765ykw-clang-19.1.7/bin/llvm-ar-18"
      - "/nix/store/vkxrkqv0kfi51w4ckly1slj62wa5iryp-binutils-wrapper-2.44/bin/llvm-ar-18"
      - "/nix/store/mrkrlw6g3a7gp9a50dawfzirzhw8945v-ninja-1.12.1/bin/llvm-ar-18"
      - "/nix/store/29ax4k0a83zhz43lb73cv610d95wdsx1-cmake-3.31.6/bin/llvm-ar-18"
      - "/nix/store/igfbwifcgda365wl2ldzhrvgp72w19c4-unzip-6.0/bin/llvm-ar-18"
      - "/nix/store/cpwib3zazj49fm0y04y53w4xkbqsgrgm-mesa-25.0.7/bin/llvm-ar-18"
      - "/nix/store/3r2184gwq0cjmwf9f819xdm2ggqnjijg-libcap-2.75/bin/llvm-ar-18"
      - "/nix/store/px08h5pmb6vr98y751ck1gwn0852iqqq-pulseaudio-17.0/bin/llvm-ar-18"
      - "/nix/store/3gr0qipg80ln2j3wcpafxkp5k2zngrpa-compiler-rt-libc-19.1.7/bin/llvm-ar-18"
      - "/nix/store/7fjnb79r7p38piiyn5xwgcj5w7fpfi02-findutils-4.10.0/bin/llvm-ar-18"
      - "/nix/store/1pi99mlqimxmqm1jvllbcaj8v16w2nbv-diffutils-3.12/bin/llvm-ar-18"
      - "/nix/store/x23s7lcvhf18zz3rj543680jgrj71vil-gnused-4.9/bin/llvm-ar-18"
      - "/nix/store/8b4vn1iyn6kqiisjvlmv67d1c0p3j6wj-gnugrep-3.11/bin/llvm-ar-18"
      - "/nix/store/n8825s8qprf8p70m0hq6pz7rvlnsxdjm-gawk-5.3.2/bin/llvm-ar-18"
      - "/nix/store/7nilh5hvnfbsx3vn020pkjkgx9rgsizb-gnutar-1.35/bin/llvm-ar-18"
      - "/nix/store/gqpd9ax2s6jjf7mjyv1q7bwbsycyaxic-gzip-1.14/bin/llvm-ar-18"
      - "/nix/store/28z6bx9sg0lsr7wra22pbjsk6fzfphy4-bzip2-1.0.8-bin/bin/llvm-ar-18"
      - "/nix/store/8dl5ryfna3hjqhvnkw7srm6wnka6agxl-gnumake-4.4.1/bin/llvm-ar-18"
      - "/nix/store/ih68ar79msmj0496pgld4r3vqfr7bbin-bash-5.2p37/bin/llvm-ar-18"
      - "/nix/store/kc8h52p4dfgajrg3qlgx246hl0znr213-patch-2.7.6/bin/llvm-ar-18"
      - "/nix/store/cmv326slnswzsjm2sqgbz16hzzqvkfjy-xz-5.8.1-bin/bin/llvm-ar-18"
      - "/nix/store/v5skl3bspzhm2y13vcxcrw8w29g6phi0-file-5.45/bin/llvm-ar-18"
      - "/nix/store/p7z3r09ci37sz5xzlddlqpgvcvcn764r-pid1/bin/llvm-ar-18"
      - "/nix/store/kn30pk1h3p7rqxhzl4xl809mcvy55p3k-replit-runtime-path/bin/llvm-ar-18"
      - "/usr/local/sbin/llvm-ar-18"
      - "/usr/local/bin/llvm-ar-18"
      - "/usr/sbin/llvm-ar-18"
      - "/usr/bin/llvm-ar-18"
      - "/sbin/llvm-ar-18"
      - "/bin/llvm-ar-18"
      - "/home/runner/workspace/thirdparty/vcpkg/downloads/tools/ninja-1.13.2-linux/llvm-ar-18"
      - "/usr/lib/aarch64-linux-android/28/bin/llvm-ar-18"
      - "/usr/lib/aarch64-linux-android/28/sbin/llvm-ar-18"
      - "/usr/lib/aarch64-linux-android/28/llvm-ar-18"
      - "/home/runner/workspace/.ndk-tools/android-ndk-r27c/toolchains/llvm/prebuilt/linux-x86_64/bin/llvm-ar18"
      - "/nix/store/0nxvi9r5ymdlr2p24rjj9qzyms72zld1-bash-interactive-5.2p37/bin/llvm-ar18"
      - "/nix/store/0flj33q30lmzdjagwjqh964qmiyklww2-patchelf-0.15.0/bin/llvm-ar18"
      - "/nix/store/a0d7m3zn9p2dfa1h7ag9h2wzzr2w25sn-gcc-wrapper-14.2.1.20250322/bin/llvm-ar18"
      - "/nix/store/6i862vz60awrlsila8vw18rg4d4l66iy-gcc-14.2.1.20250322/bin/llvm-ar18"
      - "/nix/store/y2xdxp8r4g92q28am6mbxj44rivnyirl-glibc-2.40-66-bin/bin/llvm-ar18"
      - "/nix/store/mp7ba85zcqdj2sqwa29pql02s6nqpcxy-coreutils-9.7/bin/llvm-ar18"
      - "/nix/store/2gkh9v7wrzjq6ws312c6z6ajwnjvwcmb-binutils-wrapper-2.44/bin/llvm-ar18"
      - "/nix/store/mkvc0lnnpmi604rqsjdlv1pmhr638nbd-binutils-2.44/bin/llvm-ar18"
      - "/nix/store/d667kdfbfn17905f7kmdl33r9gvwzaji-pkg-config-wrapper-0.29.2/bin/llvm-ar18"
      - "/nix/store/bw1i8r1ilp79xyybr2n633aq3jj1wrrd-llvm-19.1.7-dev/bin/llvm-ar18"
      - "/nix/store/c4ibx1x2y2xn21zij6nnpcmnrclp58wq-ncurses-6.5-dev/bin/llvm-ar18"
      - "/nix/store/4mys0gv17cn0lrdvlhks0zx27854nmkg-ncurses-6.5/bin/llvm-ar18"
      - "/nix/store/161jifxkx05qmjvrz7i6yqjkbs0qibyl-llvm-19.1.7/bin/llvm-ar18"
      - "/nix/store/4bb195ym905lzvwnbm86nxz2j625hrv4-clang-wrapper-19.1.7/bin/llvm-ar18"
      - "/nix/store/x6rsdc4s0f1j9bn1cx2h1l5fj8765ykw-clang-19.1.7/bin/llvm-ar18"
      - "/nix/store/vkxrkqv0kfi51w4ckly1slj62wa5iryp-binutils-wrapper-2.44/bin/llvm-ar18"
      - "/nix/store/mrkrlw6g3a7gp9a50dawfzirzhw8945v-ninja-1.12.1/bin/llvm-ar18"
      - "/nix/store/29ax4k0a83zhz43lb73cv610d95wdsx1-cmake-3.31.6/bin/llvm-ar18"
      - "/nix/store/igfbwifcgda365wl2ldzhrvgp72w19c4-unzip-6.0/bin/llvm-ar18"
      - "/nix/store/cpwib3zazj49fm0y04y53w4xkbqsgrgm-mesa-25.0.7/bin/llvm-ar18"
      - "/nix/store/3r2184gwq0cjmwf9f819xdm2ggqnjijg-libcap-2.75/bin/llvm-ar18"
      - "/nix/store/px08h5pmb6vr98y751ck1gwn0852iqqq-pulseaudio-17.0/bin/llvm-ar18"
      - "/nix/store/3gr0qipg80ln2j3wcpafxkp5k2zngrpa-compiler-rt-libc-19.1.7/bin/llvm-ar18"
      - "/nix/store/7fjnb79r7p38piiyn5xwgcj5w7fpfi02-findutils-4.10.0/bin/llvm-ar18"
      - "/nix/store/1pi99mlqimxmqm1jvllbcaj8v16w2nbv-diffutils-3.12/bin/llvm-ar18"
      - "/nix/store/x23s7lcvhf18zz3rj543680jgrj71vil-gnused-4.9/bin/llvm-ar18"
      - "/nix/store/8b4vn1iyn6kqiisjvlmv67d1c0p3j6wj-gnugrep-3.11/bin/llvm-ar18"
      - "/nix/store/n8825s8qprf8p70m0hq6pz7rvlnsxdjm-gawk-5.3.2/bin/llvm-ar18"
      - "/nix/store/7nilh5hvnfbsx3vn020pkjkgx9rgsizb-gnutar-1.35/bin/llvm-ar18"
      - "/nix/store/gqpd9ax2s6jjf7mjyv1q7bwbsycyaxic-gzip-1.14/bin/llvm-ar18"
      - "/nix/store/28z6bx9sg0lsr7wra22pbjsk6fzfphy4-bzip2-1.0.8-bin/bin/llvm-ar18"
      - "/nix/store/8dl5ryfna3hjqhvnkw7srm6wnka6agxl-gnumake-4.4.1/bin/llvm-ar18"
      - "/nix/store/ih68ar79msmj0496pgld4r3vqfr7bbin-bash-5.2p37/bin/llvm-ar18"
      - "/nix/store/kc8h52p4dfgajrg3qlgx246hl0znr213-patch-2.7.6/bin/llvm-ar18"
      - "/nix/store/cmv326slnswzsjm2sqgbz16hzzqvkfjy-xz-5.8.1-bin/bin/llvm-ar18"
      - "/nix/store/v5skl3bspzhm2y13vcxcrw8w29g6phi0-file-5.45/bin/llvm-ar18"
      - "/nix/store/p7z3r09ci37sz5xzlddlqpgvcvcn764r-pid1/bin/llvm-ar18"
      - "/nix/store/kn30pk1h3p7rqxhzl4xl809mcvy55p3k-replit-runtime-path/bin/llvm-ar18"
      - "/usr/local/sbin/llvm-ar18"
      - "/usr/local/bin/llvm-ar18"
      - "/usr/sbin/llvm-ar18"
      - "/usr/bin/llvm-ar18"
      - "/sbin/llvm-ar18"
      - "/bin/llvm-ar18"
      - "/home/runner/workspace/thirdparty/vcpkg/downloads/tools/ninja-1.13.2-linux/llvm-ar18"
      - "/usr/lib/aarch64-linux-android/28/bin/llvm-ar18"
      - "/usr/lib/aarch64-linux-android/28/sbin/llvm-ar18"
      - "/usr/lib/aarch64-linux-android/28/llvm-ar18"
    found: "/home/runner/workspace/.ndk-tools/android-ndk-r27c/toolchains/llvm/prebuilt/linux-x86_64/bin/llvm-ar"
    search_context:
      CMAKE_PROGRAM_PATH:
        - "/home/runner/workspace/out/build/android-debug/vcpkg_installed/arm64-android/tools"
      CMAKE_PREFIX_PATH:
        - "/home/runner/workspace/out/build/android-debug/vcpkg_installed/arm64-android/debug"
        - "/home/runner/workspace/out/build/android-debug/vcpkg_installed/arm64-android"
        - "/home/runner/workspace/.ndk-tools/android-ndk-r27c/toolchains/llvm/prebuilt/linux-x86_64"
        - "/"
      ENV{PATH}:
        - "/nix/store/0nxvi9r5ymdlr2p24rjj9qzyms72zld1-bash-interactive-5.2p37/bin"
        - "/nix/store/0flj33q30lmzdjagwjqh964qmiyklww2-patchelf-0.15.0/bin"
        - "/nix/store/a0d7m3zn9p2dfa1h7ag9h2wzzr2w25sn-gcc-wrapper-14.2.1.20250322/bin"
        - "/nix/store/6i862vz60awrlsila8vw18rg4d4l66iy-gcc-14.2.1.20250322/bin"
        - "/nix/store/y2xdxp8r4g92q28am6mbxj44rivnyirl-glibc-2.40-66-bin/bin"
        - "/nix/store/mp7ba85zcqdj2sqwa29pql02s6nqpcxy-coreutils-9.7/bin"
        - "/nix/store/2gkh9v7wrzjq6ws312c6z6ajwnjvwcmb-binutils-wrapper-2.44/bin"
        - "/nix/store/mkvc0lnnpmi604rqsjdlv1pmhr638nbd-binutils-2.44/bin"
        - "/nix/store/d667kdfbfn17905f7kmdl33r9gvwzaji-pkg-config-wrapper-0.29.2/bin"
        - "/nix/store/bw1i8r1ilp79xyybr2n633aq3jj1wrrd-llvm-19.1.7-dev/bin"
        - "/nix/store/c4ibx1x2y2xn21zij6nnpcmnrclp58wq-ncurses-6.5-dev/bin"
        - "/nix/store/4mys0gv17cn0lrdvlhks0zx27854nmkg-ncurses-6.5/bin"
        - "/nix/store/161jifxkx05qmjvrz7i6yqjkbs0qibyl-llvm-19.1.7/bin"
        - "/nix/store/4bb195ym905lzvwnbm86nxz2j625hrv4-clang-wrapper-19.1.7/bin"
        - "/nix/store/x6rsdc4s0f1j9bn1cx2h1l5fj8765ykw-clang-19.1.7/bin"
        - "/nix/store/vkxrkqv0kfi51w4ckly1slj62wa5iryp-binutils-wrapper-2.44/bin"
        - "/nix/store/mrkrlw6g3a7gp9a50dawfzirzhw8945v-ninja-1.12.1/bin"
        - "/nix/store/29ax4k0a83zhz43lb73cv610d95wdsx1-cmake-3.31.6/bin"
        - "/nix/store/igfbwifcgda365wl2ldzhrvgp72w19c4-unzip-6.0/bin"
        - "/nix/store/cpwib3zazj49fm0y04y53w4xkbqsgrgm-mesa-25.0.7/bin"
        - "/nix/store/3r2184gwq0cjmwf9f819xdm2ggqnjijg-libcap-2.75/bin"
        - "/nix/store/px08h5pmb6vr98y751ck1gwn0852iqqq-pulseaudio-17.0/bin"
        - "/nix/store/3gr0qipg80ln2j3wcpafxkp5k2zngrpa-compiler-rt-libc-19.1.7/bin"
        - "/nix/store/7fjnb79r7p38piiyn5xwgcj5w7fpfi02-findutils-4.10.0/bin"
        - "/nix/store/1pi99mlqimxmqm1jvllbcaj8v16w2nbv-diffutils-3.12/bin"
        - "/nix/store/x23s7lcvhf18zz3rj543680jgrj71vil-gnused-4.9/bin"
        - "/nix/store/8b4vn1iyn6kqiisjvlmv67d1c0p3j6wj-gnugrep-3.11/bin"
        - "/nix/store/n8825s8qprf8p70m0hq6pz7rvlnsxdjm-gawk-5.3.2/bin"
        - "/nix/store/7nilh5hvnfbsx3vn020pkjkgx9rgsizb-gnutar-1.35/bin"
        - "/nix/store/gqpd9ax2s6jjf7mjyv1q7bwbsycyaxic-gzip-1.14/bin"
        - "/nix/store/28z6bx9sg0lsr7wra22pbjsk6fzfphy4-bzip2-1.0.8-bin/bin"
        - "/nix/store/8dl5ryfna3hjqhvnkw7srm6wnka6agxl-gnumake-4.4.1/bin"
        - "/nix/store/ih68ar79msmj0496pgld4r3vqfr7bbin-bash-5.2p37/bin"
        - "/nix/store/kc8h52p4dfgajrg3qlgx246hl0znr213-patch-2.7.6/bin"
        - "/nix/store/cmv326slnswzsjm2sqgbz16hzzqvkfjy-xz-5.8.1-bin/bin"
        - "/nix/store/v5skl3bspzhm2y13vcxcrw8w29g6phi0-file-5.45/bin"
        - "/nix/store/p7z3r09ci37sz5xzlddlqpgvcvcn764r-pid1/bin"
        - "/nix/store/kn30pk1h3p7rqxhzl4xl809mcvy55p3k-replit-runtime-path/bin"
        - "/usr/local/sbin"
        - "/usr/local/bin"
        - "/usr/sbin"
        - "/usr/bin"
        - "/sbin"
        - "/bin"
        - "/home/runner/workspace/thirdparty/vcpkg/downloads/tools/ninja-1.13.2-linux"
      CMAKE_INSTALL_PREFIX: "/home/runner/workspace/thirdparty/vcpkg/packages/zlib_arm64-android/debug"
      CMAKE_SYSTEM_PREFIX_PATH:
        - "/usr/lib/aarch64-linux-android/28"
      CMAKE_SYSROOT: "/home/runner/workspace/.ndk-tools/android-ndk-r27c/toolchains/llvm/prebuilt/linux-x86_64/sysroot"
      CMAKE_FIND_ROOT_PATH: "/home/runner/workspace/out/build/android-debug/vcpkg_installed/arm64-android/debug;/home/runner/workspace/out/build/android-debug/vcpkg_installed/arm64-android;/home/runner/workspace/.ndk-tools/android-ndk-r27c"
      CMAKE_SYSTEM_IGNORE_PATH:
        - "/home/runner/workspace/.ndk-tools/android-ndk-r27c/toolchains/llvm/prebuilt/linux-x86_64/lib"
        - "/home/runner/workspace/.ndk-tools/android-ndk-r27c/toolchains/llvm/prebuilt/linux-x86_64/lib"
  -
    kind: "find-v1"
    backtrace:
      - "/home/runner/workspace/thirdparty/vcpkg/downloads/tools/cmake-4.3.3-linux/cmake-4.3.3-linux-x86_64/share/cmake-4.3/Modules/Compiler/Clang-FindBinUtils.cmake:38 (find_program)"
      - "/home/runner/workspace/thirdparty/vcpkg/downloads/tools/cmake-4.3.3-linux/cmake-4.3.3-linux-x86_64/share/cmake-4.3/Modules/CMakeDetermineCCompiler.cmake:201 (include)"
      - "CMakeLists.txt:4 (project)"
    mode: "program"
    variable: "CMAKE_C_COMPILER_RANLIB"
    description: "Generate index for LLVM archive"
    settings:
      SearchFramework: "LAST"
      SearchAppBundle: "LAST"
      CMAKE_FIND_USE_CMAKE_PATH: false
      CMAKE_FIND_USE_CMAKE_ENVIRONMENT_PATH: false
      CMAKE_FIND_USE_SYSTEM_ENVIRONMENT_PATH: true
      CMAKE_FIND_USE_CMAKE_SYSTEM_PATH: true
      CMAKE_FIND_USE_INSTALL_PREFIX: true
    names:
      - "llvm-ranlib-18.0"
      - "llvm-ranlib-18"
      - "llvm-ranlib18"
      - "llvm-ranlib"
    candidate_directories:
      - "/home/runner/workspace/.ndk-tools/android-ndk-r27c/toolchains/llvm/prebuilt/linux-x86_64/bin/"
      - "/nix/store/0nxvi9r5ymdlr2p24rjj9qzyms72zld1-bash-interactive-5.2p37/bin/"
      - "/nix/store/0flj33q30lmzdjagwjqh964qmiyklww2-patchelf-0.15.0/bin/"
      - "/nix/store/a0d7m3zn9p2dfa1h7ag9h2wzzr2w25sn-gcc-wrapper-14.2.1.20250322/bin/"
      - "/nix/store/6i862vz60awrlsila8vw18rg4d4l66iy-gcc-14.2.1.20250322/bin/"
      - "/nix/store/y2xdxp8r4g92q28am6mbxj44rivnyirl-glibc-2.40-66-bin/bin/"
      - "/nix/store/mp7ba85zcqdj2sqwa29pql02s6nqpcxy-coreutils-9.7/bin/"
      - "/nix/store/2gkh9v7wrzjq6ws312c6z6ajwnjvwcmb-binutils-wrapper-2.44/bin/"
      - "/nix/store/mkvc0lnnpmi604rqsjdlv1pmhr638nbd-binutils-2.44/bin/"
      - "/nix/store/d667kdfbfn17905f7kmdl33r9gvwzaji-pkg-config-wrapper-0.29.2/bin/"
      - "/nix/store/bw1i8r1ilp79xyybr2n633aq3jj1wrrd-llvm-19.1.7-dev/bin/"
      - "/nix/store/c4ibx1x2y2xn21zij6nnpcmnrclp58wq-ncurses-6.5-dev/bin/"
      - "/nix/store/4mys0gv17cn0lrdvlhks0zx27854nmkg-ncurses-6.5/bin/"
      - "/nix/store/161jifxkx05qmjvrz7i6yqjkbs0qibyl-llvm-19.1.7/bin/"
      - "/nix/store/4bb195ym905lzvwnbm86nxz2j625hrv4-clang-wrapper-19.1.7/bin/"
      - "/nix/store/x6rsdc4s0f1j9bn1cx2h1l5fj8765ykw-clang-19.1.7/bin/"
      - "/nix/store/vkxrkqv0kfi51w4ckly1slj62wa5iryp-binutils-wrapper-2.44/bin/"
      - "/nix/store/mrkrlw6g3a7gp9a50dawfzirzhw8945v-ninja-1.12.1/bin/"
      - "/nix/store/29ax4k0a83zhz43lb73cv610d95wdsx1-cmake-3.31.6/bin/"
      - "/nix/store/igfbwifcgda365wl2ldzhrvgp72w19c4-unzip-6.0/bin/"
      - "/nix/store/cpwib3zazj49fm0y04y53w4xkbqsgrgm-mesa-25.0.7/bin/"
      - "/nix/store/3r2184gwq0cjmwf9f819xdm2ggqnjijg-libcap-2.75/bin/"
      - "/nix/store/px08h5pmb6vr98y751ck1gwn0852iqqq-pulseaudio-17.0/bin/"
      - "/nix/store/3gr0qipg80ln2j3wcpafxkp5k2zngrpa-compiler-rt-libc-19.1.7/bin/"
      - "/nix/store/7fjnb79r7p38piiyn5xwgcj5w7fpfi02-findutils-4.10.0/bin/"
      - "/nix/store/1pi99mlqimxmqm1jvllbcaj8v16w2nbv-diffutils-3.12/bin/"
      - "/nix/store/x23s7lcvhf18zz3rj543680jgrj71vil-gnused-4.9/bin/"
      - "/nix/store/8b4vn1iyn6kqiisjvlmv67d1c0p3j6wj-gnugrep-3.11/bin/"
      - "/nix/store/n8825s8qprf8p70m0hq6pz7rvlnsxdjm-gawk-5.3.2/bin/"
      - "/nix/store/7nilh5hvnfbsx3vn020pkjkgx9rgsizb-gnutar-1.35/bin/"
      - "/nix/store/gqpd9ax2s6jjf7mjyv1q7bwbsycyaxic-gzip-1.14/bin/"
      - "/nix/store/28z6bx9sg0lsr7wra22pbjsk6fzfphy4-bzip2-1.0.8-bin/bin/"
      - "/nix/store/8dl5ryfna3hjqhvnkw7srm6wnka6agxl-gnumake-4.4.1/bin/"
      - "/nix/store/ih68ar79msmj0496pgld4r3vqfr7bbin-bash-5.2p37/bin/"
      - "/nix/store/kc8h52p4dfgajrg3qlgx246hl0znr213-patch-2.7.6/bin/"
      - "/nix/store/cmv326slnswzsjm2sqgbz16hzzqvkfjy-xz-5.8.1-bin/bin/"
      - "/nix/store/v5skl3bspzhm2y13vcxcrw8w29g6phi0-file-5.45/bin/"
      - "/nix/store/p7z3r09ci37sz5xzlddlqpgvcvcn764r-pid1/bin/"
      - "/nix/store/kn30pk1h3p7rqxhzl4xl809mcvy55p3k-replit-runtime-path/bin/"
      - "/usr/local/sbin/"
      - "/usr/local/bin/"
      - "/usr/sbin/"
      - "/usr/bin/"
      - "/sbin/"
      - "/bin/"
      - "/home/runner/workspace/thirdparty/vcpkg/downloads/tools/ninja-1.13.2-linux/"
      - "/usr/lib/aarch64-linux-android/28/bin/"
      - "/usr/lib/aarch64-linux-android/28/sbin/"
      - "/usr/lib/aarch64-linux-android/28/"
    searched_directories:
      - "/home/runner/workspace/.ndk-tools/android-ndk-r27c/toolchains/llvm/prebuilt/linux-x86_64/bin/llvm-ranlib-18.0"
      - "/nix/store/0nxvi9r5ymdlr2p24rjj9qzyms72zld1-bash-interactive-5.2p37/bin/llvm-ranlib-18.0"
      - "/nix/store/0flj33q30lmzdjagwjqh964qmiyklww2-patchelf-0.15.0/bin/llvm-ranlib-18.0"
      - "/nix/store/a0d7m3zn9p2dfa1h7ag9h2wzzr2w25sn-gcc-wrapper-14.2.1.20250322/bin/llvm-ranlib-18.0"
      - "/nix/store/6i862vz60awrlsila8vw18rg4d4l66iy-gcc-14.2.1.20250322/bin/llvm-ranlib-18.0"
      - "/nix/store/y2xdxp8r4g92q28am6mbxj44rivnyirl-glibc-2.40-66-bin/bin/llvm-ranlib-18.0"
      - "/nix/store/mp7ba85zcqdj2sqwa29pql02s6nqpcxy-coreutils-9.7/bin/llvm-ranlib-18.0"
      - "/nix/store/2gkh9v7wrzjq6ws312c6z6ajwnjvwcmb-binutils-wrapper-2.44/bin/llvm-ranlib-18.0"
      - "/nix/store/mkvc0lnnpmi604rqsjdlv1pmhr638nbd-binutils-2.44/bin/llvm-ranlib-18.0"
      - "/nix/store/d667kdfbfn17905f7kmdl33r9gvwzaji-pkg-config-wrapper-0.29.2/bin/llvm-ranlib-18.0"
      - "/nix/store/bw1i8r1ilp79xyybr2n633aq3jj1wrrd-llvm-19.1.7-dev/bin/llvm-ranlib-18.0"
      - "/nix/store/c4ibx1x2y2xn21zij6nnpcmnrclp58wq-ncurses-6.5-dev/bin/llvm-ranlib-18.0"
      - "/nix/store/4mys0gv17cn0lrdvlhks0zx27854nmkg-ncurses-6.5/bin/llvm-ranlib-18.0"
      - "/nix/store/161jifxkx05qmjvrz7i6yqjkbs0qibyl-llvm-19.1.7/bin/llvm-ranlib-18.0"
      - "/nix/store/4bb195ym905lzvwnbm86nxz2j625hrv4-clang-wrapper-19.1.7/bin/llvm-ranlib-18.0"
      - "/nix/store/x6rsdc4s0f1j9bn1cx2h1l5fj8765ykw-clang-19.1.7/bin/llvm-ranlib-18.0"
      - "/nix/store/vkxrkqv0kfi51w4ckly1slj62wa5iryp-binutils-wrapper-2.44/bin/llvm-ranlib-18.0"
      - "/nix/store/mrkrlw6g3a7gp9a50dawfzirzhw8945v-ninja-1.12.1/bin/llvm-ranlib-18.0"
      - "/nix/store/29ax4k0a83zhz43lb73cv610d95wdsx1-cmake-3.31.6/bin/llvm-ranlib-18.0"
      - "/nix/store/igfbwifcgda365wl2ldzhrvgp72w19c4-unzip-6.0/bin/llvm-ranlib-18.0"
      - "/nix/store/cpwib3zazj49fm0y04y53w4xkbqsgrgm-mesa-25.0.7/bin/llvm-ranlib-18.0"
      - "/nix/store/3r2184gwq0cjmwf9f819xdm2ggqnjijg-libcap-2.75/bin/llvm-ranlib-18.0"
      - "/nix/store/px08h5pmb6vr98y751ck1gwn0852iqqq-pulseaudio-17.0/bin/llvm-ranlib-18.0"
      - "/nix/store/3gr0qipg80ln2j3wcpafxkp5k2zngrpa-compiler-rt-libc-19.1.7/bin/llvm-ranlib-18.0"
      - "/nix/store/7fjnb79r7p38piiyn5xwgcj5w7fpfi02-findutils-4.10.0/bin/llvm-ranlib-18.0"
      - "/nix/store/1pi99mlqimxmqm1jvllbcaj8v16w2nbv-diffutils-3.12/bin/llvm-ranlib-18.0"
      - "/nix/store/x23s7lcvhf18zz3rj543680jgrj71vil-gnused-4.9/bin/llvm-ranlib-18.0"
      - "/nix/store/8b4vn1iyn6kqiisjvlmv67d1c0p3j6wj-gnugrep-3.11/bin/llvm-ranlib-18.0"
      - "/nix/store/n8825s8qprf8p70m0hq6pz7rvlnsxdjm-gawk-5.3.2/bin/llvm-ranlib-18.0"
      - "/nix/store/7nilh5hvnfbsx3vn020pkjkgx9rgsizb-gnutar-1.35/bin/llvm-ranlib-18.0"
      - "/nix/store/gqpd9ax2s6jjf7mjyv1q7bwbsycyaxic-gzip-1.14/bin/llvm-ranlib-18.0"
      - "/nix/store/28z6bx9sg0lsr7wra22pbjsk6fzfphy4-bzip2-1.0.8-bin/bin/llvm-ranlib-18.0"
      - "/nix/store/8dl5ryfna3hjqhvnkw7srm6wnka6agxl-gnumake-4.4.1/bin/llvm-ranlib-18.0"
      - "/nix/store/ih68ar79msmj0496pgld4r3vqfr7bbin-bash-5.2p37/bin/llvm-ranlib-18.0"
      - "/nix/store/kc8h52p4dfgajrg3qlgx246hl0znr213-patch-2.7.6/bin/llvm-ranlib-18.0"
      - "/nix/store/cmv326slnswzsjm2sqgbz16hzzqvkfjy-xz-5.8.1-bin/bin/llvm-ranlib-18.0"
      - "/nix/store/v5skl3bspzhm2y13vcxcrw8w29g6phi0-file-5.45/bin/llvm-ranlib-18.0"
      - "/nix/store/p7z3r09ci37sz5xzlddlqpgvcvcn764r-pid1/bin/llvm-ranlib-18.0"
      - "/nix/store/kn30pk1h3p7rqxhzl4xl809mcvy55p3k-replit-runtime-path/bin/llvm-ranlib-18.0"
      - "/usr/local/sbin/llvm-ranlib-18.0"
      - "/usr/local/bin/llvm-ranlib-18.0"
      - "/usr/sbin/llvm-ranlib-18.0"
      - "/usr/bin/llvm-ranlib-18.0"
      - "/sbin/llvm-ranlib-18.0"
      - "/bin/llvm-ranlib-18.0"
      - "/home/runner/workspace/thirdparty/vcpkg/downloads/tools/ninja-1.13.2-linux/llvm-ranlib-18.0"
      - "/usr/lib/aarch64-linux-android/28/bin/llvm-ranlib-18.0"
      - "/usr/lib/aarch64-linux-android/28/sbin/llvm-ranlib-18.0"
      - "/usr/lib/aarch64-linux-android/28/llvm-ranlib-18.0"
      - "/home/runner/workspace/.ndk-tools/android-ndk-r27c/toolchains/llvm/prebuilt/linux-x86_64/bin/llvm-ranlib-18"
      - "/nix/store/0nxvi9r5ymdlr2p24rjj9qzyms72zld1-bash-interactive-5.2p37/bin/llvm-ranlib-18"
      - "/nix/store/0flj33q30lmzdjagwjqh964qmiyklww2-patchelf-0.15.0/bin/llvm-ranlib-18"
      - "/nix/store/a0d7m3zn9p2dfa1h7ag9h2wzzr2w25sn-gcc-wrapper-14.2.1.20250322/bin/llvm-ranlib-18"
      - "/nix/store/6i862vz60awrlsila8vw18rg4d4l66iy-gcc-14.2.1.20250322/bin/llvm-ranlib-18"
      - "/nix/store/y2xdxp8r4g92q28am6mbxj44rivnyirl-glibc-2.40-66-bin/bin/llvm-ranlib-18"
      - "/nix/store/mp7ba85zcqdj2sqwa29pql02s6nqpcxy-coreutils-9.7/bin/llvm-ranlib-18"
      - "/nix/store/2gkh9v7wrzjq6ws312c6z6ajwnjvwcmb-binutils-wrapper-2.44/bin/llvm-ranlib-18"
      - "/nix/store/mkvc0lnnpmi604rqsjdlv1pmhr638nbd-binutils-2.44/bin/llvm-ranlib-18"
      - "/nix/store/d667kdfbfn17905f7kmdl33r9gvwzaji-pkg-config-wrapper-0.29.2/bin/llvm-ranlib-18"
      - "/nix/store/bw1i8r1ilp79xyybr2n633aq3jj1wrrd-llvm-19.1.7-dev/bin/llvm-ranlib-18"
      - "/nix/store/c4ibx1x2y2xn21zij6nnpcmnrclp58wq-ncurses-6.5-dev/bin/llvm-ranlib-18"
      - "/nix/store/4mys0gv17cn0lrdvlhks0zx27854nmkg-ncurses-6.5/bin/llvm-ranlib-18"
      - "/nix/store/161jifxkx05qmjvrz7i6yqjkbs0qibyl-llvm-19.1.7/bin/llvm-ranlib-18"
      - "/nix/store/4bb195ym905lzvwnbm86nxz2j625hrv4-clang-wrapper-19.1.7/bin/llvm-ranlib-18"
      - "/nix/store/x6rsdc4s0f1j9bn1cx2h1l5fj8765ykw-clang-19.1.7/bin/llvm-ranlib-18"
      - "/nix/store/vkxrkqv0kfi51w4ckly1slj62wa5iryp-binutils-wrapper-2.44/bin/llvm-ranlib-18"
      - "/nix/store/mrkrlw6g3a7gp9a50dawfzirzhw8945v-ninja-1.12.1/bin/llvm-ranlib-18"
      - "/nix/store/29ax4k0a83zhz43lb73cv610d95wdsx1-cmake-3.31.6/bin/llvm-ranlib-18"
      - "/nix/store/igfbwifcgda365wl2ldzhrvgp72w19c4-unzip-6.0/bin/llvm-ranlib-18"
      - "/nix/store/cpwib3zazj49fm0y04y53w4xkbqsgrgm-mesa-25.0.7/bin/llvm-ranlib-18"
      - "/nix/store/3r2184gwq0cjmwf9f819xdm2ggqnjijg-libcap-2.75/bin/llvm-ranlib-18"
      - "/nix/store/px08h5pmb6vr98y751ck1gwn0852iqqq-pulseaudio-17.0/bin/llvm-ranlib-18"
      - "/nix/store/3gr0qipg80ln2j3wcpafxkp5k2zngrpa-compiler-rt-libc-19.1.7/bin/llvm-ranlib-18"
      - "/nix/store/7fjnb79r7p38piiyn5xwgcj5w7fpfi02-findutils-4.10.0/bin/llvm-ranlib-18"
      - "/nix/store/1pi99mlqimxmqm1jvllbcaj8v16w2nbv-diffutils-3.12/bin/llvm-ranlib-18"
      - "/nix/store/x23s7lcvhf18zz3rj543680jgrj71vil-gnused-4.9/bin/llvm-ranlib-18"
      - "/nix/store/8b4vn1iyn6kqiisjvlmv67d1c0p3j6wj-gnugrep-3.11/bin/llvm-ranlib-18"
      - "/nix/store/n8825s8qprf8p70m0hq6pz7rvlnsxdjm-gawk-5.3.2/bin/llvm-ranlib-18"
      - "/nix/store/7nilh5hvnfbsx3vn020pkjkgx9rgsizb-gnutar-1.35/bin/llvm-ranlib-18"
      - "/nix/store/gqpd9ax2s6jjf7mjyv1q7bwbsycyaxic-gzip-1.14/bin/llvm-ranlib-18"
      - "/nix/store/28z6bx9sg0lsr7wra22pbjsk6fzfphy4-bzip2-1.0.8-bin/bin/llvm-ranlib-18"
      - "/nix/store/8dl5ryfna3hjqhvnkw7srm6wnka6agxl-gnumake-4.4.1/bin/llvm-ranlib-18"
      - "/nix/store/ih68ar79msmj0496pgld4r3vqfr7bbin-bash-5.2p37/bin/llvm-ranlib-18"
      - "/nix/store/kc8h52p4dfgajrg3qlgx246hl0znr213-patch-2.7.6/bin/llvm-ranlib-18"
      - "/nix/store/cmv326slnswzsjm2sqgbz16hzzqvkfjy-xz-5.8.1-bin/bin/llvm-ranlib-18"
      - "/nix/store/v5skl3bspzhm2y13vcxcrw8w29g6phi0-file-5.45/bin/llvm-ranlib-18"
      - "/nix/store/p7z3r09ci37sz5xzlddlqpgvcvcn764r-pid1/bin/llvm-ranlib-18"
      - "/nix/store/kn30pk1h3p7rqxhzl4xl809mcvy55p3k-replit-runtime-path/bin/llvm-ranlib-18"
      - "/usr/local/sbin/llvm-ranlib-18"
      - "/usr/local/bin/llvm-ranlib-18"
      - "/usr/sbin/llvm-ranlib-18"
      - "/usr/bin/llvm-ranlib-18"
      - "/sbin/llvm-ranlib-18"
      - "/bin/llvm-ranlib-18"
      - "/home/runner/workspace/thirdparty/vcpkg/downloads/tools/ninja-1.13.2-linux/llvm-ranlib-18"
      - "/usr/lib/aarch64-linux-android/28/bin/llvm-ranlib-18"
      - "/usr/lib/aarch64-linux-android/28/sbin/llvm-ranlib-18"
      - "/usr/lib/aarch64-linux-android/28/llvm-ranlib-18"
      - "/home/runner/workspace/.ndk-tools/android-ndk-r27c/toolchains/llvm/prebuilt/linux-x86_64/bin/llvm-ranlib18"
      - "/nix/store/0nxvi9r5ymdlr2p24rjj9qzyms72zld1-bash-interactive-5.2p37/bin/llvm-ranlib18"
      - "/nix/store/0flj33q30lmzdjagwjqh964qmiyklww2-patchelf-0.15.0/bin/llvm-ranlib18"
      - "/nix/store/a0d7m3zn9p2dfa1h7ag9h2wzzr2w25sn-gcc-wrapper-14.2.1.20250322/bin/llvm-ranlib18"
      - "/nix/store/6i862vz60awrlsila8vw18rg4d4l66iy-gcc-14.2.1.20250322/bin/llvm-ranlib18"
      - "/nix/store/y2xdxp8r4g92q28am6mbxj44rivnyirl-glibc-2.40-66-bin/bin/llvm-ranlib18"
      - "/nix/store/mp7ba85zcqdj2sqwa29pql02s6nqpcxy-coreutils-9.7/bin/llvm-ranlib18"
      - "/nix/store/2gkh9v7wrzjq6ws312c6z6ajwnjvwcmb-binutils-wrapper-2.44/bin/llvm-ranlib18"
      - "/nix/store/mkvc0lnnpmi604rqsjdlv1pmhr638nbd-binutils-2.44/bin/llvm-ranlib18"
      - "/nix/store/d667kdfbfn17905f7kmdl33r9gvwzaji-pkg-config-wrapper-0.29.2/bin/llvm-ranlib18"
      - "/nix/store/bw1i8r1ilp79xyybr2n633aq3jj1wrrd-llvm-19.1.7-dev/bin/llvm-ranlib18"
      - "/nix/store/c4ibx1x2y2xn21zij6nnpcmnrclp58wq-ncurses-6.5-dev/bin/llvm-ranlib18"
      - "/nix/store/4mys0gv17cn0lrdvlhks0zx27854nmkg-ncurses-6.5/bin/llvm-ranlib18"
      - "/nix/store/161jifxkx05qmjvrz7i6yqjkbs0qibyl-llvm-19.1.7/bin/llvm-ranlib18"
      - "/nix/store/4bb195ym905lzvwnbm86nxz2j625hrv4-clang-wrapper-19.1.7/bin/llvm-ranlib18"
      - "/nix/store/x6rsdc4s0f1j9bn1cx2h1l5fj8765ykw-clang-19.1.7/bin/llvm-ranlib18"
      - "/nix/store/vkxrkqv0kfi51w4ckly1slj62wa5iryp-binutils-wrapper-2.44/bin/llvm-ranlib18"
      - "/nix/store/mrkrlw6g3a7gp9a50dawfzirzhw8945v-ninja-1.12.1/bin/llvm-ranlib18"
      - "/nix/store/29ax4k0a83zhz43lb73cv610d95wdsx1-cmake-3.31.6/bin/llvm-ranlib18"
      - "/nix/store/igfbwifcgda365wl2ldzhrvgp72w19c4-unzip-6.0/bin/llvm-ranlib18"
      - "/nix/store/cpwib3zazj49fm0y04y53w4xkbqsgrgm-mesa-25.0.7/bin/llvm-ranlib18"
      - "/nix/store/3r2184gwq0cjmwf9f819xdm2ggqnjijg-libcap-2.75/bin/llvm-ranlib18"
      - "/nix/store/px08h5pmb6vr98y751ck1gwn0852iqqq-pulseaudio-17.0/bin/llvm-ranlib18"
      - "/nix/store/3gr0qipg80ln2j3wcpafxkp5k2zngrpa-compiler-rt-libc-19.1.7/bin/llvm-ranlib18"
      - "/nix/store/7fjnb79r7p38piiyn5xwgcj5w7fpfi02-findutils-4.10.0/bin/llvm-ranlib18"
      - "/nix/store/1pi99mlqimxmqm1jvllbcaj8v16w2nbv-diffutils-3.12/bin/llvm-ranlib18"
      - "/nix/store/x23s7lcvhf18zz3rj543680jgrj71vil-gnused-4.9/bin/llvm-ranlib18"
      - "/nix/store/8b4vn1iyn6kqiisjvlmv67d1c0p3j6wj-gnugrep-3.11/bin/llvm-ranlib18"
      - "/nix/store/n8825s8qprf8p70m0hq6pz7rvlnsxdjm-gawk-5.3.2/bin/llvm-ranlib18"
      - "/nix/store/7nilh5hvnfbsx3vn020pkjkgx9rgsizb-gnutar-1.35/bin/llvm-ranlib18"
      - "/nix/store/gqpd9ax2s6jjf7mjyv1q7bwbsycyaxic-gzip-1.14/bin/llvm-ranlib18"
      - "/nix/store/28z6bx9sg0lsr7wra22pbjsk6fzfphy4-bzip2-1.0.8-bin/bin/llvm-ranlib18"
      - "/nix/store/8dl5ryfna3hjqhvnkw7srm6wnka6agxl-gnumake-4.4.1/bin/llvm-ranlib18"
      - "/nix/store/ih68ar79msmj0496pgld4r3vqfr7bbin-bash-5.2p37/bin/llvm-ranlib18"
      - "/nix/store/kc8h52p4dfgajrg3qlgx246hl0znr213-patch-2.7.6/bin/llvm-ranlib18"
      - "/nix/store/cmv326slnswzsjm2sqgbz16hzzqvkfjy-xz-5.8.1-bin/bin/llvm-ranlib18"
      - "/nix/store/v5skl3bspzhm2y13vcxcrw8w29g6phi0-file-5.45/bin/llvm-ranlib18"
      - "/nix/store/p7z3r09ci37sz5xzlddlqpgvcvcn764r-pid1/bin/llvm-ranlib18"
      - "/nix/store/kn30pk1h3p7rqxhzl4xl809mcvy55p3k-replit-runtime-path/bin/llvm-ranlib18"
      - "/usr/local/sbin/llvm-ranlib18"
      - "/usr/local/bin/llvm-ranlib18"
      - "/usr/sbin/llvm-ranlib18"
      - "/usr/bin/llvm-ranlib18"
      - "/sbin/llvm-ranlib18"
      - "/bin/llvm-ranlib18"
      - "/home/runner/workspace/thirdparty/vcpkg/downloads/tools/ninja-1.13.2-linux/llvm-ranlib18"
      - "/usr/lib/aarch64-linux-android/28/bin/llvm-ranlib18"
      - "/usr/lib/aarch64-linux-android/28/sbin/llvm-ranlib18"
      - "/usr/lib/aarch64-linux-android/28/llvm-ranlib18"
    found: "/home/runner/workspace/.ndk-tools/android-ndk-r27c/toolchains/llvm/prebuilt/linux-x86_64/bin/llvm-ranlib"
    search_context:
      CMAKE_PROGRAM_PATH:
        - "/home/runner/workspace/out/build/android-debug/vcpkg_installed/arm64-android/tools"
      CMAKE_PREFIX_PATH:
        - "/home/runner/workspace/out/build/android-debug/vcpkg_installed/arm64-android/debug"
        - "/home/runner/workspace/out/build/android-debug/vcpkg_installed/arm64-android"
        - "/home/runner/workspace/.ndk-tools/android-ndk-r27c/toolchains/llvm/prebuilt/linux-x86_64"
        - "/"
      ENV{PATH}:
        - "/nix/store/0nxvi9r5ymdlr2p24rjj9qzyms72zld1-bash-interactive-5.2p37/bin"
        - "/nix/store/0flj33q30lmzdjagwjqh964qmiyklww2-patchelf-0.15.0/bin"
        - "/nix/store/a0d7m3zn9p2dfa1h7ag9h2wzzr2w25sn-gcc-wrapper-14.2.1.20250322/bin"
        - "/nix/store/6i862vz60awrlsila8vw18rg4d4l66iy-gcc-14.2.1.20250322/bin"
        - "/nix/store/y2xdxp8r4g92q28am6mbxj44rivnyirl-glibc-2.40-66-bin/bin"
        - "/nix/store/mp7ba85zcqdj2sqwa29pql02s6nqpcxy-coreutils-9.7/bin"
        - "/nix/store/2gkh9v7wrzjq6ws312c6z6ajwnjvwcmb-binutils-wrapper-2.44/bin"
        - "/nix/store/mkvc0lnnpmi604rqsjdlv1pmhr638nbd-binutils-2.44/bin"
        - "/nix/store/d667kdfbfn17905f7kmdl33r9gvwzaji-pkg-config-wrapper-0.29.2/bin"
        - "/nix/store/bw1i8r1ilp79xyybr2n633aq3jj1wrrd-llvm-19.1.7-dev/bin"
        - "/nix/store/c4ibx1x2y2xn21zij6nnpcmnrclp58wq-ncurses-6.5-dev/bin"
        - "/nix/store/4mys0gv17cn0lrdvlhks0zx27854nmkg-ncurses-6.5/bin"
        - "/nix/store/161jifxkx05qmjvrz7i6yqjkbs0qibyl-llvm-19.1.7/bin"
        - "/nix/store/4bb195ym905lzvwnbm86nxz2j625hrv4-clang-wrapper-19.1.7/bin"
        - "/nix/store/x6rsdc4s0f1j9bn1cx2h1l5fj8765ykw-clang-19.1.7/bin"
        - "/nix/store/vkxrkqv0kfi51w4ckly1slj62wa5iryp-binutils-wrapper-2.44/bin"
        - "/nix/store/mrkrlw6g3a7gp9a50dawfzirzhw8945v-ninja-1.12.1/bin"
        - "/nix/store/29ax4k0a83zhz43lb73cv610d95wdsx1-cmake-3.31.6/bin"
        - "/nix/store/igfbwifcgda365wl2ldzhrvgp72w19c4-unzip-6.0/bin"
        - "/nix/store/cpwib3zazj49fm0y04y53w4xkbqsgrgm-mesa-25.0.7/bin"
        - "/nix/store/3r2184gwq0cjmwf9f819xdm2ggqnjijg-libcap-2.75/bin"
        - "/nix/store/px08h5pmb6vr98y751ck1gwn0852iqqq-pulseaudio-17.0/bin"
        - "/nix/store/3gr0qipg80ln2j3wcpafxkp5k2zngrpa-compiler-rt-libc-19.1.7/bin"
        - "/nix/store/7fjnb79r7p38piiyn5xwgcj5w7fpfi02-findutils-4.10.0/bin"
        - "/nix/store/1pi99mlqimxmqm1jvllbcaj8v16w2nbv-diffutils-3.12/bin"
        - "/nix/store/x23s7lcvhf18zz3rj543680jgrj71vil-gnused-4.9/bin"
        - "/nix/store/8b4vn1iyn6kqiisjvlmv67d1c0p3j6wj-gnugrep-3.11/bin"
        - "/nix/store/n8825s8qprf8p70m0hq6pz7rvlnsxdjm-gawk-5.3.2/bin"
        - "/nix/store/7nilh5hvnfbsx3vn020pkjkgx9rgsizb-gnutar-1.35/bin"
        - "/nix/store/gqpd9ax2s6jjf7mjyv1q7bwbsycyaxic-gzip-1.14/bin"
        - "/nix/store/28z6bx9sg0lsr7wra22pbjsk6fzfphy4-bzip2-1.0.8-bin/bin"
        - "/nix/store/8dl5ryfna3hjqhvnkw7srm6wnka6agxl-gnumake-4.4.1/bin"
        - "/nix/store/ih68ar79msmj0496pgld4r3vqfr7bbin-bash-5.2p37/bin"
        - "/nix/store/kc8h52p4dfgajrg3qlgx246hl0znr213-patch-2.7.6/bin"
        - "/nix/store/cmv326slnswzsjm2sqgbz16hzzqvkfjy-xz-5.8.1-bin/bin"
        - "/nix/store/v5skl3bspzhm2y13vcxcrw8w29g6phi0-file-5.45/bin"
        - "/nix/store/p7z3r09ci37sz5xzlddlqpgvcvcn764r-pid1/bin"
        - "/nix/store/kn30pk1h3p7rqxhzl4xl809mcvy55p3k-replit-runtime-path/bin"
        - "/usr/local/sbin"
        - "/usr/local/bin"
        - "/usr/sbin"
        - "/usr/bin"
        - "/sbin"
        - "/bin"
        - "/home/runner/workspace/thirdparty/vcpkg/downloads/tools/ninja-1.13.2-linux"
      CMAKE_INSTALL_PREFIX: "/home/runner/workspace/thirdparty/vcpkg/packages/zlib_arm64-android/debug"
      CMAKE_SYSTEM_PREFIX_PATH:
        - "/usr/lib/aarch64-linux-android/28"
      CMAKE_SYSROOT: "/home/runner/workspace/.ndk-tools/android-ndk-r27c/toolchains/llvm/prebuilt/linux-x86_64/sysroot"
      CMAKE_FIND_ROOT_PATH: "/home/runner/workspace/out/build/android-debug/vcpkg_installed/arm64-android/debug;/home/runner/workspace/out/build/android-debug/vcpkg_installed/arm64-android;/home/runner/workspace/.ndk-tools/android-ndk-r27c"
      CMAKE_SYSTEM_IGNORE_PATH:
        - "/home/runner/workspace/.ndk-tools/android-ndk-r27c/toolchains/llvm/prebuilt/linux-x86_64/lib"
        - "/home/runner/workspace/.ndk-tools/android-ndk-r27c/toolchains/llvm/prebuilt/linux-x86_64/lib"
  -
    kind: "find-v1"
    backtrace:
      - "/home/runner/workspace/thirdparty/vcpkg/downloads/tools/cmake-4.3.3-linux/cmake-4.3.3-linux-x86_64/share/cmake-4.3/Modules/Compiler/Clang-FindBinUtils.cmake:50 (find_program)"
      - "/home/runner/workspace/thirdparty/vcpkg/downloads/tools/cmake-4.3.3-linux/cmake-4.3.3-linux-x86_64/share/cmake-4.3/Modules/CMakeDetermineCCompiler.cmake:201 (include)"
      - "CMakeLists.txt:4 (project)"
    mode: "program"
    variable: "CMAKE_C_COMPILER_CLANG_SCAN_DEPS"
    description: "`clang-scan-deps` dependency scanner"
    settings:
      SearchFramework: "LAST"
      SearchAppBundle: "LAST"
      CMAKE_FIND_USE_CMAKE_PATH: false
      CMAKE_FIND_USE_CMAKE_ENVIRONMENT_PATH: false
      CMAKE_FIND_USE_SYSTEM_ENVIRONMENT_PATH: true
      CMAKE_FIND_USE_CMAKE_SYSTEM_PATH: true
      CMAKE_FIND_USE_INSTALL_PREFIX: true
    names:
      - "clang-scan-deps-18.0"
      - "clang-scan-deps-18"
      - "clang-scan-deps18"
      - "clang-scan-deps"
    candidate_directories:
      - "/home/runner/workspace/.ndk-tools/android-ndk-r27c/toolchains/llvm/prebuilt/linux-x86_64/bin/"
      - "/nix/store/0nxvi9r5ymdlr2p24rjj9qzyms72zld1-bash-interactive-5.2p37/bin/"
      - "/nix/store/0flj33q30lmzdjagwjqh964qmiyklww2-patchelf-0.15.0/bin/"
      - "/nix/store/a0d7m3zn9p2dfa1h7ag9h2wzzr2w25sn-gcc-wrapper-14.2.1.20250322/bin/"
      - "/nix/store/6i862vz60awrlsila8vw18rg4d4l66iy-gcc-14.2.1.20250322/bin/"
      - "/nix/store/y2xdxp8r4g92q28am6mbxj44rivnyirl-glibc-2.40-66-bin/bin/"
      - "/nix/store/mp7ba85zcqdj2sqwa29pql02s6nqpcxy-coreutils-9.7/bin/"
      - "/nix/store/2gkh9v7wrzjq6ws312c6z6ajwnjvwcmb-binutils-wrapper-2.44/bin/"
      - "/nix/store/mkvc0lnnpmi604rqsjdlv1pmhr638nbd-binutils-2.44/bin/"
      - "/nix/store/d667kdfbfn17905f7kmdl33r9gvwzaji-pkg-config-wrapper-0.29.2/bin/"
      - "/nix/store/bw1i8r1ilp79xyybr2n633aq3jj1wrrd-llvm-19.1.7-dev/bin/"
      - "/nix/store/c4ibx1x2y2xn21zij6nnpcmnrclp58wq-ncurses-6.5-dev/bin/"
      - "/nix/store/4mys0gv17cn0lrdvlhks0zx27854nmkg-ncurses-6.5/bin/"
      - "/nix/store/161jifxkx05qmjvrz7i6yqjkbs0qibyl-llvm-19.1.7/bin/"
      - "/nix/store/4bb195ym905lzvwnbm86nxz2j625hrv4-clang-wrapper-19.1.7/bin/"
      - "/nix/store/x6rsdc4s0f1j9bn1cx2h1l5fj8765ykw-clang-19.1.7/bin/"
      - "/nix/store/vkxrkqv0kfi51w4ckly1slj62wa5iryp-binutils-wrapper-2.44/bin/"
      - "/nix/store/mrkrlw6g3a7gp9a50dawfzirzhw8945v-ninja-1.12.1/bin/"
      - "/nix/store/29ax4k0a83zhz43lb73cv610d95wdsx1-cmake-3.31.6/bin/"
      - "/nix/store/igfbwifcgda365wl2ldzhrvgp72w19c4-unzip-6.0/bin/"
      - "/nix/store/cpwib3zazj49fm0y04y53w4xkbqsgrgm-mesa-25.0.7/bin/"
      - "/nix/store/3r2184gwq0cjmwf9f819xdm2ggqnjijg-libcap-2.75/bin/"
      - "/nix/store/px08h5pmb6vr98y751ck1gwn0852iqqq-pulseaudio-17.0/bin/"
      - "/nix/store/3gr0qipg80ln2j3wcpafxkp5k2zngrpa-compiler-rt-libc-19.1.7/bin/"
      - "/nix/store/7fjnb79r7p38piiyn5xwgcj5w7fpfi02-findutils-4.10.0/bin/"
      - "/nix/store/1pi99mlqimxmqm1jvllbcaj8v16w2nbv-diffutils-3.12/bin/"
      - "/nix/store/x23s7lcvhf18zz3rj543680jgrj71vil-gnused-4.9/bin/"
      - "/nix/store/8b4vn1iyn6kqiisjvlmv67d1c0p3j6wj-gnugrep-3.11/bin/"
      - "/nix/store/n8825s8qprf8p70m0hq6pz7rvlnsxdjm-gawk-5.3.2/bin/"
      - "/nix/store/7nilh5hvnfbsx3vn020pkjkgx9rgsizb-gnutar-1.35/bin/"
      - "/nix/store/gqpd9ax2s6jjf7mjyv1q7bwbsycyaxic-gzip-1.14/bin/"
      - "/nix/store/28z6bx9sg0lsr7wra22pbjsk6fzfphy4-bzip2-1.0.8-bin/bin/"
      - "/nix/store/8dl5ryfna3hjqhvnkw7srm6wnka6agxl-gnumake-4.4.1/bin/"
      - "/nix/store/ih68ar79msmj0496pgld4r3vqfr7bbin-bash-5.2p37/bin/"
      - "/nix/store/kc8h52p4dfgajrg3qlgx246hl0znr213-patch-2.7.6/bin/"
      - "/nix/store/cmv326slnswzsjm2sqgbz16hzzqvkfjy-xz-5.8.1-bin/bin/"
      - "/nix/store/v5skl3bspzhm2y13vcxcrw8w29g6phi0-file-5.45/bin/"
      - "/nix/store/p7z3r09ci37sz5xzlddlqpgvcvcn764r-pid1/bin/"
      - "/nix/store/kn30pk1h3p7rqxhzl4xl809mcvy55p3k-replit-runtime-path/bin/"
      - "/usr/local/sbin/"
      - "/usr/local/bin/"
      - "/usr/sbin/"
      - "/usr/bin/"
      - "/sbin/"
      - "/bin/"
      - "/home/runner/workspace/thirdparty/vcpkg/downloads/tools/ninja-1.13.2-linux/"
      - "/usr/lib/aarch64-linux-android/28/bin/"
      - "/usr/lib/aarch64-linux-android/28/sbin/"
      - "/usr/lib/aarch64-linux-android/28/"
    searched_directories:
      - "/home/runner/workspace/.ndk-tools/android-ndk-r27c/toolchains/llvm/prebuilt/linux-x86_64/bin/clang-scan-deps-18.0"
      - "/nix/store/0nxvi9r5ymdlr2p24rjj9qzyms72zld1-bash-interactive-5.2p37/bin/clang-scan-deps-18.0"
      - "/nix/store/0flj33q30lmzdjagwjqh964qmiyklww2-patchelf-0.15.0/bin/clang-scan-deps-18.0"
      - "/nix/store/a0d7m3zn9p2dfa1h7ag9h2wzzr2w25sn-gcc-wrapper-14.2.1.20250322/bin/clang-scan-deps-18.0"
      - "/nix/store/6i862vz60awrlsila8vw18rg4d4l66iy-gcc-14.2.1.20250322/bin/clang-scan-deps-18.0"
      - "/nix/store/y2xdxp8r4g92q28am6mbxj44rivnyirl-glibc-2.40-66-bin/bin/clang-scan-deps-18.0"
      - "/nix/store/mp7ba85zcqdj2sqwa29pql02s6nqpcxy-coreutils-9.7/bin/clang-scan-deps-18.0"
      - "/nix/store/2gkh9v7wrzjq6ws312c6z6ajwnjvwcmb-binutils-wrapper-2.44/bin/clang-scan-deps-18.0"
      - "/nix/store/mkvc0lnnpmi604rqsjdlv1pmhr638nbd-binutils-2.44/bin/clang-scan-deps-18.0"
      - "/nix/store/d667kdfbfn17905f7kmdl33r9gvwzaji-pkg-config-wrapper-0.29.2/bin/clang-scan-deps-18.0"
      - "/nix/store/bw1i8r1ilp79xyybr2n633aq3jj1wrrd-llvm-19.1.7-dev/bin/clang-scan-deps-18.0"
      - "/nix/store/c4ibx1x2y2xn21zij6nnpcmnrclp58wq-ncurses-6.5-dev/bin/clang-scan-deps-18.0"
      - "/nix/store/4mys0gv17cn0lrdvlhks0zx27854nmkg-ncurses-6.5/bin/clang-scan-deps-18.0"
      - "/nix/store/161jifxkx05qmjvrz7i6yqjkbs0qibyl-llvm-19.1.7/bin/clang-scan-deps-18.0"
      - "/nix/store/4bb195ym905lzvwnbm86nxz2j625hrv4-clang-wrapper-19.1.7/bin/clang-scan-deps-18.0"
      - "/nix/store/x6rsdc4s0f1j9bn1cx2h1l5fj8765ykw-clang-19.1.7/bin/clang-scan-deps-18.0"
      - "/nix/store/vkxrkqv0kfi51w4ckly1slj62wa5iryp-binutils-wrapper-2.44/bin/clang-scan-deps-18.0"
      - "/nix/store/mrkrlw6g3a7gp9a50dawfzirzhw8945v-ninja-1.12.1/bin/clang-scan-deps-18.0"
      - "/nix/store/29ax4k0a83zhz43lb73cv610d95wdsx1-cmake-3.31.6/bin/clang-scan-deps-18.0"
      - "/nix/store/igfbwifcgda365wl2ldzhrvgp72w19c4-unzip-6.0/bin/clang-scan-deps-18.0"
      - "/nix/store/cpwib3zazj49fm0y04y53w4xkbqsgrgm-mesa-25.0.7/bin/clang-scan-deps-18.0"
      - "/nix/store/3r2184gwq0cjmwf9f819xdm2ggqnjijg-libcap-2.75/bin/clang-scan-deps-18.0"
      - "/nix/store/px08h5pmb6vr98y751ck1gwn0852iqqq-pulseaudio-17.0/bin/clang-scan-deps-18.0"
      - "/nix/store/3gr0qipg80ln2j3wcpafxkp5k2zngrpa-compiler-rt-libc-19.1.7/bin/clang-scan-deps-18.0"
      - "/nix/store/7fjnb79r7p38piiyn5xwgcj5w7fpfi02-findutils-4.10.0/bin/clang-scan-deps-18.0"
      - "/nix/store/1pi99mlqimxmqm1jvllbcaj8v16w2nbv-diffutils-3.12/bin/clang-scan-deps-18.0"
      - "/nix/store/x23s7lcvhf18zz3rj543680jgrj71vil-gnused-4.9/bin/clang-scan-deps-18.0"
      - "/nix/store/8b4vn1iyn6kqiisjvlmv67d1c0p3j6wj-gnugrep-3.11/bin/clang-scan-deps-18.0"
      - "/nix/store/n8825s8qprf8p70m0hq6pz7rvlnsxdjm-gawk-5.3.2/bin/clang-scan-deps-18.0"
      - "/nix/store/7nilh5hvnfbsx3vn020pkjkgx9rgsizb-gnutar-1.35/bin/clang-scan-deps-18.0"
      - "/nix/store/gqpd9ax2s6jjf7mjyv1q7bwbsycyaxic-gzip-1.14/bin/clang-scan-deps-18.0"
      - "/nix/store/28z6bx9sg0lsr7wra22pbjsk6fzfphy4-bzip2-1.0.8-bin/bin/clang-scan-deps-18.0"
      - "/nix/store/8dl5ryfna3hjqhvnkw7srm6wnka6agxl-gnumake-4.4.1/bin/clang-scan-deps-18.0"
      - "/nix/store/ih68ar79msmj0496pgld4r3vqfr7bbin-bash-5.2p37/bin/clang-scan-deps-18.0"
      - "/nix/store/kc8h52p4dfgajrg3qlgx246hl0znr213-patch-2.7.6/bin/clang-scan-deps-18.0"
      - "/nix/store/cmv326slnswzsjm2sqgbz16hzzqvkfjy-xz-5.8.1-bin/bin/clang-scan-deps-18.0"
      - "/nix/store/v5skl3bspzhm2y13vcxcrw8w29g6phi0-file-5.45/bin/clang-scan-deps-18.0"
      - "/nix/store/p7z3r09ci37sz5xzlddlqpgvcvcn764r-pid1/bin/clang-scan-deps-18.0"
      - "/nix/store/kn30pk1h3p7rqxhzl4xl809mcvy55p3k-replit-runtime-path/bin/clang-scan-deps-18.0"
      - "/usr/local/sbin/clang-scan-deps-18.0"
      - "/usr/local/bin/clang-scan-deps-18.0"
      - "/usr/sbin/clang-scan-deps-18.0"
      - "/usr/bin/clang-scan-deps-18.0"
      - "/sbin/clang-scan-deps-18.0"
      - "/bin/clang-scan-deps-18.0"
      - "/home/runner/workspace/thirdparty/vcpkg/downloads/tools/ninja-1.13.2-linux/clang-scan-deps-18.0"
      - "/usr/lib/aarch64-linux-android/28/bin/clang-scan-deps-18.0"
      - "/usr/lib/aarch64-linux-android/28/sbin/clang-scan-deps-18.0"
      - "/usr/lib/aarch64-linux-android/28/clang-scan-deps-18.0"
      - "/home/runner/workspace/.ndk-tools/android-ndk-r27c/toolchains/llvm/prebuilt/linux-x86_64/bin/clang-scan-deps-18"
      - "/nix/store/0nxvi9r5ymdlr2p24rjj9qzyms72zld1-bash-interactive-5.2p37/bin/clang-scan-deps-18"
      - "/nix/store/0flj33q30lmzdjagwjqh964qmiyklww2-patchelf-0.15.0/bin/clang-scan-deps-18"
      - "/nix/store/a0d7m3zn9p2dfa1h7ag9h2wzzr2w25sn-gcc-wrapper-14.2.1.20250322/bin/clang-scan-deps-18"
      - "/nix/store/6i862vz60awrlsila8vw18rg4d4l66iy-gcc-14.2.1.20250322/bin/clang-scan-deps-18"
      - "/nix/store/y2xdxp8r4g92q28am6mbxj44rivnyirl-glibc-2.40-66-bin/bin/clang-scan-deps-18"
      - "/nix/store/mp7ba85zcqdj2sqwa29pql02s6nqpcxy-coreutils-9.7/bin/clang-scan-deps-18"
      - "/nix/store/2gkh9v7wrzjq6ws312c6z6ajwnjvwcmb-binutils-wrapper-2.44/bin/clang-scan-deps-18"
      - "/nix/store/mkvc0lnnpmi604rqsjdlv1pmhr638nbd-binutils-2.44/bin/clang-scan-deps-18"
      - "/nix/store/d667kdfbfn17905f7kmdl33r9gvwzaji-pkg-config-wrapper-0.29.2/bin/clang-scan-deps-18"
      - "/nix/store/bw1i8r1ilp79xyybr2n633aq3jj1wrrd-llvm-19.1.7-dev/bin/clang-scan-deps-18"
      - "/nix/store/c4ibx1x2y2xn21zij6nnpcmnrclp58wq-ncurses-6.5-dev/bin/clang-scan-deps-18"
      - "/nix/store/4mys0gv17cn0lrdvlhks0zx27854nmkg-ncurses-6.5/bin/clang-scan-deps-18"
      - "/nix/store/161jifxkx05qmjvrz7i6yqjkbs0qibyl-llvm-19.1.7/bin/clang-scan-deps-18"
      - "/nix/store/4bb195ym905lzvwnbm86nxz2j625hrv4-clang-wrapper-19.1.7/bin/clang-scan-deps-18"
      - "/nix/store/x6rsdc4s0f1j9bn1cx2h1l5fj8765ykw-clang-19.1.7/bin/clang-scan-deps-18"
      - "/nix/store/vkxrkqv0kfi51w4ckly1slj62wa5iryp-binutils-wrapper-2.44/bin/clang-scan-deps-18"
      - "/nix/store/mrkrlw6g3a7gp9a50dawfzirzhw8945v-ninja-1.12.1/bin/clang-scan-deps-18"
      - "/nix/store/29ax4k0a83zhz43lb73cv610d95wdsx1-cmake-3.31.6/bin/clang-scan-deps-18"
      - "/nix/store/igfbwifcgda365wl2ldzhrvgp72w19c4-unzip-6.0/bin/clang-scan-deps-18"
      - "/nix/store/cpwib3zazj49fm0y04y53w4xkbqsgrgm-mesa-25.0.7/bin/clang-scan-deps-18"
      - "/nix/store/3r2184gwq0cjmwf9f819xdm2ggqnjijg-libcap-2.75/bin/clang-scan-deps-18"
      - "/nix/store/px08h5pmb6vr98y751ck1gwn0852iqqq-pulseaudio-17.0/bin/clang-scan-deps-18"
      - "/nix/store/3gr0qipg80ln2j3wcpafxkp5k2zngrpa-compiler-rt-libc-19.1.7/bin/clang-scan-deps-18"
      - "/nix/store/7fjnb79r7p38piiyn5xwgcj5w7fpfi02-findutils-4.10.0/bin/clang-scan-deps-18"
      - "/nix/store/1pi99mlqimxmqm1jvllbcaj8v16w2nbv-diffutils-3.12/bin/clang-scan-deps-18"
      - "/nix/store/x23s7lcvhf18zz3rj543680jgrj71vil-gnused-4.9/bin/clang-scan-deps-18"
      - "/nix/store/8b4vn1iyn6kqiisjvlmv67d1c0p3j6wj-gnugrep-3.11/bin/clang-scan-deps-18"
      - "/nix/store/n8825s8qprf8p70m0hq6pz7rvlnsxdjm-gawk-5.3.2/bin/clang-scan-deps-18"
      - "/nix/store/7nilh5hvnfbsx3vn020pkjkgx9rgsizb-gnutar-1.35/bin/clang-scan-deps-18"
      - "/nix/store/gqpd9ax2s6jjf7mjyv1q7bwbsycyaxic-gzip-1.14/bin/clang-scan-deps-18"
      - "/nix/store/28z6bx9sg0lsr7wra22pbjsk6fzfphy4-bzip2-1.0.8-bin/bin/clang-scan-deps-18"
      - "/nix/store/8dl5ryfna3hjqhvnkw7srm6wnka6agxl-gnumake-4.4.1/bin/clang-scan-deps-18"
      - "/nix/store/ih68ar79msmj0496pgld4r3vqfr7bbin-bash-5.2p37/bin/clang-scan-deps-18"
      - "/nix/store/kc8h52p4dfgajrg3qlgx246hl0znr213-patch-2.7.6/bin/clang-scan-deps-18"
      - "/nix/store/cmv326slnswzsjm2sqgbz16hzzqvkfjy-xz-5.8.1-bin/bin/clang-scan-deps-18"
      - "/nix/store/v5skl3bspzhm2y13vcxcrw8w29g6phi0-file-5.45/bin/clang-scan-deps-18"
      - "/nix/store/p7z3r09ci37sz5xzlddlqpgvcvcn764r-pid1/bin/clang-scan-deps-18"
      - "/nix/store/kn30pk1h3p7rqxhzl4xl809mcvy55p3k-replit-runtime-path/bin/clang-scan-deps-18"
      - "/usr/local/sbin/clang-scan-deps-18"
      - "/usr/local/bin/clang-scan-deps-18"
      - "/usr/sbin/clang-scan-deps-18"
      - "/usr/bin/clang-scan-deps-18"
      - "/sbin/clang-scan-deps-18"
      - "/bin/clang-scan-deps-18"
      - "/home/runner/workspace/thirdparty/vcpkg/downloads/tools/ninja-1.13.2-linux/clang-scan-deps-18"
      - "/usr/lib/aarch64-linux-android/28/bin/clang-scan-deps-18"
      - "/usr/lib/aarch64-linux-android/28/sbin/clang-scan-deps-18"
      - "/usr/lib/aarch64-linux-android/28/clang-scan-deps-18"
      - "/home/runner/workspace/.ndk-tools/android-ndk-r27c/toolchains/llvm/prebuilt/linux-x86_64/bin/clang-scan-deps18"
      - "/nix/store/0nxvi9r5ymdlr2p24rjj9qzyms72zld1-bash-interactive-5.2p37/bin/clang-scan-deps18"
      - "/nix/store/0flj33q30lmzdjagwjqh964qmiyklww2-patchelf-0.15.0/bin/clang-scan-deps18"
      - "/nix/store/a0d7m3zn9p2dfa1h7ag9h2wzzr2w25sn-gcc-wrapper-14.2.1.20250322/bin/clang-scan-deps18"
      - "/nix/store/6i862vz60awrlsila8vw18rg4d4l66iy-gcc-14.2.1.20250322/bin/clang-scan-deps18"
      - "/nix/store/y2xdxp8r4g92q28am6mbxj44rivnyirl-glibc-2.40-66-bin/bin/clang-scan-deps18"
      - "/nix/store/mp7ba85zcqdj2sqwa29pql02s6nqpcxy-coreutils-9.7/bin/clang-scan-deps18"
      - "/nix/store/2gkh9v7wrzjq6ws312c6z6ajwnjvwcmb-binutils-wrapper-2.44/bin/clang-scan-deps18"
      - "/nix/store/mkvc0lnnpmi604rqsjdlv1pmhr638nbd-binutils-2.44/bin/clang-scan-deps18"
      - "/nix/store/d667kdfbfn17905f7kmdl33r9gvwzaji-pkg-config-wrapper-0.29.2/bin/clang-scan-deps18"
      - "/nix/store/bw1i8r1ilp79xyybr2n633aq3jj1wrrd-llvm-19.1.7-dev/bin/clang-scan-deps18"
      - "/nix/store/c4ibx1x2y2xn21zij6nnpcmnrclp58wq-ncurses-6.5-dev/bin/clang-scan-deps18"
      - "/nix/store/4mys0gv17cn0lrdvlhks0zx27854nmkg-ncurses-6.5/bin/clang-scan-deps18"
      - "/nix/store/161jifxkx05qmjvrz7i6yqjkbs0qibyl-llvm-19.1.7/bin/clang-scan-deps18"
      - "/nix/store/4bb195ym905lzvwnbm86nxz2j625hrv4-clang-wrapper-19.1.7/bin/clang-scan-deps18"
      - "/nix/store/x6rsdc4s0f1j9bn1cx2h1l5fj8765ykw-clang-19.1.7/bin/clang-scan-deps18"
      - "/nix/store/vkxrkqv0kfi51w4ckly1slj62wa5iryp-binutils-wrapper-2.44/bin/clang-scan-deps18"
      - "/nix/store/mrkrlw6g3a7gp9a50dawfzirzhw8945v-ninja-1.12.1/bin/clang-scan-deps18"
      - "/nix/store/29ax4k0a83zhz43lb73cv610d95wdsx1-cmake-3.31.6/bin/clang-scan-deps18"
      - "/nix/store/igfbwifcgda365wl2ldzhrvgp72w19c4-unzip-6.0/bin/clang-scan-deps18"
      - "/nix/store/cpwib3zazj49fm0y04y53w4xkbqsgrgm-mesa-25.0.7/bin/clang-scan-deps18"
      - "/nix/store/3r2184gwq0cjmwf9f819xdm2ggqnjijg-libcap-2.75/bin/clang-scan-deps18"
      - "/nix/store/px08h5pmb6vr98y751ck1gwn0852iqqq-pulseaudio-17.0/bin/clang-scan-deps18"
      - "/nix/store/3gr0qipg80ln2j3wcpafxkp5k2zngrpa-compiler-rt-libc-19.1.7/bin/clang-scan-deps18"
      - "/nix/store/7fjnb79r7p38piiyn5xwgcj5w7fpfi02-findutils-4.10.0/bin/clang-scan-deps18"
      - "/nix/store/1pi99mlqimxmqm1jvllbcaj8v16w2nbv-diffutils-3.12/bin/clang-scan-deps18"
      - "/nix/store/x23s7lcvhf18zz3rj543680jgrj71vil-gnused-4.9/bin/clang-scan-deps18"
      - "/nix/store/8b4vn1iyn6kqiisjvlmv67d1c0p3j6wj-gnugrep-3.11/bin/clang-scan-deps18"
      - "/nix/store/n8825s8qprf8p70m0hq6pz7rvlnsxdjm-gawk-5.3.2/bin/clang-scan-deps18"
      - "/nix/store/7nilh5hvnfbsx3vn020pkjkgx9rgsizb-gnutar-1.35/bin/clang-scan-deps18"
      - "/nix/store/gqpd9ax2s6jjf7mjyv1q7bwbsycyaxic-gzip-1.14/bin/clang-scan-deps18"
      - "/nix/store/28z6bx9sg0lsr7wra22pbjsk6fzfphy4-bzip2-1.0.8-bin/bin/clang-scan-deps18"
      - "/nix/store/8dl5ryfna3hjqhvnkw7srm6wnka6agxl-gnumake-4.4.1/bin/clang-scan-deps18"
      - "/nix/store/ih68ar79msmj0496pgld4r3vqfr7bbin-bash-5.2p37/bin/clang-scan-deps18"
      - "/nix/store/kc8h52p4dfgajrg3qlgx246hl0znr213-patch-2.7.6/bin/clang-scan-deps18"
      - "/nix/store/cmv326slnswzsjm2sqgbz16hzzqvkfjy-xz-5.8.1-bin/bin/clang-scan-deps18"
      - "/nix/store/v5skl3bspzhm2y13vcxcrw8w29g6phi0-file-5.45/bin/clang-scan-deps18"
      - "/nix/store/p7z3r09ci37sz5xzlddlqpgvcvcn764r-pid1/bin/clang-scan-deps18"
      - "/nix/store/kn30pk1h3p7rqxhzl4xl809mcvy55p3k-replit-runtime-path/bin/clang-scan-deps18"
      - "/usr/local/sbin/clang-scan-deps18"
      - "/usr/local/bin/clang-scan-deps18"
      - "/usr/sbin/clang-scan-deps18"
      - "/usr/bin/clang-scan-deps18"
      - "/sbin/clang-scan-deps18"
      - "/bin/clang-scan-deps18"
      - "/home/runner/workspace/thirdparty/vcpkg/downloads/tools/ninja-1.13.2-linux/clang-scan-deps18"
      - "/usr/lib/aarch64-linux-android/28/bin/clang-scan-deps18"
      - "/usr/lib/aarch64-linux-android/28/sbin/clang-scan-deps18"
      - "/usr/lib/aarch64-linux-android/28/clang-scan-deps18"
    found: "/home/runner/workspace/.ndk-tools/android-ndk-r27c/toolchains/llvm/prebuilt/linux-x86_64/bin/clang-scan-deps"
    search_context:
      CMAKE_PROGRAM_PATH:
        - "/home/runner/workspace/out/build/android-debug/vcpkg_installed/arm64-android/tools"
      CMAKE_PREFIX_PATH:
        - "/home/runner/workspace/out/build/android-debug/vcpkg_installed/arm64-android/debug"
        - "/home/runner/workspace/out/build/android-debug/vcpkg_installed/arm64-android"
        - "/home/runner/workspace/.ndk-tools/android-ndk-r27c/toolchains/llvm/prebuilt/linux-x86_64"
        - "/"
      ENV{PATH}:
        - "/nix/store/0nxvi9r5ymdlr2p24rjj9qzyms72zld1-bash-interactive-5.2p37/bin"
        - "/nix/store/0flj33q30lmzdjagwjqh964qmiyklww2-patchelf-0.15.0/bin"
        - "/nix/store/a0d7m3zn9p2dfa1h7ag9h2wzzr2w25sn-gcc-wrapper-14.2.1.20250322/bin"
        - "/nix/store/6i862vz60awrlsila8vw18rg4d4l66iy-gcc-14.2.1.20250322/bin"
        - "/nix/store/y2xdxp8r4g92q28am6mbxj44rivnyirl-glibc-2.40-66-bin/bin"
        - "/nix/store/mp7ba85zcqdj2sqwa29pql02s6nqpcxy-coreutils-9.7/bin"
        - "/nix/store/2gkh9v7wrzjq6ws312c6z6ajwnjvwcmb-binutils-wrapper-2.44/bin"
        - "/nix/store/mkvc0lnnpmi604rqsjdlv1pmhr638nbd-binutils-2.44/bin"
        - "/nix/store/d667kdfbfn17905f7kmdl33r9gvwzaji-pkg-config-wrapper-0.29.2/bin"
        - "/nix/store/bw1i8r1ilp79xyybr2n633aq3jj1wrrd-llvm-19.1.7-dev/bin"
        - "/nix/store/c4ibx1x2y2xn21zij6nnpcmnrclp58wq-ncurses-6.5-dev/bin"
        - "/nix/store/4mys0gv17cn0lrdvlhks0zx27854nmkg-ncurses-6.5/bin"
        - "/nix/store/161jifxkx05qmjvrz7i6yqjkbs0qibyl-llvm-19.1.7/bin"
        - "/nix/store/4bb195ym905lzvwnbm86nxz2j625hrv4-clang-wrapper-19.1.7/bin"
        - "/nix/store/x6rsdc4s0f1j9bn1cx2h1l5fj8765ykw-clang-19.1.7/bin"
        - "/nix/store/vkxrkqv0kfi51w4ckly1slj62wa5iryp-binutils-wrapper-2.44/bin"
        - "/nix/store/mrkrlw6g3a7gp9a50dawfzirzhw8945v-ninja-1.12.1/bin"
        - "/nix/store/29ax4k0a83zhz43lb73cv610d95wdsx1-cmake-3.31.6/bin"
        - "/nix/store/igfbwifcgda365wl2ldzhrvgp72w19c4-unzip-6.0/bin"
        - "/nix/store/cpwib3zazj49fm0y04y53w4xkbqsgrgm-mesa-25.0.7/bin"
        - "/nix/store/3r2184gwq0cjmwf9f819xdm2ggqnjijg-libcap-2.75/bin"
        - "/nix/store/px08h5pmb6vr98y751ck1gwn0852iqqq-pulseaudio-17.0/bin"
        - "/nix/store/3gr0qipg80ln2j3wcpafxkp5k2zngrpa-compiler-rt-libc-19.1.7/bin"
        - "/nix/store/7fjnb79r7p38piiyn5xwgcj5w7fpfi02-findutils-4.10.0/bin"
        - "/nix/store/1pi99mlqimxmqm1jvllbcaj8v16w2nbv-diffutils-3.12/bin"
        - "/nix/store/x23s7lcvhf18zz3rj543680jgrj71vil-gnused-4.9/bin"
        - "/nix/store/8b4vn1iyn6kqiisjvlmv67d1c0p3j6wj-gnugrep-3.11/bin"
        - "/nix/store/n8825s8qprf8p70m0hq6pz7rvlnsxdjm-gawk-5.3.2/bin"
        - "/nix/store/7nilh5hvnfbsx3vn020pkjkgx9rgsizb-gnutar-1.35/bin"
        - "/nix/store/gqpd9ax2s6jjf7mjyv1q7bwbsycyaxic-gzip-1.14/bin"
        - "/nix/store/28z6bx9sg0lsr7wra22pbjsk6fzfphy4-bzip2-1.0.8-bin/bin"
        - "/nix/store/8dl5ryfna3hjqhvnkw7srm6wnka6agxl-gnumake-4.4.1/bin"
        - "/nix/store/ih68ar79msmj0496pgld4r3vqfr7bbin-bash-5.2p37/bin"
        - "/nix/store/kc8h52p4dfgajrg3qlgx246hl0znr213-patch-2.7.6/bin"
        - "/nix/store/cmv326slnswzsjm2sqgbz16hzzqvkfjy-xz-5.8.1-bin/bin"
        - "/nix/store/v5skl3bspzhm2y13vcxcrw8w29g6phi0-file-5.45/bin"
        - "/nix/store/p7z3r09ci37sz5xzlddlqpgvcvcn764r-pid1/bin"
        - "/nix/store/kn30pk1h3p7rqxhzl4xl809mcvy55p3k-replit-runtime-path/bin"
        - "/usr/local/sbin"
        - "/usr/local/bin"
        - "/usr/sbin"
        - "/usr/bin"
        - "/sbin"
        - "/bin"
        - "/home/runner/workspace/thirdparty/vcpkg/downloads/tools/ninja-1.13.2-linux"
      CMAKE_INSTALL_PREFIX: "/home/runner/workspace/thirdparty/vcpkg/packages/zlib_arm64-android/debug"
      CMAKE_SYSTEM_PREFIX_PATH:
        - "/usr/lib/aarch64-linux-android/28"
      CMAKE_SYSROOT: "/home/runner/workspace/.ndk-tools/android-ndk-r27c/toolchains/llvm/prebuilt/linux-x86_64/sysroot"
      CMAKE_FIND_ROOT_PATH: "/home/runner/workspace/out/build/android-debug/vcpkg_installed/arm64-android/debug;/home/runner/workspace/out/build/android-debug/vcpkg_installed/arm64-android;/home/runner/workspace/.ndk-tools/android-ndk-r27c"
      CMAKE_SYSTEM_IGNORE_PATH:
        - "/home/runner/workspace/.ndk-tools/android-ndk-r27c/toolchains/llvm/prebuilt/linux-x86_64/lib"
        - "/home/runner/workspace/.ndk-tools/android-ndk-r27c/toolchains/llvm/prebuilt/linux-x86_64/lib"
  -
    kind: "try_compile-v1"
    backtrace:
      - "/home/runner/workspace/thirdparty/vcpkg/downloads/tools/cmake-4.3.3-linux/cmake-4.3.3-linux-x86_64/share/cmake-4.3/Modules/CMakeDetermineCompilerABI.cmake:83 (try_compile)"
      - "/home/runner/workspace/thirdparty/vcpkg/downloads/tools/cmake-4.3.3-linux/cmake-4.3.3-linux-x86_64/share/cmake-4.3/Modules/CMakeTestCCompiler.cmake:26 (CMAKE_DETERMINE_COMPILER_ABI)"
      - "CMakeLists.txt:4 (project)"
    checks:
      - "Detecting C compiler ABI info"
    directories:
      source: "/home/runner/workspace/thirdparty/vcpkg/buildtrees/zlib/arm64-android-dbg/CMakeFiles/CMakeScratch/TryCompile-a2CSwi"
      binary: "/home/runner/workspace/thirdparty/vcpkg/buildtrees/zlib/arm64-android-dbg/CMakeFiles/CMakeScratch/TryCompile-a2CSwi"
    cmakeVariables:
      ANDROID_ABI: "arm64-v8a"
      ANDROID_ARM_MODE: "thumb"
      ANDROID_CPP_FEATURES: "rtti exceptions"
      ANDROID_PIE: "TRUE"
      ANDROID_PLATFORM: "android-28"
      ANDROID_STL: "c++_shared"
      ANDROID_TOOLCHAIN: "clang"
      CMAKE_CXX_COMPILER_TARGET: "aarch64-none-linux-android28"
      CMAKE_C_COMPILER_TARGET: "aarch64-none-linux-android28"
      CMAKE_C_FLAGS: "-g -DANDROID -fdata-sections -ffunction-sections -funwind-tables -fstack-protector-strong -no-canonical-prefixes -D_FORTIFY_SOURCE=2 -Wformat  -fPIC  "
      CMAKE_C_FLAGS_DEBUG: "-fno-limit-debug-info   "
      CMAKE_EXE_LINKER_FLAGS: "-Wl,--build-id=sha1 -Wl,--no-rosegment -Wl,--no-undefined-version -Wl,--fatal-warnings -Wl,--no-undefined -Qunused-arguments    "
      CMAKE_POSITION_INDEPENDENT_CODE: "TRUE"
      CMAKE_SYSROOT: "/home/runner/workspace/.ndk-tools/android-ndk-r27c/toolchains/llvm/prebuilt/linux-x86_64/sysroot"
      VCPKG_CHAINLOAD_TOOLCHAIN_FILE: "/home/runner/workspace/thirdparty/vcpkg/scripts/toolchains/android.cmake"
      VCPKG_CRT_LINKAGE: "dynamic"
      VCPKG_CXX_FLAGS: ""
      VCPKG_CXX_FLAGS_DEBUG: ""
      VCPKG_CXX_FLAGS_RELEASE: ""
      VCPKG_C_FLAGS: ""
      VCPKG_C_FLAGS_DEBUG: ""
      VCPKG_C_FLAGS_RELEASE: ""
      VCPKG_INSTALLED_DIR: "/home/runner/workspace/out/build/android-debug/vcpkg_installed"
      VCPKG_LINKER_FLAGS: ""
      VCPKG_LINKER_FLAGS_DEBUG: ""
      VCPKG_LINKER_FLAGS_RELEASE: ""
      VCPKG_PREFER_SYSTEM_LIBS: "OFF"
      VCPKG_TARGET_ARCHITECTURE: "arm64"
      VCPKG_TARGET_TRIPLET: "arm64-android"
      Z_VCPKG_ROOT_DIR: "/home/runner/workspace/thirdparty/vcpkg"
    buildResult:
      variable: "CMAKE_C_ABI_COMPILED"
      cached: true
      stdout: |
        Change Dir: '/home/runner/workspace/thirdparty/vcpkg/buildtrees/zlib/arm64-android-dbg/CMakeFiles/CMakeScratch/TryCompile-a2CSwi'
        
        Run Build Command(s): /home/runner/workspace/thirdparty/vcpkg/downloads/tools/ninja-1.13.2-linux/ninja -v cmTC_f9afd
        [1/2] /home/runner/workspace/.ndk-tools/android-ndk-r27c/toolchains/llvm/prebuilt/linux-x86_64/bin/clang --target=aarch64-none-linux-android28 --sysroot=/home/runner/workspace/.ndk-tools/android-ndk-r27c/toolchains/llvm/prebuilt/linux-x86_64/sysroot   -g -DANDROID -fdata-sections -ffunction-sections -funwind-tables -fstack-protector-strong -no-canonical-prefixes -D_FORTIFY_SOURCE=2 -Wformat  -fPIC    -fPIE   -v -MD -MT CMakeFiles/cmTC_f9afd.dir/CMakeCCompilerABI.c.o -MF CMakeFiles/cmTC_f9afd.dir/CMakeCCompilerABI.c.o.d -o CMakeFiles/cmTC_f9afd.dir/CMakeCCompilerABI.c.o -c /home/runner/workspace/thirdparty/vcpkg/downloads/tools/cmake-4.3.3-linux/cmake-4.3.3-linux-x86_64/share/cmake-4.3/Modules/CMakeCCompilerABI.c
        Android (12470979, +pgo, +bolt, +lto, +mlgo, based on r522817c) clang version 18.0.3 (https://android.googlesource.com/toolchain/llvm-project d8003a456d14a3deb8054cdaa529ffbf02d9b262)
        Target: aarch64-none-linux-android28
        Thread model: posix
        InstalledDir: /home/runner/workspace/.ndk-tools/android-ndk-r27c/toolchains/llvm/prebuilt/linux-x86_64/bin
         (in-process)
         "/home/runner/workspace/.ndk-tools/android-ndk-r27c/toolchains/llvm/prebuilt/linux-x86_64/bin/clang" -cc1 -triple aarch64-none-linux-android28 -emit-obj -mrelax-all -disable-free -clear-ast-before-backend -disable-llvm-verifier -discard-value-names -main-file-name CMakeCCompilerABI.c -mrelocation-model pic -pic-level 2 -pic-is-pie -mframe-pointer=non-leaf -ffp-contract=on -fno-rounding-math -mconstructor-aliases -funwind-tables=2 -target-cpu generic -target-feature +neon -target-feature +v8a -target-feature +fix-cortex-a53-835769 -target-abi aapcs -debug-info-kind=constructor -dwarf-version=4 -debugger-tuning=gdb -fdebug-compilation-dir=/home/runner/workspace/thirdparty/vcpkg/buildtrees/zlib/arm64-android-dbg/CMakeFiles/CMakeScratch/TryCompile-a2CSwi -v -ffunction-sections -fdata-sections -fcoverage-compilation-dir=/home/runner/workspace/thirdparty/vcpkg/buildtrees/zlib/arm64-android-dbg/CMakeFiles/CMakeScratch/TryCompile-a2CSwi -resource-dir /home/runner/workspace/.ndk-tools/android-ndk-r27c/toolchains/llvm/prebuilt/linux-x86_64/lib/clang/18 -dependency-file CMakeFiles/cmTC_f9afd.dir/CMakeCCompilerABI.c.o.d -MT CMakeFiles/cmTC_f9afd.dir/CMakeCCompilerABI.c.o -sys-header-deps -D ANDROID -D _FORTIFY_SOURCE=2 -isysroot /home/runner/workspace/.ndk-tools/android-ndk-r27c/toolchains/llvm/prebuilt/linux-x86_64/sysroot -internal-isystem /home/runner/workspace/.ndk-tools/android-ndk-r27c/toolchains/llvm/prebuilt/linux-x86_64/lib/clang/18/include -internal-isystem /home/runner/workspace/.ndk-tools/android-ndk-r27c/toolchains/llvm/prebuilt/linux-x86_64/sysroot/usr/local/include -internal-externc-isystem /home/runner/workspace/.ndk-tools/android-ndk-r27c/toolchains/llvm/prebuilt/linux-x86_64/sysroot/usr/include/aarch64-linux-android -internal-externc-isystem /home/runner/workspace/.ndk-tools/android-ndk-r27c/toolchains/llvm/prebuilt/linux-x86_64/sysroot/include -internal-externc-isystem /home/runner/workspace/.ndk-tools/android-ndk-r27c/toolchains/llvm/prebuilt/linux-x86_64/sysroot/usr/include -source-date-epoch 315532800 -Wformat -ferror-limit 19 -femulated-tls -stack-protector 2 -fno-signed-char -fgnuc-version=4.2.1 -target-feature +outline-atomics -D__GCC_HAVE_DWARF2_CFI_ASM=1 -o CMakeFiles/cmTC_f9afd.dir/CMakeCCompilerABI.c.o -x c /home/runner/workspace/thirdparty/vcpkg/downloads/tools/cmake-4.3.3-linux/cmake-4.3.3-linux-x86_64/share/cmake-4.3/Modules/CMakeCCompilerABI.c
        clang -cc1 version 18.0.3 based upon LLVM 18.0.3 default target x86_64-unknown-linux-gnu
        ignoring nonexistent directory "/home/runner/workspace/.ndk-tools/android-ndk-r27c/toolchains/llvm/prebuilt/linux-x86_64/sysroot/usr/local/include"
        ignoring nonexistent directory "/home/runner/workspace/.ndk-tools/android-ndk-r27c/toolchains/llvm/prebuilt/linux-x86_64/sysroot/include"
        #include "..." search starts here:
        #include <...> search starts here:
         /home/runner/workspace/.ndk-tools/android-ndk-r27c/toolchains/llvm/prebuilt/linux-x86_64/lib/clang/18/include
         /home/runner/workspace/.ndk-tools/android-ndk-r27c/toolchains/llvm/prebuilt/linux-x86_64/sysroot/usr/include/aarch64-linux-android
         /home/runner/workspace/.ndk-tools/android-ndk-r27c/toolchains/llvm/prebuilt/linux-x86_64/sysroot/usr/include
        End of search list.
        [2/2] : && /home/runner/workspace/.ndk-tools/android-ndk-r27c/toolchains/llvm/prebuilt/linux-x86_64/bin/clang --target=aarch64-none-linux-android28 --sysroot=/home/runner/workspace/.ndk-tools/android-ndk-r27c/toolchains/llvm/prebuilt/linux-x86_64/sysroot -g -DANDROID -fdata-sections -ffunction-sections -funwind-tables -fstack-protector-strong -no-canonical-prefixes -D_FORTIFY_SOURCE=2 -Wformat  -fPIC -Wl,--build-id=sha1 -Wl,--no-rosegment -Wl,--no-undefined-version -Wl,--fatal-warnings -Wl,--no-undefined -Qunused-arguments -v CMakeFiles/cmTC_f9afd.dir/CMakeCCompilerABI.c.o -o cmTC_f9afd   && :
        Android (12470979, +pgo, +bolt, +lto, +mlgo, based on r522817c) clang version 18.0.3 (https://android.googlesource.com/toolchain/llvm-project d8003a456d14a3deb8054cdaa529ffbf02d9b262)
        Target: aarch64-none-linux-android28
        Thread model: posix
        InstalledDir: /home/runner/workspace/.ndk-tools/android-ndk-r27c/toolchains/llvm/prebuilt/linux-x86_64/bin
         "/home/runner/workspace/.ndk-tools/android-ndk-r27c/toolchains/llvm/prebuilt/linux-x86_64/bin/ld.lld" --sysroot=/home/runner/workspace/.ndk-tools/android-ndk-r27c/toolchains/llvm/prebuilt/linux-x86_64/sysroot -EL --fix-cortex-a53-843419 -z now -z relro -z max-page-size=4096 --hash-style=gnu --eh-frame-hdr -m aarch64linux -pie -dynamic-linker /system/bin/linker64 -o cmTC_f9afd /home/runner/workspace/.ndk-tools/android-ndk-r27c/toolchains/llvm/prebuilt/linux-x86_64/sysroot/usr/lib/aarch64-linux-android/28/crtbegin_dynamic.o -L/home/runner/workspace/.ndk-tools/android-ndk-r27c/toolchains/llvm/prebuilt/linux-x86_64/lib/clang/18/lib/linux/aarch64 -L/home/runner/workspace/.ndk-tools/android-ndk-r27c/toolchains/llvm/prebuilt/linux-x86_64/sysroot/usr/lib/aarch64-linux-android/28 -L/home/runner/workspace/.ndk-tools/android-ndk-r27c/toolchains/llvm/prebuilt/linux-x86_64/sysroot/usr/lib/aarch64-linux-android -L/home/runner/workspace/.ndk-tools/android-ndk-r27c/toolchains/llvm/prebuilt/linux-x86_64/sysroot/usr/lib --build-id=sha1 --no-rosegment --no-undefined-version --fatal-warnings --no-undefined CMakeFiles/cmTC_f9afd.dir/CMakeCCompilerABI.c.o /home/runner/workspace/.ndk-tools/android-ndk-r27c/toolchains/llvm/prebuilt/linux-x86_64/lib/clang/18/lib/linux/libclang_rt.builtins-aarch64-android.a -l:libunwind.a -ldl -lc /home/runner/workspace/.ndk-tools/android-ndk-r27c/toolchains/llvm/prebuilt/linux-x86_64/lib/clang/18/lib/linux/libclang_rt.builtins-aarch64-android.a -l:libunwind.a -ldl /home/runner/workspace/.ndk-tools/android-ndk-r27c/toolchains/llvm/prebuilt/linux-x86_64/sysroot/usr/lib/aarch64-linux-android/28/crtend_android.o
        
      exitCode: 0
  -
    kind: "message-v1"
    backtrace:
      - "/home/runner/workspace/thirdparty/vcpkg/downloads/tools/cmake-4.3.3-linux/cmake-4.3.3-linux-x86_64/share/cmake-4.3/Modules/CMakeDetermineCompilerABI.cmake:217 (message)"
      - "/home/runner/workspace/thirdparty/vcpkg/downloads/tools/cmake-4.3.3-linux/cmake-4.3.3-linux-x86_64/share/cmake-4.3/Modules/CMakeTestCCompiler.cmake:26 (CMAKE_DETERMINE_COMPILER_ABI)"
      - "CMakeLists.txt:4 (project)"
    message: |
      Parsed C implicit include dir info: rv=done
        found start of include info
        found start of implicit include info
          add: [/home/runner/workspace/.ndk-tools/android-ndk-r27c/toolchains/llvm/prebuilt/linux-x86_64/lib/clang/18/include]
          add: [/home/runner/workspace/.ndk-tools/android-ndk-r27c/toolchains/llvm/prebuilt/linux-x86_64/sysroot/usr/include/aarch64-linux-android]
          add: [/home/runner/workspace/.ndk-tools/android-ndk-r27c/toolchains/llvm/prebuilt/linux-x86_64/sysroot/usr/include]
        end of search list found
        collapse include dir [/home/runner/workspace/.ndk-tools/android-ndk-r27c/toolchains/llvm/prebuilt/linux-x86_64/lib/clang/18/include] ==> [/home/runner/workspace/.ndk-tools/android-ndk-r27c/toolchains/llvm/prebuilt/linux-x86_64/lib/clang/18/include]
        collapse include dir [/home/runner/workspace/.ndk-tools/android-ndk-r27c/toolchains/llvm/prebuilt/linux-x86_64/sysroot/usr/include/aarch64-linux-android] ==> [/home/runner/workspace/.ndk-tools/android-ndk-r27c/toolchains/llvm/prebuilt/linux-x86_64/sysroot/usr/include/aarch64-linux-android]
        collapse include dir [/home/runner/workspace/.ndk-tools/android-ndk-r27c/toolchains/llvm/prebuilt/linux-x86_64/sysroot/usr/include] ==> [/home/runner/workspace/.ndk-tools/android-ndk-r27c/toolchains/llvm/prebuilt/linux-x86_64/sysroot/usr/include]
        implicit include dirs: [/home/runner/workspace/.ndk-tools/android-ndk-r27c/toolchains/llvm/prebuilt/linux-x86_64/lib/clang/18/include;/home/runner/workspace/.ndk-tools/android-ndk-r27c/toolchains/llvm/prebuilt/linux-x86_64/sysroot/usr/include/aarch64-linux-android;/home/runner/workspace/.ndk-tools/android-ndk-r27c/toolchains/llvm/prebuilt/linux-x86_64/sysroot/usr/include]
      
      
  -
    kind: "message-v1"
    backtrace:
      - "/home/runner/workspace/thirdparty/vcpkg/downloads/tools/cmake-4.3.3-linux/cmake-4.3.3-linux-x86_64/share/cmake-4.3/Modules/CMakeDetermineCompilerABI.cmake:253 (message)"
      - "/home/runner/workspace/thirdparty/vcpkg/downloads/tools/cmake-4.3.3-linux/cmake-4.3.3-linux-x86_64/share/cmake-4.3/Modules/CMakeTestCCompiler.cmake:26 (CMAKE_DETERMINE_COMPILER_ABI)"
      - "CMakeLists.txt:4 (project)"
    message: |
      Parsed C implicit link information:
        link line regex: [^( *|.*[/\\])(ld[0-9]*(|\\.[a-rt-z][a-z]*|\\.s[a-np-z][a-z]*|\\.so[a-z]+)|CMAKE_LINK_STARTFILE-NOTFOUND|([^/\\]+-)?ld|collect2)[^/\\]*( |$)]
        linker tool regex: [^[ 	]*(->|"|[0-9]+>[ 	-]*Build:[ 	0-9]+ ms[ 	]*)?[ 	]*(([^"]*[/\\])?(ld[0-9]*(|\\.[a-rt-z][a-z]*|\\.s[a-np-z][a-z]*|\\.so[a-z]+)))("|,| |$)]
        ignore line: [Change Dir: '/home/runner/workspace/thirdparty/vcpkg/buildtrees/zlib/arm64-android-dbg/CMakeFiles/CMakeScratch/TryCompile-a2CSwi']
        ignore line: []
        ignore line: [Run Build Command(s): /home/runner/workspace/thirdparty/vcpkg/downloads/tools/ninja-1.13.2-linux/ninja -v cmTC_f9afd]
        ignore line: [[1/2] /home/runner/workspace/.ndk-tools/android-ndk-r27c/toolchains/llvm/prebuilt/linux-x86_64/bin/clang --target=aarch64-none-linux-android28 --sysroot=/home/runner/workspace/.ndk-tools/android-ndk-r27c/toolchains/llvm/prebuilt/linux-x86_64/sysroot   -g -DANDROID -fdata-sections -ffunction-sections -funwind-tables -fstack-protector-strong -no-canonical-prefixes -D_FORTIFY_SOURCE=2 -Wformat  -fPIC    -fPIE   -v -MD -MT CMakeFiles/cmTC_f9afd.dir/CMakeCCompilerABI.c.o -MF CMakeFiles/cmTC_f9afd.dir/CMakeCCompilerABI.c.o.d -o CMakeFiles/cmTC_f9afd.dir/CMakeCCompilerABI.c.o -c /home/runner/workspace/thirdparty/vcpkg/downloads/tools/cmake-4.3.3-linux/cmake-4.3.3-linux-x86_64/share/cmake-4.3/Modules/CMakeCCompilerABI.c]
        ignore line: [Android (12470979  +pgo  +bolt  +lto  +mlgo  based on r522817c) clang version 18.0.3 (https://android.googlesource.com/toolchain/llvm-project d8003a456d14a3deb8054cdaa529ffbf02d9b262)]
        ignore line: [Target: aarch64-none-linux-android28]
        ignore line: [Thread model: posix]
        ignore line: [InstalledDir: /home/runner/workspace/.ndk-tools/android-ndk-r27c/toolchains/llvm/prebuilt/linux-x86_64/bin]
        ignore line: [ (in-process)]
        ignore line: [ "/home/runner/workspace/.ndk-tools/android-ndk-r27c/toolchains/llvm/prebuilt/linux-x86_64/bin/clang" -cc1 -triple aarch64-none-linux-android28 -emit-obj -mrelax-all -disable-free -clear-ast-before-backend -disable-llvm-verifier -discard-value-names -main-file-name CMakeCCompilerABI.c -mrelocation-model pic -pic-level 2 -pic-is-pie -mframe-pointer=non-leaf -ffp-contract=on -fno-rounding-math -mconstructor-aliases -funwind-tables=2 -target-cpu generic -target-feature +neon -target-feature +v8a -target-feature +fix-cortex-a53-835769 -target-abi aapcs -debug-info-kind=constructor -dwarf-version=4 -debugger-tuning=gdb -fdebug-compilation-dir=/home/runner/workspace/thirdparty/vcpkg/buildtrees/zlib/arm64-android-dbg/CMakeFiles/CMakeScratch/TryCompile-a2CSwi -v -ffunction-sections -fdata-sections -fcoverage-compilation-dir=/home/runner/workspace/thirdparty/vcpkg/buildtrees/zlib/arm64-android-dbg/CMakeFiles/CMakeScratch/TryCompile-a2CSwi -resource-dir /home/runner/workspace/.ndk-tools/android-ndk-r27c/toolchains/llvm/prebuilt/linux-x86_64/lib/clang/18 -dependency-file CMakeFiles/cmTC_f9afd.dir/CMakeCCompilerABI.c.o.d -MT CMakeFiles/cmTC_f9afd.dir/CMakeCCompilerABI.c.o -sys-header-deps -D ANDROID -D _FORTIFY_SOURCE=2 -isysroot /home/runner/workspace/.ndk-tools/android-ndk-r27c/toolchains/llvm/prebuilt/linux-x86_64/sysroot -internal-isystem /home/runner/workspace/.ndk-tools/android-ndk-r27c/toolchains/llvm/prebuilt/linux-x86_64/lib/clang/18/include -internal-isystem /home/runner/workspace/.ndk-tools/android-ndk-r27c/toolchains/llvm/prebuilt/linux-x86_64/sysroot/usr/local/include -internal-externc-isystem /home/runner/workspace/.ndk-tools/android-ndk-r27c/toolchains/llvm/prebuilt/linux-x86_64/sysroot/usr/include/aarch64-linux-android -internal-externc-isystem /home/runner/workspace/.ndk-tools/android-ndk-r27c/toolchains/llvm/prebuilt/linux-x86_64/sysroot/include -internal-externc-isystem /home/runner/workspace/.ndk-tools/android-ndk-r27c/toolchains/llvm/prebuilt/linux-x86_64/sysroot/usr/include -source-date-epoch 315532800 -Wformat -ferror-limit 19 -femulated-tls -stack-protector 2 -fno-signed-char -fgnuc-version=4.2.1 -target-feature +outline-atomics -D__GCC_HAVE_DWARF2_CFI_ASM=1 -o CMakeFiles/cmTC_f9afd.dir/CMakeCCompilerABI.c.o -x c /home/runner/workspace/thirdparty/vcpkg/downloads/tools/cmake-4.3.3-linux/cmake-4.3.3-linux-x86_64/share/cmake-4.3/Modules/CMakeCCompilerABI.c]
        ignore line: [clang -cc1 version 18.0.3 based upon LLVM 18.0.3 default target x86_64-unknown-linux-gnu]
        ignore line: [ignoring nonexistent directory "/home/runner/workspace/.ndk-tools/android-ndk-r27c/toolchains/llvm/prebuilt/linux-x86_64/sysroot/usr/local/include"]
        ignore line: [ignoring nonexistent directory "/home/runner/workspace/.ndk-tools/android-ndk-r27c/toolchains/llvm/prebuilt/linux-x86_64/sysroot/include"]
        ignore line: [#include "..." search starts here:]
        ignore line: [#include <...> search starts here:]
        ignore line: [ /home/runner/workspace/.ndk-tools/android-ndk-r27c/toolchains/llvm/prebuilt/linux-x86_64/lib/clang/18/include]
        ignore line: [ /home/runner/workspace/.ndk-tools/android-ndk-r27c/toolchains/llvm/prebuilt/linux-x86_64/sysroot/usr/include/aarch64-linux-android]
        ignore line: [ /home/runner/workspace/.ndk-tools/android-ndk-r27c/toolchains/llvm/prebuilt/linux-x86_64/sysroot/usr/include]
        ignore line: [End of search list.]
        ignore line: [[2/2] : && /home/runner/workspace/.ndk-tools/android-ndk-r27c/toolchains/llvm/prebuilt/linux-x86_64/bin/clang --target=aarch64-none-linux-android28 --sysroot=/home/runner/workspace/.ndk-tools/android-ndk-r27c/toolchains/llvm/prebuilt/linux-x86_64/sysroot -g -DANDROID -fdata-sections -ffunction-sections -funwind-tables -fstack-protector-strong -no-canonical-prefixes -D_FORTIFY_SOURCE=2 -Wformat  -fPIC -Wl --build-id=sha1 -Wl --no-rosegment -Wl --no-undefined-version -Wl --fatal-warnings -Wl --no-undefined -Qunused-arguments -v CMakeFiles/cmTC_f9afd.dir/CMakeCCompilerABI.c.o -o cmTC_f9afd   && :]
        ignore line: [Android (12470979  +pgo  +bolt  +lto  +mlgo  based on r522817c) clang version 18.0.3 (https://android.googlesource.com/toolchain/llvm-project d8003a456d14a3deb8054cdaa529ffbf02d9b262)]
        ignore line: [Target: aarch64-none-linux-android28]
        ignore line: [Thread model: posix]
        ignore line: [InstalledDir: /home/runner/workspace/.ndk-tools/android-ndk-r27c/toolchains/llvm/prebuilt/linux-x86_64/bin]
        link line: [ "/home/runner/workspace/.ndk-tools/android-ndk-r27c/toolchains/llvm/prebuilt/linux-x86_64/bin/ld.lld" --sysroot=/home/runner/workspace/.ndk-tools/android-ndk-r27c/toolchains/llvm/prebuilt/linux-x86_64/sysroot -EL --fix-cortex-a53-843419 -z now -z relro -z max-page-size=4096 --hash-style=gnu --eh-frame-hdr -m aarch64linux -pie -dynamic-linker /system/bin/linker64 -o cmTC_f9afd /home/runner/workspace/.ndk-tools/android-ndk-r27c/toolchains/llvm/prebuilt/linux-x86_64/sysroot/usr/lib/aarch64-linux-android/28/crtbegin_dynamic.o -L/home/runner/workspace/.ndk-tools/android-ndk-r27c/toolchains/llvm/prebuilt/linux-x86_64/lib/clang/18/lib/linux/aarch64 -L/home/runner/workspace/.ndk-tools/android-ndk-r27c/toolchains/llvm/prebuilt/linux-x86_64/sysroot/usr/lib/aarch64-linux-android/28 -L/home/runner/workspace/.ndk-tools/android-ndk-r27c/toolchains/llvm/prebuilt/linux-x86_64/sysroot/usr/lib/aarch64-linux-android -L/home/runner/workspace/.ndk-tools/android-ndk-r27c/toolchains/llvm/prebuilt/linux-x86_64/sysroot/usr/lib --build-id=sha1 --no-rosegment --no-undefined-version --fatal-warnings --no-undefined CMakeFiles/cmTC_f9afd.dir/CMakeCCompilerABI.c.o /home/runner/workspace/.ndk-tools/android-ndk-r27c/toolchains/llvm/prebuilt/linux-x86_64/lib/clang/18/lib/linux/libclang_rt.builtins-aarch64-android.a -l:libunwind.a -ldl -lc /home/runner/workspace/.ndk-tools/android-ndk-r27c/toolchains/llvm/prebuilt/linux-x86_64/lib/clang/18/lib/linux/libclang_rt.builtins-aarch64-android.a -l:libunwind.a -ldl /home/runner/workspace/.ndk-tools/android-ndk-r27c/toolchains/llvm/prebuilt/linux-x86_64/sysroot/usr/lib/aarch64-linux-android/28/crtend_android.o]
          arg [/home/runner/workspace/.ndk-tools/android-ndk-r27c/toolchains/llvm/prebuilt/linux-x86_64/bin/ld.lld] ==> ignore
          arg [--sysroot=/home/runner/workspace/.ndk-tools/android-ndk-r27c/toolchains/llvm/prebuilt/linux-x86_64/sysroot] ==> ignore
          arg [-EL] ==> ignore
          arg [--fix-cortex-a53-843419] ==> ignore
          arg [-znow] ==> ignore
          arg [-zrelro] ==> ignore
          arg [-zmax-page-size=4096] ==> ignore
          arg [--hash-style=gnu] ==> ignore
          arg [--eh-frame-hdr] ==> ignore
          arg [-m] ==> ignore
          arg [aarch64linux] ==> ignore
          arg [-pie] ==> ignore
          arg [-dynamic-linker] ==> ignore
          arg [/system/bin/linker64] ==> ignore
          arg [-o] ==> ignore
          arg [cmTC_f9afd] ==> ignore
          arg [/home/runner/workspace/.ndk-tools/android-ndk-r27c/toolchains/llvm/prebuilt/linux-x86_64/sysroot/usr/lib/aarch64-linux-android/28/crtbegin_dynamic.o] ==> obj [/home/runner/workspace/.ndk-tools/android-ndk-r27c/toolchains/llvm/prebuilt/linux-x86_64/sysroot/usr/lib/aarch64-linux-android/28/crtbegin_dynamic.o]
          arg [-L/home/runner/workspace/.ndk-tools/android-ndk-r27c/toolchains/llvm/prebuilt/linux-x86_64/lib/clang/18/lib/linux/aarch64] ==> dir [/home/runner/workspace/.ndk-tools/android-ndk-r27c/toolchains/llvm/prebuilt/linux-x86_64/lib/clang/18/lib/linux/aarch64]
          arg [-L/home/runner/workspace/.ndk-tools/android-ndk-r27c/toolchains/llvm/prebuilt/linux-x86_64/sysroot/usr/lib/aarch64-linux-android/28] ==> dir [/home/runner/workspace/.ndk-tools/android-ndk-r27c/toolchains/llvm/prebuilt/linux-x86_64/sysroot/usr/lib/aarch64-linux-android/28]
          arg [-L/home/runner/workspace/.ndk-tools/android-ndk-r27c/toolchains/llvm/prebuilt/linux-x86_64/sysroot/usr/lib/aarch64-linux-android] ==> dir [/home/runner/workspace/.ndk-tools/android-ndk-r27c/toolchains/llvm/prebuilt/linux-x86_64/sysroot/usr/lib/aarch64-linux-android]
          arg [-L/home/runner/workspace/.ndk-tools/android-ndk-r27c/toolchains/llvm/prebuilt/linux-x86_64/sysroot/usr/lib] ==> dir [/home/runner/workspace/.ndk-tools/android-ndk-r27c/toolchains/llvm/prebuilt/linux-x86_64/sysroot/usr/lib]
          arg [--build-id=sha1] ==> ignore
          arg [--no-rosegment] ==> ignore
          arg [--no-undefined-version] ==> ignore
          arg [--fatal-warnings] ==> ignore
          arg [--no-undefined] ==> ignore
          arg [CMakeFiles/cmTC_f9afd.dir/CMakeCCompilerABI.c.o] ==> ignore
          arg [/home/runner/workspace/.ndk-tools/android-ndk-r27c/toolchains/llvm/prebuilt/linux-x86_64/lib/clang/18/lib/linux/libclang_rt.builtins-aarch64-android.a] ==> lib [/home/runner/workspace/.ndk-tools/android-ndk-r27c/toolchains/llvm/prebuilt/linux-x86_64/lib/clang/18/lib/linux/libclang_rt.builtins-aarch64-android.a]
          arg [-l:libunwind.a] ==> lib [-l:libunwind.a]
          arg [-ldl] ==> lib [dl]
          arg [-lc] ==> lib [c]
          arg [/home/runner/workspace/.ndk-tools/android-ndk-r27c/toolchains/llvm/prebuilt/linux-x86_64/lib/clang/18/lib/linux/libclang_rt.builtins-aarch64-android.a] ==> lib [/home/runner/workspace/.ndk-tools/android-ndk-r27c/toolchains/llvm/prebuilt/linux-x86_64/lib/clang/18/lib/linux/libclang_rt.builtins-aarch64-android.a]
          arg [-l:libunwind.a] ==> lib [-l:libunwind.a]
          arg [-ldl] ==> lib [dl]
          arg [/home/runner/workspace/.ndk-tools/android-ndk-r27c/toolchains/llvm/prebuilt/linux-x86_64/sysroot/usr/lib/aarch64-linux-android/28/crtend_android.o] ==> obj [/home/runner/workspace/.ndk-tools/android-ndk-r27c/toolchains/llvm/prebuilt/linux-x86_64/sysroot/usr/lib/aarch64-linux-android/28/crtend_android.o]
        linker tool for 'C': /home/runner/workspace/.ndk-tools/android-ndk-r27c/toolchains/llvm/prebuilt/linux-x86_64/bin/ld.lld
        remove lib [/home/runner/workspace/.ndk-tools/android-ndk-r27c/toolchains/llvm/prebuilt/linux-x86_64/lib/clang/18/lib/linux/libclang_rt.builtins-aarch64-android.a]
        remove lib [/home/runner/workspace/.ndk-tools/android-ndk-r27c/toolchains/llvm/prebuilt/linux-x86_64/lib/clang/18/lib/linux/libclang_rt.builtins-aarch64-android.a]
        collapse library dir [/home/runner/workspace/.ndk-tools/android-ndk-r27c/toolchains/llvm/prebuilt/linux-x86_64/lib/clang/18/lib/linux/aarch64] ==> [/home/runner/workspace/.ndk-tools/android-ndk-r27c/toolchains/llvm/prebuilt/linux-x86_64/lib/clang/18/lib/linux/aarch64]
        collapse library dir [/home/runner/workspace/.ndk-tools/android-ndk-r27c/toolchains/llvm/prebuilt/linux-x86_64/sysroot/usr/lib/aarch64-linux-android/28] ==> [/home/runner/workspace/.ndk-tools/android-ndk-r27c/toolchains/llvm/prebuilt/linux-x86_64/sysroot/usr/lib/aarch64-linux-android/28]
        collapse library dir [/home/runner/workspace/.ndk-tools/android-ndk-r27c/toolchains/llvm/prebuilt/linux-x86_64/sysroot/usr/lib/aarch64-linux-android] ==> [/home/runner/workspace/.ndk-tools/android-ndk-r27c/toolchains/llvm/prebuilt/linux-x86_64/sysroot/usr/lib/aarch64-linux-android]
        collapse library dir [/home/runner/workspace/.ndk-tools/android-ndk-r27c/toolchains/llvm/prebuilt/linux-x86_64/sysroot/usr/lib] ==> [/home/runner/workspace/.ndk-tools/android-ndk-r27c/toolchains/llvm/prebuilt/linux-x86_64/sysroot/usr/lib]
        implicit libs: [-l:libunwind.a;dl;c;-l:libunwind.a;dl]
        implicit objs: [/home/runner/workspace/.ndk-tools/android-ndk-r27c/toolchains/llvm/prebuilt/linux-x86_64/sysroot/usr/lib/aarch64-linux-android/28/crtbegin_dynamic.o;/home/runner/workspace/.ndk-tools/android-ndk-r27c/toolchains/llvm/prebuilt/linux-x86_64/sysroot/usr/lib/aarch64-linux-android/28/crtend_android.o]
        implicit dirs: [/home/runner/workspace/.ndk-tools/android-ndk-r27c/toolchains/llvm/prebuilt/linux-x86_64/lib/clang/18/lib/linux/aarch64;/home/runner/workspace/.ndk-tools/android-ndk-r27c/toolchains/llvm/prebuilt/linux-x86_64/sysroot/usr/lib/aarch64-linux-android/28;/home/runner/workspace/.ndk-tools/android-ndk-r27c/toolchains/llvm/prebuilt/linux-x86_64/sysroot/usr/lib/aarch64-linux-android;/home/runner/workspace/.ndk-tools/android-ndk-r27c/toolchains/llvm/prebuilt/linux-x86_64/sysroot/usr/lib]
        implicit fwks: []
      
      
  -
    kind: "message-v1"
    backtrace:
      - "/home/runner/workspace/thirdparty/vcpkg/downloads/tools/cmake-4.3.3-linux/cmake-4.3.3-linux-x86_64/share/cmake-4.3/Modules/Internal/CMakeDetermineLinkerId.cmake:38 (message)"
      - "/home/runner/workspace/thirdparty/vcpkg/downloads/tools/cmake-4.3.3-linux/cmake-4.3.3-linux-x86_64/share/cmake-4.3/Modules/CMakeDetermineCompilerABI.cmake:299 (cmake_determine_linker_id)"
      - "/home/runner/workspace/thirdparty/vcpkg/downloads/tools/cmake-4.3.3-linux/cmake-4.3.3-linux-x86_64/share/cmake-4.3/Modules/CMakeTestCCompiler.cmake:26 (CMAKE_DETERMINE_COMPILER_ABI)"
      - "CMakeLists.txt:4 (project)"
    message: |
      Running the C compiler's linker: "/home/runner/workspace/.ndk-tools/android-ndk-r27c/toolchains/llvm/prebuilt/linux-x86_64/bin/ld.lld" "-v"
      LLD 18.0.3 (compatible with GNU linkers)
  -
    kind: "try_compile-v1"
    backtrace:
      - "/home/runner/workspace/thirdparty/vcpkg/downloads/tools/cmake-4.3.3-linux/cmake-4.3.3-linux-x86_64/share/cmake-4.3/Modules/CheckIncludeFile.cmake:174 (try_compile)"
      - "CMakeLists.txt:22 (check_include_file)"
    checks:
      - "Looking for sys/types.h"
    directories:
      source: "/home/runner/workspace/thirdparty/vcpkg/buildtrees/zlib/arm64-android-dbg/CMakeFiles/CMakeScratch/TryCompile-bXoAMl"
      binary: "/home/runner/workspace/thirdparty/vcpkg/buildtrees/zlib/arm64-android-dbg/CMakeFiles/CMakeScratch/TryCompile-bXoAMl"
    cmakeVariables:
      ANDROID_ABI: "arm64-v8a"
      ANDROID_ARM_MODE: "thumb"
      ANDROID_CPP_FEATURES: "rtti exceptions"
      ANDROID_PIE: "TRUE"
      ANDROID_PLATFORM: "android-28"
      ANDROID_STL: "c++_shared"
      ANDROID_TOOLCHAIN: "clang"
      CMAKE_CXX_COMPILER_TARGET: "aarch64-none-linux-android28"
      CMAKE_C_COMPILER_TARGET: "aarch64-none-linux-android28"
      CMAKE_C_FLAGS: "-g -DANDROID -fdata-sections -ffunction-sections -funwind-tables -fstack-protector-strong -no-canonical-prefixes -D_FORTIFY_SOURCE=2 -Wformat -Werror=format-security  -fPIC  "
      CMAKE_C_FLAGS_DEBUG: "-fno-limit-debug-info   "
      CMAKE_EXE_LINKER_FLAGS: "-Wl,--build-id=sha1 -Wl,--no-rosegment -Wl,--no-undefined-version -Wl,--fatal-warnings -Wl,--no-undefined -Qunused-arguments    "
      CMAKE_POSITION_INDEPENDENT_CODE: "TRUE"
      CMAKE_SYSROOT: "/home/runner/workspace/.ndk-tools/android-ndk-r27c/toolchains/llvm/prebuilt/linux-x86_64/sysroot"
      VCPKG_CHAINLOAD_TOOLCHAIN_FILE: "/home/runner/workspace/thirdparty/vcpkg/scripts/toolchains/android.cmake"
      VCPKG_CRT_LINKAGE: "dynamic"
      VCPKG_CXX_FLAGS: ""
      VCPKG_CXX_FLAGS_DEBUG: ""
      VCPKG_CXX_FLAGS_RELEASE: ""
      VCPKG_C_FLAGS: ""
      VCPKG_C_FLAGS_DEBUG: ""
      VCPKG_C_FLAGS_RELEASE: ""
      VCPKG_INSTALLED_DIR: "/home/runner/workspace/out/build/android-debug/vcpkg_installed"
      VCPKG_LINKER_FLAGS: ""
      VCPKG_LINKER_FLAGS_DEBUG: ""
      VCPKG_LINKER_FLAGS_RELEASE: ""
      VCPKG_PREFER_SYSTEM_LIBS: "OFF"
      VCPKG_TARGET_ARCHITECTURE: "arm64"
      VCPKG_TARGET_TRIPLET: "arm64-android"
      Z_VCPKG_ROOT_DIR: "/home/runner/workspace/thirdparty/vcpkg"
    buildResult:
      variable: "HAVE_SYS_TYPES_H"
      cached: true
      stdout: |
        Change Dir: '/home/runner/workspace/thirdparty/vcpkg/buildtrees/zlib/arm64-android-dbg/CMakeFiles/CMakeScratch/TryCompile-bXoAMl'
        
        Run Build Command(s): /home/runner/workspace/thirdparty/vcpkg/downloads/tools/ninja-1.13.2-linux/ninja -v cmTC_ef0bd
        [1/2] /home/runner/workspace/.ndk-tools/android-ndk-r27c/toolchains/llvm/prebuilt/linux-x86_64/bin/clang --target=aarch64-none-linux-android28 --sysroot=/home/runner/workspace/.ndk-tools/android-ndk-r27c/toolchains/llvm/prebuilt/linux-x86_64/sysroot   -g -DANDROID -fdata-sections -ffunction-sections -funwind-tables -fstack-protector-strong -no-canonical-prefixes -D_FORTIFY_SOURCE=2 -Wformat -Werror=format-security  -fPIC    -fPIE -MD -MT CMakeFiles/cmTC_ef0bd.dir/CheckIncludeFile.c.o -MF CMakeFiles/cmTC_ef0bd.dir/CheckIncludeFile.c.o.d -o CMakeFiles/cmTC_ef0bd.dir/CheckIncludeFile.c.o -c /home/runner/workspace/thirdparty/vcpkg/buildtrees/zlib/arm64-android-dbg/CMakeFiles/CMakeScratch/TryCompile-bXoAMl/CheckIncludeFile.c
        [2/2] : && /home/runner/workspace/.ndk-tools/android-ndk-r27c/toolchains/llvm/prebuilt/linux-x86_64/bin/clang --target=aarch64-none-linux-android28 --sysroot=/home/runner/workspace/.ndk-tools/android-ndk-r27c/toolchains/llvm/prebuilt/linux-x86_64/sysroot -g -DANDROID -fdata-sections -ffunction-sections -funwind-tables -fstack-protector-strong -no-canonical-prefixes -D_FORTIFY_SOURCE=2 -Wformat -Werror=format-security  -fPIC -Wl,--build-id=sha1 -Wl,--no-rosegment -Wl,--no-undefined-version -Wl,--fatal-warnings -Wl,--no-undefined -Qunused-arguments CMakeFiles/cmTC_ef0bd.dir/CheckIncludeFile.c.o -o cmTC_ef0bd  -latomic -lm && :
        
      exitCode: 0
  -
    kind: "try_compile-v1"
    backtrace:
      - "/home/runner/workspace/thirdparty/vcpkg/downloads/tools/cmake-4.3.3-linux/cmake-4.3.3-linux-x86_64/share/cmake-4.3/Modules/CheckIncludeFile.cmake:174 (try_compile)"
      - "CMakeLists.txt:23 (check_include_file)"
    checks:
      - "Looking for stdint.h"
    directories:
      source: "/home/runner/workspace/thirdparty/vcpkg/buildtrees/zlib/arm64-android-dbg/CMakeFiles/CMakeScratch/TryCompile-lhPpS0"
      binary: "/home/runner/workspace/thirdparty/vcpkg/buildtrees/zlib/arm64-android-dbg/CMakeFiles/CMakeScratch/TryCompile-lhPpS0"
    cmakeVariables:
      ANDROID_ABI: "arm64-v8a"
      ANDROID_ARM_MODE: "thumb"
      ANDROID_CPP_FEATURES: "rtti exceptions"
      ANDROID_PIE: "TRUE"
      ANDROID_PLATFORM: "android-28"
      ANDROID_STL: "c++_shared"
      ANDROID_TOOLCHAIN: "clang"
      CMAKE_CXX_COMPILER_TARGET: "aarch64-none-linux-android28"
      CMAKE_C_COMPILER_TARGET: "aarch64-none-linux-android28"
      CMAKE_C_FLAGS: "-g -DANDROID -fdata-sections -ffunction-sections -funwind-tables -fstack-protector-strong -no-canonical-prefixes -D_FORTIFY_SOURCE=2 -Wformat -Werror=format-security  -fPIC  "
      CMAKE_C_FLAGS_DEBUG: "-fno-limit-debug-info   "
      CMAKE_EXE_LINKER_FLAGS: "-Wl,--build-id=sha1 -Wl,--no-rosegment -Wl,--no-undefined-version -Wl,--fatal-warnings -Wl,--no-undefined -Qunused-arguments    "
      CMAKE_POSITION_INDEPENDENT_CODE: "TRUE"
      CMAKE_SYSROOT: "/home/runner/workspace/.ndk-tools/android-ndk-r27c/toolchains/llvm/prebuilt/linux-x86_64/sysroot"
      VCPKG_CHAINLOAD_TOOLCHAIN_FILE: "/home/runner/workspace/thirdparty/vcpkg/scripts/toolchains/android.cmake"
      VCPKG_CRT_LINKAGE: "dynamic"
      VCPKG_CXX_FLAGS: ""
      VCPKG_CXX_FLAGS_DEBUG: ""
      VCPKG_CXX_FLAGS_RELEASE: ""
      VCPKG_C_FLAGS: ""
      VCPKG_C_FLAGS_DEBUG: ""
      VCPKG_C_FLAGS_RELEASE: ""
      VCPKG_INSTALLED_DIR: "/home/runner/workspace/out/build/android-debug/vcpkg_installed"
      VCPKG_LINKER_FLAGS: ""
      VCPKG_LINKER_FLAGS_DEBUG: ""
      VCPKG_LINKER_FLAGS_RELEASE: ""
      VCPKG_PREFER_SYSTEM_LIBS: "OFF"
      VCPKG_TARGET_ARCHITECTURE: "arm64"
      VCPKG_TARGET_TRIPLET: "arm64-android"
      Z_VCPKG_ROOT_DIR: "/home/runner/workspace/thirdparty/vcpkg"
    buildResult:
      variable: "HAVE_STDINT_H"
      cached: true
      stdout: |
        Change Dir: '/home/runner/workspace/thirdparty/vcpkg/buildtrees/zlib/arm64-android-dbg/CMakeFiles/CMakeScratch/TryCompile-lhPpS0'
        
        Run Build Command(s): /home/runner/workspace/thirdparty/vcpkg/downloads/tools/ninja-1.13.2-linux/ninja -v cmTC_2bd8e
        [1/2] /home/runner/workspace/.ndk-tools/android-ndk-r27c/toolchains/llvm/prebuilt/linux-x86_64/bin/clang --target=aarch64-none-linux-android28 --sysroot=/home/runner/workspace/.ndk-tools/android-ndk-r27c/toolchains/llvm/prebuilt/linux-x86_64/sysroot   -g -DANDROID -fdata-sections -ffunction-sections -funwind-tables -fstack-protector-strong -no-canonical-prefixes -D_FORTIFY_SOURCE=2 -Wformat -Werror=format-security  -fPIC    -fPIE -MD -MT CMakeFiles/cmTC_2bd8e.dir/CheckIncludeFile.c.o -MF CMakeFiles/cmTC_2bd8e.dir/CheckIncludeFile.c.o.d -o CMakeFiles/cmTC_2bd8e.dir/CheckIncludeFile.c.o -c /home/runner/workspace/thirdparty/vcpkg/buildtrees/zlib/arm64-android-dbg/CMakeFiles/CMakeScratch/TryCompile-lhPpS0/CheckIncludeFile.c
        [2/2] : && /home/runner/workspace/.ndk-tools/android-ndk-r27c/toolchains/llvm/prebuilt/linux-x86_64/bin/clang --target=aarch64-none-linux-android28 --sysroot=/home/runner/workspace/.ndk-tools/android-ndk-r27c/toolchains/llvm/prebuilt/linux-x86_64/sysroot -g -DANDROID -fdata-sections -ffunction-sections -funwind-tables -fstack-protector-strong -no-canonical-prefixes -D_FORTIFY_SOURCE=2 -Wformat -Werror=format-security  -fPIC -Wl,--build-id=sha1 -Wl,--no-rosegment -Wl,--no-undefined-version -Wl,--fatal-warnings -Wl,--no-undefined -Qunused-arguments CMakeFiles/cmTC_2bd8e.dir/CheckIncludeFile.c.o -o cmTC_2bd8e  -latomic -lm && :
        
      exitCode: 0
  -
    kind: "try_compile-v1"
    backtrace:
      - "/home/runner/workspace/thirdparty/vcpkg/downloads/tools/cmake-4.3.3-linux/cmake-4.3.3-linux-x86_64/share/cmake-4.3/Modules/CheckIncludeFile.cmake:174 (try_compile)"
      - "CMakeLists.txt:24 (check_include_file)"
    checks:
      - "Looking for stddef.h"
    directories:
      source: "/home/runner/workspace/thirdparty/vcpkg/buildtrees/zlib/arm64-android-dbg/CMakeFiles/CMakeScratch/TryCompile-MgWFB2"
      binary: "/home/runner/workspace/thirdparty/vcpkg/buildtrees/zlib/arm64-android-dbg/CMakeFiles/CMakeScratch/TryCompile-MgWFB2"
    cmakeVariables:
      ANDROID_ABI: "arm64-v8a"
      ANDROID_ARM_MODE: "thumb"
      ANDROID_CPP_FEATURES: "rtti exceptions"
      ANDROID_PIE: "TRUE"
      ANDROID_PLATFORM: "android-28"
      ANDROID_STL: "c++_shared"
      ANDROID_TOOLCHAIN: "clang"
      CMAKE_CXX_COMPILER_TARGET: "aarch64-none-linux-android28"
      CMAKE_C_COMPILER_TARGET: "aarch64-none-linux-android28"
      CMAKE_C_FLAGS: "-g -DANDROID -fdata-sections -ffunction-sections -funwind-tables -fstack-protector-strong -no-canonical-prefixes -D_FORTIFY_SOURCE=2 -Wformat -Werror=format-security  -fPIC  "
      CMAKE_C_FLAGS_DEBUG: "-fno-limit-debug-info   "
      CMAKE_EXE_LINKER_FLAGS: "-Wl,--build-id=sha1 -Wl,--no-rosegment -Wl,--no-undefined-version -Wl,--fatal-warnings -Wl,--no-undefined -Qunused-arguments    "
      CMAKE_POSITION_INDEPENDENT_CODE: "TRUE"
      CMAKE_SYSROOT: "/home/runner/workspace/.ndk-tools/android-ndk-r27c/toolchains/llvm/prebuilt/linux-x86_64/sysroot"
      VCPKG_CHAINLOAD_TOOLCHAIN_FILE: "/home/runner/workspace/thirdparty/vcpkg/scripts/toolchains/android.cmake"
      VCPKG_CRT_LINKAGE: "dynamic"
      VCPKG_CXX_FLAGS: ""
      VCPKG_CXX_FLAGS_DEBUG: ""
      VCPKG_CXX_FLAGS_RELEASE: ""
      VCPKG_C_FLAGS: ""
      VCPKG_C_FLAGS_DEBUG: ""
      VCPKG_C_FLAGS_RELEASE: ""
      VCPKG_INSTALLED_DIR: "/home/runner/workspace/out/build/android-debug/vcpkg_installed"
      VCPKG_LINKER_FLAGS: ""
      VCPKG_LINKER_FLAGS_DEBUG: ""
      VCPKG_LINKER_FLAGS_RELEASE: ""
      VCPKG_PREFER_SYSTEM_LIBS: "OFF"
      VCPKG_TARGET_ARCHITECTURE: "arm64"
      VCPKG_TARGET_TRIPLET: "arm64-android"
      Z_VCPKG_ROOT_DIR: "/home/runner/workspace/thirdparty/vcpkg"
    buildResult:
      variable: "HAVE_STDDEF_H"
      cached: true
      stdout: |
        Change Dir: '/home/runner/workspace/thirdparty/vcpkg/buildtrees/zlib/arm64-android-dbg/CMakeFiles/CMakeScratch/TryCompile-MgWFB2'
        
        Run Build Command(s): /home/runner/workspace/thirdparty/vcpkg/downloads/tools/ninja-1.13.2-linux/ninja -v cmTC_24a29
        [1/2] /home/runner/workspace/.ndk-tools/android-ndk-r27c/toolchains/llvm/prebuilt/linux-x86_64/bin/clang --target=aarch64-none-linux-android28 --sysroot=/home/runner/workspace/.ndk-tools/android-ndk-r27c/toolchains/llvm/prebuilt/linux-x86_64/sysroot   -g -DANDROID -fdata-sections -ffunction-sections -funwind-tables -fstack-protector-strong -no-canonical-prefixes -D_FORTIFY_SOURCE=2 -Wformat -Werror=format-security  -fPIC    -fPIE -MD -MT CMakeFiles/cmTC_24a29.dir/CheckIncludeFile.c.o -MF CMakeFiles/cmTC_24a29.dir/CheckIncludeFile.c.o.d -o CMakeFiles/cmTC_24a29.dir/CheckIncludeFile.c.o -c /home/runner/workspace/thirdparty/vcpkg/buildtrees/zlib/arm64-android-dbg/CMakeFiles/CMakeScratch/TryCompile-MgWFB2/CheckIncludeFile.c
        [2/2] : && /home/runner/workspace/.ndk-tools/android-ndk-r27c/toolchains/llvm/prebuilt/linux-x86_64/bin/clang --target=aarch64-none-linux-android28 --sysroot=/home/runner/workspace/.ndk-tools/android-ndk-r27c/toolchains/llvm/prebuilt/linux-x86_64/sysroot -g -DANDROID -fdata-sections -ffunction-sections -funwind-tables -fstack-protector-strong -no-canonical-prefixes -D_FORTIFY_SOURCE=2 -Wformat -Werror=format-security  -fPIC -Wl,--build-id=sha1 -Wl,--no-rosegment -Wl,--no-undefined-version -Wl,--fatal-warnings -Wl,--no-undefined -Qunused-arguments CMakeFiles/cmTC_24a29.dir/CheckIncludeFile.c.o -o cmTC_24a29  -latomic -lm && :
        
      exitCode: 0
  -
    kind: "try_compile-v1"
    backtrace:
      - "/home/runner/workspace/thirdparty/vcpkg/downloads/tools/cmake-4.3.3-linux/cmake-4.3.3-linux-x86_64/share/cmake-4.3/Modules/CheckTypeSize.cmake:348 (try_compile)"
      - "/home/runner/workspace/thirdparty/vcpkg/downloads/tools/cmake-4.3.3-linux/cmake-4.3.3-linux-x86_64/share/cmake-4.3/Modules/CheckTypeSize.cmake:481 (__check_type_size_impl)"
      - "CMakeLists.txt:42 (check_type_size)"
    checks:
      - "Check size of off64_t"
    directories:
      source: "/home/runner/workspace/thirdparty/vcpkg/buildtrees/zlib/arm64-android-dbg/CMakeFiles/CMakeScratch/TryCompile-6osWQy"
      binary: "/home/runner/workspace/thirdparty/vcpkg/buildtrees/zlib/arm64-android-dbg/CMakeFiles/CMakeScratch/TryCompile-6osWQy"
    cmakeVariables:
      ANDROID_ABI: "arm64-v8a"
      ANDROID_ARM_MODE: "thumb"
      ANDROID_CPP_FEATURES: "rtti exceptions"
      ANDROID_PIE: "TRUE"
      ANDROID_PLATFORM: "android-28"
      ANDROID_STL: "c++_shared"
      ANDROID_TOOLCHAIN: "clang"
      CMAKE_CXX_COMPILER_TARGET: "aarch64-none-linux-android28"
      CMAKE_C_COMPILER_TARGET: "aarch64-none-linux-android28"
      CMAKE_C_FLAGS: "-g -DANDROID -fdata-sections -ffunction-sections -funwind-tables -fstack-protector-strong -no-canonical-prefixes -D_FORTIFY_SOURCE=2 -Wformat -Werror=format-security  -fPIC  "
      CMAKE_C_FLAGS_DEBUG: "-fno-limit-debug-info   "
      CMAKE_EXE_LINKER_FLAGS: "-Wl,--build-id=sha1 -Wl,--no-rosegment -Wl,--no-undefined-version -Wl,--fatal-warnings -Wl,--no-undefined -Qunused-arguments    "
      CMAKE_POSITION_INDEPENDENT_CODE: "TRUE"
      CMAKE_SYSROOT: "/home/runner/workspace/.ndk-tools/android-ndk-r27c/toolchains/llvm/prebuilt/linux-x86_64/sysroot"
      VCPKG_CHAINLOAD_TOOLCHAIN_FILE: "/home/runner/workspace/thirdparty/vcpkg/scripts/toolchains/android.cmake"
      VCPKG_CRT_LINKAGE: "dynamic"
      VCPKG_CXX_FLAGS: ""
      VCPKG_CXX_FLAGS_DEBUG: ""
      VCPKG_CXX_FLAGS_RELEASE: ""
      VCPKG_C_FLAGS: ""
      VCPKG_C_FLAGS_DEBUG: ""
      VCPKG_C_FLAGS_RELEASE: ""
      VCPKG_INSTALLED_DIR: "/home/runner/workspace/out/build/android-debug/vcpkg_installed"
      VCPKG_LINKER_FLAGS: ""
      VCPKG_LINKER_FLAGS_DEBUG: ""
      VCPKG_LINKER_FLAGS_RELEASE: ""
      VCPKG_PREFER_SYSTEM_LIBS: "OFF"
      VCPKG_TARGET_ARCHITECTURE: "arm64"
      VCPKG_TARGET_TRIPLET: "arm64-android"
      Z_VCPKG_ROOT_DIR: "/home/runner/workspace/thirdparty/vcpkg"
    buildResult:
      variable: "HAVE_OFF64_T"
      cached: true
      stdout: |
        Change Dir: '/home/runner/workspace/thirdparty/vcpkg/buildtrees/zlib/arm64-android-dbg/CMakeFiles/CMakeScratch/TryCompile-6osWQy'
        
        Run Build Command(s): /home/runner/workspace/thirdparty/vcpkg/downloads/tools/ninja-1.13.2-linux/ninja -v cmTC_cef68
        [1/2] /home/runner/workspace/.ndk-tools/android-ndk-r27c/toolchains/llvm/prebuilt/linux-x86_64/bin/clang --target=aarch64-none-linux-android28 --sysroot=/home/runner/workspace/.ndk-tools/android-ndk-r27c/toolchains/llvm/prebuilt/linux-x86_64/sysroot -DHAVE_STDDEF_H -DHAVE_STDINT_H -DHAVE_SYS_TYPES_H -D_LARGEFILE64_SOURCE=1  -g -DANDROID -fdata-sections -ffunction-sections -funwind-tables -fstack-protector-strong -no-canonical-prefixes -D_FORTIFY_SOURCE=2 -Wformat -Werror=format-security  -fPIC    -fPIE -MD -MT CMakeFiles/cmTC_cef68.dir/OFF64_T.c.o -MF CMakeFiles/cmTC_cef68.dir/OFF64_T.c.o.d -o CMakeFiles/cmTC_cef68.dir/OFF64_T.c.o -c /home/runner/workspace/thirdparty/vcpkg/buildtrees/zlib/arm64-android-dbg/CMakeFiles/CMakeScratch/TryCompile-6osWQy/OFF64_T.c
        [2/2] : && /home/runner/workspace/.ndk-tools/android-ndk-r27c/toolchains/llvm/prebuilt/linux-x86_64/bin/clang --target=aarch64-none-linux-android28 --sysroot=/home/runner/workspace/.ndk-tools/android-ndk-r27c/toolchains/llvm/prebuilt/linux-x86_64/sysroot -g -DANDROID -fdata-sections -ffunction-sections -funwind-tables -fstack-protector-strong -no-canonical-prefixes -D_FORTIFY_SOURCE=2 -Wformat -Werror=format-security  -fPIC -Wl,--build-id=sha1 -Wl,--no-rosegment -Wl,--no-undefined-version -Wl,--fatal-warnings -Wl,--no-undefined -Qunused-arguments CMakeFiles/cmTC_cef68.dir/OFF64_T.c.o -o cmTC_cef68  -latomic -lm && :
        
      exitCode: 0
  -
    kind: "try_compile-v1"
    backtrace:
      - "/home/runner/workspace/thirdparty/vcpkg/downloads/tools/cmake-4.3.3-linux/cmake-4.3.3-linux-x86_64/share/cmake-4.3/Modules/CheckFunctionExists.cmake:167 (try_compile)"
      - "CMakeLists.txt:51 (check_function_exists)"
    checks:
      - "Looking for fseeko"
    directories:
      source: "/home/runner/workspace/thirdparty/vcpkg/buildtrees/zlib/arm64-android-dbg/CMakeFiles/CMakeScratch/TryCompile-7fpcgo"
      binary: "/home/runner/workspace/thirdparty/vcpkg/buildtrees/zlib/arm64-android-dbg/CMakeFiles/CMakeScratch/TryCompile-7fpcgo"
    cmakeVariables:
      ANDROID_ABI: "arm64-v8a"
      ANDROID_ARM_MODE: "thumb"
      ANDROID_CPP_FEATURES: "rtti exceptions"
      ANDROID_PIE: "TRUE"
      ANDROID_PLATFORM: "android-28"
      ANDROID_STL: "c++_shared"
      ANDROID_TOOLCHAIN: "clang"
      CMAKE_CXX_COMPILER_TARGET: "aarch64-none-linux-android28"
      CMAKE_C_COMPILER_TARGET: "aarch64-none-linux-android28"
      CMAKE_C_FLAGS: "-g -DANDROID -fdata-sections -ffunction-sections -funwind-tables -fstack-protector-strong -no-canonical-prefixes -D_FORTIFY_SOURCE=2 -Wformat -Werror=format-security  -fPIC  "
      CMAKE_C_FLAGS_DEBUG: "-fno-limit-debug-info   "
      CMAKE_EXE_LINKER_FLAGS: "-Wl,--build-id=sha1 -Wl,--no-rosegment -Wl,--no-undefined-version -Wl,--fatal-warnings -Wl,--no-undefined -Qunused-arguments    "
      CMAKE_POSITION_INDEPENDENT_CODE: "TRUE"
      CMAKE_SYSROOT: "/home/runner/workspace/.ndk-tools/android-ndk-r27c/toolchains/llvm/prebuilt/linux-x86_64/sysroot"
      VCPKG_CHAINLOAD_TOOLCHAIN_FILE: "/home/runner/workspace/thirdparty/vcpkg/scripts/toolchains/android.cmake"
      VCPKG_CRT_LINKAGE: "dynamic"
      VCPKG_CXX_FLAGS: ""
      VCPKG_CXX_FLAGS_DEBUG: ""
      VCPKG_CXX_FLAGS_RELEASE: ""
      VCPKG_C_FLAGS: ""
      VCPKG_C_FLAGS_DEBUG: ""
      VCPKG_C_FLAGS_RELEASE: ""
      VCPKG_INSTALLED_DIR: "/home/runner/workspace/out/build/android-debug/vcpkg_installed"
      VCPKG_LINKER_FLAGS: ""
      VCPKG_LINKER_FLAGS_DEBUG: ""
      VCPKG_LINKER_FLAGS_RELEASE: ""
      VCPKG_PREFER_SYSTEM_LIBS: "OFF"
      VCPKG_TARGET_ARCHITECTURE: "arm64"
      VCPKG_TARGET_TRIPLET: "arm64-android"
      Z_VCPKG_ROOT_DIR: "/home/runner/workspace/thirdparty/vcpkg"
    buildResult:
      variable: "HAVE_FSEEKO"
      cached: true
      stdout: |
        Change Dir: '/home/runner/workspace/thirdparty/vcpkg/buildtrees/zlib/arm64-android-dbg/CMakeFiles/CMakeScratch/TryCompile-7fpcgo'
        
        Run Build Command(s): /home/runner/workspace/thirdparty/vcpkg/downloads/tools/ninja-1.13.2-linux/ninja -v cmTC_61c6a
        [1/2] /home/runner/workspace/.ndk-tools/android-ndk-r27c/toolchains/llvm/prebuilt/linux-x86_64/bin/clang --target=aarch64-none-linux-android28 --sysroot=/home/runner/workspace/.ndk-tools/android-ndk-r27c/toolchains/llvm/prebuilt/linux-x86_64/sysroot   -g -DANDROID -fdata-sections -ffunction-sections -funwind-tables -fstack-protector-strong -no-canonical-prefixes -D_FORTIFY_SOURCE=2 -Wformat -Werror=format-security  -fPIC   -DCHECK_FUNCTION_EXISTS=fseeko -fPIE -MD -MT CMakeFiles/cmTC_61c6a.dir/CheckFunctionExists.c.o -MF CMakeFiles/cmTC_61c6a.dir/CheckFunctionExists.c.o.d -o CMakeFiles/cmTC_61c6a.dir/CheckFunctionExists.c.o -c /home/runner/workspace/thirdparty/vcpkg/buildtrees/zlib/arm64-android-dbg/CMakeFiles/CMakeScratch/TryCompile-7fpcgo/CheckFunctionExists.c
        [2/2] : && /home/runner/workspace/.ndk-tools/android-ndk-r27c/toolchains/llvm/prebuilt/linux-x86_64/bin/clang --target=aarch64-none-linux-android28 --sysroot=/home/runner/workspace/.ndk-tools/android-ndk-r27c/toolchains/llvm/prebuilt/linux-x86_64/sysroot -g -DANDROID -fdata-sections -ffunction-sections -funwind-tables -fstack-protector-strong -no-canonical-prefixes -D_FORTIFY_SOURCE=2 -Wformat -Werror=format-security  -fPIC   -DCHECK_FUNCTION_EXISTS=fseeko -Wl,--build-id=sha1 -Wl,--no-rosegment -Wl,--no-undefined-version -Wl,--fatal-warnings -Wl,--no-undefined -Qunused-arguments CMakeFiles/cmTC_61c6a.dir/CheckFunctionExists.c.o -o cmTC_61c6a  -latomic -lm && :
        
      exitCode: 0
  -
    kind: "try_compile-v1"
    backtrace:
      - "/home/runner/workspace/thirdparty/vcpkg/downloads/tools/cmake-4.3.3-linux/cmake-4.3.3-linux-x86_64/share/cmake-4.3/Modules/CheckIncludeFile.cmake:174 (try_compile)"
      - "CMakeLists.txt:59 (check_include_file)"
    checks:
      - "Looking for unistd.h"
    directories:
      source: "/home/runner/workspace/thirdparty/vcpkg/buildtrees/zlib/arm64-android-dbg/CMakeFiles/CMakeScratch/TryCompile-z0od9F"
      binary: "/home/runner/workspace/thirdparty/vcpkg/buildtrees/zlib/arm64-android-dbg/CMakeFiles/CMakeScratch/TryCompile-z0od9F"
    cmakeVariables:
      ANDROID_ABI: "arm64-v8a"
      ANDROID_ARM_MODE: "thumb"
      ANDROID_CPP_FEATURES: "rtti exceptions"
      ANDROID_PIE: "TRUE"
      ANDROID_PLATFORM: "android-28"
      ANDROID_STL: "c++_shared"
      ANDROID_TOOLCHAIN: "clang"
      CMAKE_CXX_COMPILER_TARGET: "aarch64-none-linux-android28"
      CMAKE_C_COMPILER_TARGET: "aarch64-none-linux-android28"
      CMAKE_C_FLAGS: "-g -DANDROID -fdata-sections -ffunction-sections -funwind-tables -fstack-protector-strong -no-canonical-prefixes -D_FORTIFY_SOURCE=2 -Wformat -Werror=format-security  -fPIC  "
      CMAKE_C_FLAGS_DEBUG: "-fno-limit-debug-info   "
      CMAKE_EXE_LINKER_FLAGS: "-Wl,--build-id=sha1 -Wl,--no-rosegment -Wl,--no-undefined-version -Wl,--fatal-warnings -Wl,--no-undefined -Qunused-arguments    "
      CMAKE_POSITION_INDEPENDENT_CODE: "TRUE"
      CMAKE_SYSROOT: "/home/runner/workspace/.ndk-tools/android-ndk-r27c/toolchains/llvm/prebuilt/linux-x86_64/sysroot"
      VCPKG_CHAINLOAD_TOOLCHAIN_FILE: "/home/runner/workspace/thirdparty/vcpkg/scripts/toolchains/android.cmake"
      VCPKG_CRT_LINKAGE: "dynamic"
      VCPKG_CXX_FLAGS: ""
      VCPKG_CXX_FLAGS_DEBUG: ""
      VCPKG_CXX_FLAGS_RELEASE: ""
      VCPKG_C_FLAGS: ""
      VCPKG_C_FLAGS_DEBUG: ""
      VCPKG_C_FLAGS_RELEASE: ""
      VCPKG_INSTALLED_DIR: "/home/runner/workspace/out/build/android-debug/vcpkg_installed"
      VCPKG_LINKER_FLAGS: ""
      VCPKG_LINKER_FLAGS_DEBUG: ""
      VCPKG_LINKER_FLAGS_RELEASE: ""
      VCPKG_PREFER_SYSTEM_LIBS: "OFF"
      VCPKG_TARGET_ARCHITECTURE: "arm64"
      VCPKG_TARGET_TRIPLET: "arm64-android"
      Z_VCPKG_ROOT_DIR: "/home/runner/workspace/thirdparty/vcpkg"
    buildResult:
      variable: "Z_HAVE_UNISTD_H"
      cached: true
      stdout: |
        Change Dir: '/home/runner/workspace/thirdparty/vcpkg/buildtrees/zlib/arm64-android-dbg/CMakeFiles/CMakeScratch/TryCompile-z0od9F'
        
        Run Build Command(s): /home/runner/workspace/thirdparty/vcpkg/downloads/tools/ninja-1.13.2-linux/ninja -v cmTC_0416e
        [1/2] /home/runner/workspace/.ndk-tools/android-ndk-r27c/toolchains/llvm/prebuilt/linux-x86_64/bin/clang --target=aarch64-none-linux-android28 --sysroot=/home/runner/workspace/.ndk-tools/android-ndk-r27c/toolchains/llvm/prebuilt/linux-x86_64/sysroot   -g -DANDROID -fdata-sections -ffunction-sections -funwind-tables -fstack-protector-strong -no-canonical-prefixes -D_FORTIFY_SOURCE=2 -Wformat -Werror=format-security  -fPIC    -fPIE -MD -MT CMakeFiles/cmTC_0416e.dir/CheckIncludeFile.c.o -MF CMakeFiles/cmTC_0416e.dir/CheckIncludeFile.c.o.d -o CMakeFiles/cmTC_0416e.dir/CheckIncludeFile.c.o -c /home/runner/workspace/thirdparty/vcpkg/buildtrees/zlib/arm64-android-dbg/CMakeFiles/CMakeScratch/TryCompile-z0od9F/CheckIncludeFile.c
        [2/2] : && /home/runner/workspace/.ndk-tools/android-ndk-r27c/toolchains/llvm/prebuilt/linux-x86_64/bin/clang --target=aarch64-none-linux-android28 --sysroot=/home/runner/workspace/.ndk-tools/android-ndk-r27c/toolchains/llvm/prebuilt/linux-x86_64/sysroot -g -DANDROID -fdata-sections -ffunction-sections -funwind-tables -fstack-protector-strong -no-canonical-prefixes -D_FORTIFY_SOURCE=2 -Wformat -Werror=format-security  -fPIC -Wl,--build-id=sha1 -Wl,--no-rosegment -Wl,--no-undefined-version -Wl,--fatal-warnings -Wl,--no-undefined -Qunused-arguments CMakeFiles/cmTC_0416e.dir/CheckIncludeFile.c.o -o cmTC_0416e  -latomic -lm && :
        
      exitCode: 0
...
