[1/2] "/home/runner/workspace/thirdparty/vcpkg/downloads/tools/cmake-4.3.3-linux/cmake-4.3.3-linux-x86_64/bin/cmake" -E chdir "../../arm64-android-dbg" "/home/runner/workspace/thirdparty/vcpkg/downloads/tools/cmake-4.3.3-linux/cmake-4.3.3-linux-x86_64/bin/cmake" "/home/runner/workspace/thirdparty/vcpkg/buildtrees/curl/src/url-8_11_1-50c8f64114.clean" "-G" "Ninja" "-DCMAKE_BUILD_TYPE=Debug" "-DCMAKE_INSTALL_PREFIX=/home/runner/workspace/thirdparty/vcpkg/packages/curl_arm64-android/debug" "-DFETCHCONTENT_FULLY_DISCONNECTED=ON" "-DCMAKE_PROJECT_INCLUDE=/home/runner/workspace/thirdparty/vcpkg/buildtrees/versioning_/versions/curl/aae0f4f9dd2f724e673c0d458fc4531626864393/cmake-project-include.cmake" "-DPKG_CONFIG_EXECUTABLE=/home/runner/workspace/.local/bin/pkg-config" "-DUSE_NGHTTP2=OFF" "-DCURL_USE_WOLFSSL=OFF" "-DCURL_USE_OPENSSL=ON" "-DCURL_USE_MBEDTLS=OFF" "-DCURL_USE_LIBSSH2=OFF" "-DBUILD_CURL_EXE=OFF" "-DENABLE_ARES=OFF" "-DCURL_WINDOWS_SSPI=OFF" "-DCURL_BROTLI=OFF" "-DCURL_USE_SCHANNEL=OFF" "-DCURL_USE_SECTRANSP=OFF" "-DUSE_LIBIDN2=OFF" "-DUSE_WIN32_IDN=OFF" "-DCURL_ZSTD=OFF" "-DCURL_USE_LIBPSL=OFF" "-DCURL_USE_GSSAPI=OFF" "-DCURL_USE_GSASL=OFF" "-DCURL_USE_GNUTLS=OFF" "-DCURL_DISABLE_LDAP=ON" "-DCURL_DISABLE_LDAPS=ON" "-DHTTP_ONLY=OFF" "-DCURL_DISABLE_WEBSOCKETS=ON" "-DBUILD_TESTING=OFF" "-DENABLE_CURL_MANUAL=OFF" "-DCURL_CA_FALLBACK=ON" "-DCURL_USE_PKGCONFIG=OFF" "-DCMAKE_DISABLE_FIND_PACKAGE_Perl=ON" "-DCMAKE_MAKE_PROGRAM=/home/runner/workspace/thirdparty/vcpkg/downloads/tools/ninja-1.13.2-linux/ninja" "-DCMAKE_SYSTEM_NAME=Android" "-DCMAKE_SYSTEM_VERSION=28" "-DBUILD_SHARED_LIBS=OFF" "-DVCPKG_CHAINLOAD_TOOLCHAIN_FILE=/home/runner/workspace/thirdparty/vcpkg/scripts/toolchains/android.cmake" "-DVCPKG_TARGET_TRIPLET=arm64-android" "-DVCPKG_SET_CHARSET_FLAG=ON" "-DVCPKG_PLATFORM_TOOLSET=external" "-DCMAKE_EXPORT_NO_PACKAGE_REGISTRY=ON" "-DCMAKE_FIND_PACKAGE_NO_PACKAGE_REGISTRY=ON" "-DCMAKE_FIND_PACKAGE_NO_SYSTEM_PACKAGE_REGISTRY=ON" "-DCMAKE_INSTALL_SYSTEM_RUNTIME_LIBS_SKIP=TRUE" "-DCMAKE_VERBOSE_MAKEFILE=ON" "-DVCPKG_APPLOCAL_DEPS=OFF" "-DCMAKE_TOOLCHAIN_FILE=/home/runner/workspace/thirdparty/vcpkg/scripts/buildsystems/vcpkg.cmake" "-DCMAKE_ERROR_ON_ABSOLUTE_INSTALL_DESTINATION=ON" "-DVCPKG_CXX_FLAGS=" "-DVCPKG_CXX_FLAGS_RELEASE=" "-DVCPKG_CXX_FLAGS_DEBUG=" "-DVCPKG_C_FLAGS=" "-DVCPKG_C_FLAGS_RELEASE=" "-DVCPKG_C_FLAGS_DEBUG=" "-DVCPKG_CRT_LINKAGE=dynamic" "-DVCPKG_LINKER_FLAGS=" "-DVCPKG_LINKER_FLAGS_RELEASE=" "-DVCPKG_LINKER_FLAGS_DEBUG=" "-DVCPKG_TARGET_ARCHITECTURE=arm64" "-DCMAKE_INSTALL_LIBDIR:STRING=lib" "-DCMAKE_INSTALL_BINDIR:STRING=bin" "-D_VCPKG_ROOT_DIR=/home/runner/workspace/thirdparty/vcpkg" "-D_VCPKG_INSTALLED_DIR=/home/runner/workspace/out/build/android-debug/vcpkg_installed" "-DVCPKG_MANIFEST_INSTALL=OFF" "-DANDROID_ABI=arm64-v8a"
-- Using CMake version 4.3.3
-- curl version=[8.11.1-DEV]
CMake Deprecation Warning at /home/runner/workspace/.ndk-tools/android-ndk-r27c/build/cmake/android.toolchain.cmake:35 (cmake_minimum_required):
  Compatibility with CMake < 3.10 will be removed from a future version of
  CMake.

  Update the VERSION argument <min> value.  Or, use the <min>...<max> syntax
  to tell CMake that the project requires at least <min> but has been updated
  to work with policies introduced by <max> or earlier.
Call Stack (most recent call first):
  /home/runner/workspace/thirdparty/vcpkg/scripts/toolchains/android.cmake:32 (include)
  /home/runner/workspace/thirdparty/vcpkg/scripts/buildsystems/vcpkg.cmake:210 (include)
  /home/runner/workspace/thirdparty/vcpkg/downloads/tools/cmake-4.3.3-linux/cmake-4.3.3-linux-x86_64/share/cmake-4.3/Modules/CMakeDetermineSystem.cmake:146 (include)
  CMakeLists.txt:94 (project)


CMake Deprecation Warning at /home/runner/workspace/.ndk-tools/android-ndk-r27c/build/cmake/android-legacy.toolchain.cmake:35 (cmake_minimum_required):
  Compatibility with CMake < 3.10 will be removed from a future version of
  CMake.

  Update the VERSION argument <min> value.  Or, use the <min>...<max> syntax
  to tell CMake that the project requires at least <min> but has been updated
  to work with policies introduced by <max> or earlier.
Call Stack (most recent call first):
  /home/runner/workspace/.ndk-tools/android-ndk-r27c/build/cmake/android.toolchain.cmake:55 (include)
  /home/runner/workspace/thirdparty/vcpkg/scripts/toolchains/android.cmake:32 (include)
  /home/runner/workspace/thirdparty/vcpkg/scripts/buildsystems/vcpkg.cmake:210 (include)
  /home/runner/workspace/thirdparty/vcpkg/downloads/tools/cmake-4.3.3-linux/cmake-4.3.3-linux-x86_64/share/cmake-4.3/Modules/CMakeDetermineSystem.cmake:146 (include)
  CMakeLists.txt:94 (project)


CMake Deprecation Warning at /home/runner/workspace/.ndk-tools/android-ndk-r27c/build/cmake/android.toolchain.cmake:35 (cmake_minimum_required):
  Compatibility with CMake < 3.10 will be removed from a future version of
  CMake.

  Update the VERSION argument <min> value.  Or, use the <min>...<max> syntax
  to tell CMake that the project requires at least <min> but has been updated
  to work with policies introduced by <max> or earlier.
Call Stack (most recent call first):
  /home/runner/workspace/thirdparty/vcpkg/scripts/toolchains/android.cmake:32 (include)
  /home/runner/workspace/thirdparty/vcpkg/scripts/buildsystems/vcpkg.cmake:210 (include)
  /home/runner/workspace/thirdparty/vcpkg/buildtrees/curl/arm64-android-dbg/CMakeFiles/4.3.3/CMakeSystem.cmake:6 (include)
  CMakeLists.txt:94 (project)


-- The C compiler identification is Clang 18.0.3
CMake Deprecation Warning at /home/runner/workspace/.ndk-tools/android-ndk-r27c/build/cmake/flags.cmake:18 (cmake_minimum_required):
  Compatibility with CMake < 3.10 will be removed from a future version of
  CMake.

  Update the VERSION argument <min> value.  Or, use the <min>...<max> syntax
  to tell CMake that the project requires at least <min> but has been updated
  to work with policies introduced by <max> or earlier.
Call Stack (most recent call first):
  /home/runner/workspace/thirdparty/vcpkg/downloads/tools/cmake-4.3.3-linux/cmake-4.3.3-linux-x86_64/share/cmake-4.3/Modules/Platform/Android-Clang.cmake:23 (include)
  /home/runner/workspace/thirdparty/vcpkg/downloads/tools/cmake-4.3.3-linux/cmake-4.3.3-linux-x86_64/share/cmake-4.3/Modules/Platform/Android-Clang-C.cmake:1 (include)
  /home/runner/workspace/thirdparty/vcpkg/downloads/tools/cmake-4.3.3-linux/cmake-4.3.3-linux-x86_64/share/cmake-4.3/Modules/CMakeCInformation.cmake:48 (include)
  CMakeLists.txt:94 (project)


-- Detecting C compiler ABI info
CMake Deprecation Warning at /home/runner/workspace/.ndk-tools/android-ndk-r27c/build/cmake/android.toolchain.cmake:35 (cmake_minimum_required):
  Compatibility with CMake < 3.10 will be removed from a future version of
  CMake.

  Update the VERSION argument <min> value.  Or, use the <min>...<max> syntax
  to tell CMake that the project requires at least <min> but has been updated
  to work with policies introduced by <max> or earlier.
Call Stack (most recent call first):
  /home/runner/workspace/thirdparty/vcpkg/scripts/toolchains/android.cmake:32 (include)
  /home/runner/workspace/thirdparty/vcpkg/scripts/buildsystems/vcpkg.cmake:210 (include)
  /home/runner/workspace/thirdparty/vcpkg/buildtrees/curl/arm64-android-dbg/CMakeFiles/4.3.3/CMakeSystem.cmake:6 (include)
  /home/runner/workspace/thirdparty/vcpkg/buildtrees/curl/arm64-android-dbg/CMakeFiles/CMakeScratch/TryCompile-JXDdXh/CMakeLists.txt:5 (project)


CMake Deprecation Warning at /home/runner/workspace/.ndk-tools/android-ndk-r27c/build/cmake/android-legacy.toolchain.cmake:35 (cmake_minimum_required):
  Compatibility with CMake < 3.10 will be removed from a future version of
  CMake.

  Update the VERSION argument <min> value.  Or, use the <min>...<max> syntax
  to tell CMake that the project requires at least <min> but has been updated
  to work with policies introduced by <max> or earlier.
Call Stack (most recent call first):
  /home/runner/workspace/.ndk-tools/android-ndk-r27c/build/cmake/android.toolchain.cmake:55 (include)
  /home/runner/workspace/thirdparty/vcpkg/scripts/toolchains/android.cmake:32 (include)
  /home/runner/workspace/thirdparty/vcpkg/scripts/buildsystems/vcpkg.cmake:210 (include)
  /home/runner/workspace/thirdparty/vcpkg/buildtrees/curl/arm64-android-dbg/CMakeFiles/4.3.3/CMakeSystem.cmake:6 (include)
  /home/runner/workspace/thirdparty/vcpkg/buildtrees/curl/arm64-android-dbg/CMakeFiles/CMakeScratch/TryCompile-JXDdXh/CMakeLists.txt:5 (project)


CMake Deprecation Warning at /home/runner/workspace/.ndk-tools/android-ndk-r27c/build/cmake/flags.cmake:18 (cmake_minimum_required):
  Compatibility with CMake < 3.10 will be removed from a future version of
  CMake.

  Update the VERSION argument <min> value.  Or, use the <min>...<max> syntax
  to tell CMake that the project requires at least <min> but has been updated
  to work with policies introduced by <max> or earlier.
Call Stack (most recent call first):
  /home/runner/workspace/thirdparty/vcpkg/downloads/tools/cmake-4.3.3-linux/cmake-4.3.3-linux-x86_64/share/cmake-4.3/Modules/Platform/Android-Clang.cmake:23 (include)
  /home/runner/workspace/thirdparty/vcpkg/downloads/tools/cmake-4.3.3-linux/cmake-4.3.3-linux-x86_64/share/cmake-4.3/Modules/Platform/Android-Clang-C.cmake:1 (include)
  /home/runner/workspace/thirdparty/vcpkg/downloads/tools/cmake-4.3.3-linux/cmake-4.3.3-linux-x86_64/share/cmake-4.3/Modules/CMakeCInformation.cmake:48 (include)
  /home/runner/workspace/thirdparty/vcpkg/buildtrees/curl/arm64-android-dbg/CMakeFiles/CMakeScratch/TryCompile-JXDdXh/CMakeLists.txt:5 (project)


-- Detecting C compiler ABI info - done
-- Check for working C compiler: /home/runner/workspace/.ndk-tools/android-ndk-r27c/toolchains/llvm/prebuilt/linux-x86_64/bin/clang - skipped
-- Detecting C compile features
-- Detecting C compile features - done
-- CMake platform flags: UNIX VCPKG CROSS
-- Cross-compiling: Linux/x86_64 -> Android/aarch64
-- Picky compiler options: -Werror-implicit-function-declaration -Wextra -Wall -pedantic -Wbad-function-cast -Wconversion -Winline -Wmissing-declarations -Wmissing-prototypes -Wnested-externs -Wno-long-long -Wno-multichar -Wpointer-arith -Wshadow -Wsign-compare -Wundef -Wunused -Wwrite-strings -Waddress -Wattributes -Wcast-align -Wdeclaration-after-statement -Wdiv-by-zero -Wempty-body -Wendif-labels -Wfloat-equal -Wformat-security -Wignored-qualifiers -Wmissing-field-initializers -Wmissing-noreturn -Wno-format-nonliteral -Wno-system-headers -Wold-style-definition -Wredundant-decls -Wsign-conversion -Wno-error=sign-conversion -Wstrict-prototypes -Wtype-limits -Wunreachable-code -Wunused-parameter -Wvla -Wshift-sign-overflow -Wshorten-64-to-32 -Wformat=2 -Wlanguage-extension-token -Wdouble-promotion -Wenum-conversion -Wpragmas -Wunused-const-variable -Wheader-guard -Wsometimes-uninitialized -Wcomma -Wmissing-variable-declarations -Wassign-enum -Wextra-semi-stmt -Wimplicit-fallthrough
-- Performing Test HAVE_SOCKADDR_IN6_SIN6_ADDR
CMake Deprecation Warning at /home/runner/workspace/.ndk-tools/android-ndk-r27c/build/cmake/android.toolchain.cmake:35 (cmake_minimum_required):
  Compatibility with CMake < 3.10 will be removed from a future version of
  CMake.

  Update the VERSION argument <min> value.  Or, use the <min>...<max> syntax
  to tell CMake that the project requires at least <min> but has been updated
  to work with policies introduced by <max> or earlier.
Call Stack (most recent call first):
  /home/runner/workspace/thirdparty/vcpkg/scripts/toolchains/android.cmake:32 (include)
  /home/runner/workspace/thirdparty/vcpkg/scripts/buildsystems/vcpkg.cmake:210 (include)
  /home/runner/workspace/thirdparty/vcpkg/buildtrees/curl/arm64-android-dbg/CMakeFiles/4.3.3/CMakeSystem.cmake:6 (include)
  /home/runner/workspace/thirdparty/vcpkg/buildtrees/curl/arm64-android-dbg/CMakeFiles/CMakeScratch/TryCompile-ev02kv/CMakeLists.txt:5 (project)


CMake Deprecation Warning at /home/runner/workspace/.ndk-tools/android-ndk-r27c/build/cmake/android-legacy.toolchain.cmake:35 (cmake_minimum_required):
  Compatibility with CMake < 3.10 will be removed from a future version of
  CMake.

  Update the VERSION argument <min> value.  Or, use the <min>...<max> syntax
  to tell CMake that the project requires at least <min> but has been updated
  to work with policies introduced by <max> or earlier.
Call Stack (most recent call first):
  /home/runner/workspace/.ndk-tools/android-ndk-r27c/build/cmake/android.toolchain.cmake:55 (include)
  /home/runner/workspace/thirdparty/vcpkg/scripts/toolchains/android.cmake:32 (include)
  /home/runner/workspace/thirdparty/vcpkg/scripts/buildsystems/vcpkg.cmake:210 (include)
  /home/runner/workspace/thirdparty/vcpkg/buildtrees/curl/arm64-android-dbg/CMakeFiles/4.3.3/CMakeSystem.cmake:6 (include)
  /home/runner/workspace/thirdparty/vcpkg/buildtrees/curl/arm64-android-dbg/CMakeFiles/CMakeScratch/TryCompile-ev02kv/CMakeLists.txt:5 (project)


CMake Deprecation Warning at /home/runner/workspace/.ndk-tools/android-ndk-r27c/build/cmake/flags.cmake:18 (cmake_minimum_required):
  Compatibility with CMake < 3.10 will be removed from a future version of
  CMake.

  Update the VERSION argument <min> value.  Or, use the <min>...<max> syntax
  to tell CMake that the project requires at least <min> but has been updated
  to work with policies introduced by <max> or earlier.
Call Stack (most recent call first):
  /home/runner/workspace/thirdparty/vcpkg/downloads/tools/cmake-4.3.3-linux/cmake-4.3.3-linux-x86_64/share/cmake-4.3/Modules/Platform/Android-Clang.cmake:23 (include)
  /home/runner/workspace/thirdparty/vcpkg/downloads/tools/cmake-4.3.3-linux/cmake-4.3.3-linux-x86_64/share/cmake-4.3/Modules/Platform/Android-Clang-C.cmake:1 (include)
  /home/runner/workspace/thirdparty/vcpkg/downloads/tools/cmake-4.3.3-linux/cmake-4.3.3-linux-x86_64/share/cmake-4.3/Modules/CMakeCInformation.cmake:48 (include)
  /home/runner/workspace/thirdparty/vcpkg/buildtrees/curl/arm64-android-dbg/CMakeFiles/CMakeScratch/TryCompile-ev02kv/CMakeLists.txt:5 (project)


-- Performing Test HAVE_SOCKADDR_IN6_SIN6_ADDR - Success
-- Performing Test HAVE_SOCKADDR_IN6_SIN6_SCOPE_ID
CMake Deprecation Warning at /home/runner/workspace/.ndk-tools/android-ndk-r27c/build/cmake/android.toolchain.cmake:35 (cmake_minimum_required):
  Compatibility with CMake < 3.10 will be removed from a future version of
  CMake.

  Update the VERSION argument <min> value.  Or, use the <min>...<max> syntax
  to tell CMake that the project requires at least <min> but has been updated
  to work with policies introduced by <max> or earlier.
Call Stack (most recent call first):
  /home/runner/workspace/thirdparty/vcpkg/scripts/toolchains/android.cmake:32 (include)
  /home/runner/workspace/thirdparty/vcpkg/scripts/buildsystems/vcpkg.cmake:210 (include)
  /home/runner/workspace/thirdparty/vcpkg/buildtrees/curl/arm64-android-dbg/CMakeFiles/4.3.3/CMakeSystem.cmake:6 (include)
  /home/runner/workspace/thirdparty/vcpkg/buildtrees/curl/arm64-android-dbg/CMakeFiles/CMakeScratch/TryCompile-bjkd0N/CMakeLists.txt:5 (project)


CMake Deprecation Warning at /home/runner/workspace/.ndk-tools/android-ndk-r27c/build/cmake/android-legacy.toolchain.cmake:35 (cmake_minimum_required):
  Compatibility with CMake < 3.10 will be removed from a future version of
  CMake.

  Update the VERSION argument <min> value.  Or, use the <min>...<max> syntax
  to tell CMake that the project requires at least <min> but has been updated
  to work with policies introduced by <max> or earlier.
Call Stack (most recent call first):
  /home/runner/workspace/.ndk-tools/android-ndk-r27c/build/cmake/android.toolchain.cmake:55 (include)
  /home/runner/workspace/thirdparty/vcpkg/scripts/toolchains/android.cmake:32 (include)
  /home/runner/workspace/thirdparty/vcpkg/scripts/buildsystems/vcpkg.cmake:210 (include)
  /home/runner/workspace/thirdparty/vcpkg/buildtrees/curl/arm64-android-dbg/CMakeFiles/4.3.3/CMakeSystem.cmake:6 (include)
  /home/runner/workspace/thirdparty/vcpkg/buildtrees/curl/arm64-android-dbg/CMakeFiles/CMakeScratch/TryCompile-bjkd0N/CMakeLists.txt:5 (project)


CMake Deprecation Warning at /home/runner/workspace/.ndk-tools/android-ndk-r27c/build/cmake/flags.cmake:18 (cmake_minimum_required):
  Compatibility with CMake < 3.10 will be removed from a future version of
  CMake.

  Update the VERSION argument <min> value.  Or, use the <min>...<max> syntax
  to tell CMake that the project requires at least <min> but has been updated
  to work with policies introduced by <max> or earlier.
Call Stack (most recent call first):
  /home/runner/workspace/thirdparty/vcpkg/downloads/tools/cmake-4.3.3-linux/cmake-4.3.3-linux-x86_64/share/cmake-4.3/Modules/Platform/Android-Clang.cmake:23 (include)
  /home/runner/workspace/thirdparty/vcpkg/downloads/tools/cmake-4.3.3-linux/cmake-4.3.3-linux-x86_64/share/cmake-4.3/Modules/Platform/Android-Clang-C.cmake:1 (include)
  /home/runner/workspace/thirdparty/vcpkg/downloads/tools/cmake-4.3.3-linux/cmake-4.3.3-linux-x86_64/share/cmake-4.3/Modules/CMakeCInformation.cmake:48 (include)
  /home/runner/workspace/thirdparty/vcpkg/buildtrees/curl/arm64-android-dbg/CMakeFiles/CMakeScratch/TryCompile-bjkd0N/CMakeLists.txt:5 (project)


-- Performing Test HAVE_SOCKADDR_IN6_SIN6_SCOPE_ID - Success
CMake Warning at CMakeLists.txt:466 (message):
  Perl not found.  Will not build manuals.


-- Performing Test CMAKE_HAVE_LIBC_PTHREAD
CMake Deprecation Warning at /home/runner/workspace/.ndk-tools/android-ndk-r27c/build/cmake/android.toolchain.cmake:35 (cmake_minimum_required):
  Compatibility with CMake < 3.10 will be removed from a future version of
  CMake.

  Update the VERSION argument <min> value.  Or, use the <min>...<max> syntax
  to tell CMake that the project requires at least <min> but has been updated
  to work with policies introduced by <max> or earlier.
Call Stack (most recent call first):
  /home/runner/workspace/thirdparty/vcpkg/scripts/toolchains/android.cmake:32 (include)
  /home/runner/workspace/thirdparty/vcpkg/scripts/buildsystems/vcpkg.cmake:210 (include)
  /home/runner/workspace/thirdparty/vcpkg/buildtrees/curl/arm64-android-dbg/CMakeFiles/4.3.3/CMakeSystem.cmake:6 (include)
  /home/runner/workspace/thirdparty/vcpkg/buildtrees/curl/arm64-android-dbg/CMakeFiles/CMakeScratch/TryCompile-eGrO0Z/CMakeLists.txt:5 (project)


CMake Deprecation Warning at /home/runner/workspace/.ndk-tools/android-ndk-r27c/build/cmake/android-legacy.toolchain.cmake:35 (cmake_minimum_required):
  Compatibility with CMake < 3.10 will be removed from a future version of
  CMake.

  Update the VERSION argument <min> value.  Or, use the <min>...<max> syntax
  to tell CMake that the project requires at least <min> but has been updated
  to work with policies introduced by <max> or earlier.
Call Stack (most recent call first):
  /home/runner/workspace/.ndk-tools/android-ndk-r27c/build/cmake/android.toolchain.cmake:55 (include)
  /home/runner/workspace/thirdparty/vcpkg/scripts/toolchains/android.cmake:32 (include)
  /home/runner/workspace/thirdparty/vcpkg/scripts/buildsystems/vcpkg.cmake:210 (include)
  /home/runner/workspace/thirdparty/vcpkg/buildtrees/curl/arm64-android-dbg/CMakeFiles/4.3.3/CMakeSystem.cmake:6 (include)
  /home/runner/workspace/thirdparty/vcpkg/buildtrees/curl/arm64-android-dbg/CMakeFiles/CMakeScratch/TryCompile-eGrO0Z/CMakeLists.txt:5 (project)


CMake Deprecation Warning at /home/runner/workspace/.ndk-tools/android-ndk-r27c/build/cmake/flags.cmake:18 (cmake_minimum_required):
  Compatibility with CMake < 3.10 will be removed from a future version of
  CMake.

  Update the VERSION argument <min> value.  Or, use the <min>...<max> syntax
  to tell CMake that the project requires at least <min> but has been updated
  to work with policies introduced by <max> or earlier.
Call Stack (most recent call first):
  /home/runner/workspace/thirdparty/vcpkg/downloads/tools/cmake-4.3.3-linux/cmake-4.3.3-linux-x86_64/share/cmake-4.3/Modules/Platform/Android-Clang.cmake:23 (include)
  /home/runner/workspace/thirdparty/vcpkg/downloads/tools/cmake-4.3.3-linux/cmake-4.3.3-linux-x86_64/share/cmake-4.3/Modules/Platform/Android-Clang-C.cmake:1 (include)
  /home/runner/workspace/thirdparty/vcpkg/downloads/tools/cmake-4.3.3-linux/cmake-4.3.3-linux-x86_64/share/cmake-4.3/Modules/CMakeCInformation.cmake:48 (include)
  /home/runner/workspace/thirdparty/vcpkg/buildtrees/curl/arm64-android-dbg/CMakeFiles/CMakeScratch/TryCompile-eGrO0Z/CMakeLists.txt:5 (project)


-- Performing Test CMAKE_HAVE_LIBC_PTHREAD - Failed
-- Looking for pthread_create in pthreads
CMake Deprecation Warning at /home/runner/workspace/.ndk-tools/android-ndk-r27c/build/cmake/android.toolchain.cmake:35 (cmake_minimum_required):
  Compatibility with CMake < 3.10 will be removed from a future version of
  CMake.

  Update the VERSION argument <min> value.  Or, use the <min>...<max> syntax
  to tell CMake that the project requires at least <min> but has been updated
  to work with policies introduced by <max> or earlier.
Call Stack (most recent call first):
  /home/runner/workspace/thirdparty/vcpkg/scripts/toolchains/android.cmake:32 (include)
  /home/runner/workspace/thirdparty/vcpkg/scripts/buildsystems/vcpkg.cmake:210 (include)
  /home/runner/workspace/thirdparty/vcpkg/buildtrees/curl/arm64-android-dbg/CMakeFiles/4.3.3/CMakeSystem.cmake:6 (include)
  /home/runner/workspace/thirdparty/vcpkg/buildtrees/curl/arm64-android-dbg/CMakeFiles/CMakeScratch/TryCompile-GkzX4y/CMakeLists.txt:5 (project)


CMake Deprecation Warning at /home/runner/workspace/.ndk-tools/android-ndk-r27c/build/cmake/android-legacy.toolchain.cmake:35 (cmake_minimum_required):
  Compatibility with CMake < 3.10 will be removed from a future version of
  CMake.

  Update the VERSION argument <min> value.  Or, use the <min>...<max> syntax
  to tell CMake that the project requires at least <min> but has been updated
  to work with policies introduced by <max> or earlier.
Call Stack (most recent call first):
  /home/runner/workspace/.ndk-tools/android-ndk-r27c/build/cmake/android.toolchain.cmake:55 (include)
  /home/runner/workspace/thirdparty/vcpkg/scripts/toolchains/android.cmake:32 (include)
  /home/runner/workspace/thirdparty/vcpkg/scripts/buildsystems/vcpkg.cmake:210 (include)
  /home/runner/workspace/thirdparty/vcpkg/buildtrees/curl/arm64-android-dbg/CMakeFiles/4.3.3/CMakeSystem.cmake:6 (include)
  /home/runner/workspace/thirdparty/vcpkg/buildtrees/curl/arm64-android-dbg/CMakeFiles/CMakeScratch/TryCompile-GkzX4y/CMakeLists.txt:5 (project)


CMake Deprecation Warning at /home/runner/workspace/.ndk-tools/android-ndk-r27c/build/cmake/flags.cmake:18 (cmake_minimum_required):
  Compatibility with CMake < 3.10 will be removed from a future version of
  CMake.

  Update the VERSION argument <min> value.  Or, use the <min>...<max> syntax
  to tell CMake that the project requires at least <min> but has been updated
  to work with policies introduced by <max> or earlier.
Call Stack (most recent call first):
  /home/runner/workspace/thirdparty/vcpkg/downloads/tools/cmake-4.3.3-linux/cmake-4.3.3-linux-x86_64/share/cmake-4.3/Modules/Platform/Android-Clang.cmake:23 (include)
  /home/runner/workspace/thirdparty/vcpkg/downloads/tools/cmake-4.3.3-linux/cmake-4.3.3-linux-x86_64/share/cmake-4.3/Modules/Platform/Android-Clang-C.cmake:1 (include)
  /home/runner/workspace/thirdparty/vcpkg/downloads/tools/cmake-4.3.3-linux/cmake-4.3.3-linux-x86_64/share/cmake-4.3/Modules/CMakeCInformation.cmake:48 (include)
  /home/runner/workspace/thirdparty/vcpkg/buildtrees/curl/arm64-android-dbg/CMakeFiles/CMakeScratch/TryCompile-GkzX4y/CMakeLists.txt:5 (project)


-- Looking for pthread_create in pthreads - not found
-- Looking for pthread_create in pthread
CMake Deprecation Warning at /home/runner/workspace/.ndk-tools/android-ndk-r27c/build/cmake/android.toolchain.cmake:35 (cmake_minimum_required):
  Compatibility with CMake < 3.10 will be removed from a future version of
  CMake.

  Update the VERSION argument <min> value.  Or, use the <min>...<max> syntax
  to tell CMake that the project requires at least <min> but has been updated
  to work with policies introduced by <max> or earlier.
Call Stack (most recent call first):
  /home/runner/workspace/thirdparty/vcpkg/scripts/toolchains/android.cmake:32 (include)
  /home/runner/workspace/thirdparty/vcpkg/scripts/buildsystems/vcpkg.cmake:210 (include)
  /home/runner/workspace/thirdparty/vcpkg/buildtrees/curl/arm64-android-dbg/CMakeFiles/4.3.3/CMakeSystem.cmake:6 (include)
  /home/runner/workspace/thirdparty/vcpkg/buildtrees/curl/arm64-android-dbg/CMakeFiles/CMakeScratch/TryCompile-xgGB1w/CMakeLists.txt:5 (project)


CMake Deprecation Warning at /home/runner/workspace/.ndk-tools/android-ndk-r27c/build/cmake/android-legacy.toolchain.cmake:35 (cmake_minimum_required):
  Compatibility with CMake < 3.10 will be removed from a future version of
  CMake.

  Update the VERSION argument <min> value.  Or, use the <min>...<max> syntax
  to tell CMake that the project requires at least <min> but has been updated
  to work with policies introduced by <max> or earlier.
Call Stack (most recent call first):
  /home/runner/workspace/.ndk-tools/android-ndk-r27c/build/cmake/android.toolchain.cmake:55 (include)
  /home/runner/workspace/thirdparty/vcpkg/scripts/toolchains/android.cmake:32 (include)
  /home/runner/workspace/thirdparty/vcpkg/scripts/buildsystems/vcpkg.cmake:210 (include)
  /home/runner/workspace/thirdparty/vcpkg/buildtrees/curl/arm64-android-dbg/CMakeFiles/4.3.3/CMakeSystem.cmake:6 (include)
  /home/runner/workspace/thirdparty/vcpkg/buildtrees/curl/arm64-android-dbg/CMakeFiles/CMakeScratch/TryCompile-xgGB1w/CMakeLists.txt:5 (project)


CMake Deprecation Warning at /home/runner/workspace/.ndk-tools/android-ndk-r27c/build/cmake/flags.cmake:18 (cmake_minimum_required):
  Compatibility with CMake < 3.10 will be removed from a future version of
  CMake.

  Update the VERSION argument <min> value.  Or, use the <min>...<max> syntax
  to tell CMake that the project requires at least <min> but has been updated
  to work with policies introduced by <max> or earlier.
Call Stack (most recent call first):
  /home/runner/workspace/thirdparty/vcpkg/downloads/tools/cmake-4.3.3-linux/cmake-4.3.3-linux-x86_64/share/cmake-4.3/Modules/Platform/Android-Clang.cmake:23 (include)
  /home/runner/workspace/thirdparty/vcpkg/downloads/tools/cmake-4.3.3-linux/cmake-4.3.3-linux-x86_64/share/cmake-4.3/Modules/Platform/Android-Clang-C.cmake:1 (include)
  /home/runner/workspace/thirdparty/vcpkg/downloads/tools/cmake-4.3.3-linux/cmake-4.3.3-linux-x86_64/share/cmake-4.3/Modules/CMakeCInformation.cmake:48 (include)
  /home/runner/workspace/thirdparty/vcpkg/buildtrees/curl/arm64-android-dbg/CMakeFiles/CMakeScratch/TryCompile-xgGB1w/CMakeLists.txt:5 (project)


-- Looking for pthread_create in pthread - not found
-- Check if compiler accepts -pthread
CMake Deprecation Warning at /home/runner/workspace/.ndk-tools/android-ndk-r27c/build/cmake/android.toolchain.cmake:35 (cmake_minimum_required):
  Compatibility with CMake < 3.10 will be removed from a future version of
  CMake.

  Update the VERSION argument <min> value.  Or, use the <min>...<max> syntax
  to tell CMake that the project requires at least <min> but has been updated
  to work with policies introduced by <max> or earlier.
Call Stack (most recent call first):
  /home/runner/workspace/thirdparty/vcpkg/scripts/toolchains/android.cmake:32 (include)
  /home/runner/workspace/thirdparty/vcpkg/scripts/buildsystems/vcpkg.cmake:210 (include)
  /home/runner/workspace/thirdparty/vcpkg/buildtrees/curl/arm64-android-dbg/CMakeFiles/4.3.3/CMakeSystem.cmake:6 (include)
  /home/runner/workspace/thirdparty/vcpkg/buildtrees/curl/arm64-android-dbg/CMakeFiles/CMakeScratch/TryCompile-JtNRxc/CMakeLists.txt:5 (project)


CMake Deprecation Warning at /home/runner/workspace/.ndk-tools/android-ndk-r27c/build/cmake/android-legacy.toolchain.cmake:35 (cmake_minimum_required):
  Compatibility with CMake < 3.10 will be removed from a future version of
  CMake.

  Update the VERSION argument <min> value.  Or, use the <min>...<max> syntax
  to tell CMake that the project requires at least <min> but has been updated
  to work with policies introduced by <max> or earlier.
Call Stack (most recent call first):
  /home/runner/workspace/.ndk-tools/android-ndk-r27c/build/cmake/android.toolchain.cmake:55 (include)
  /home/runner/workspace/thirdparty/vcpkg/scripts/toolchains/android.cmake:32 (include)
  /home/runner/workspace/thirdparty/vcpkg/scripts/buildsystems/vcpkg.cmake:210 (include)
  /home/runner/workspace/thirdparty/vcpkg/buildtrees/curl/arm64-android-dbg/CMakeFiles/4.3.3/CMakeSystem.cmake:6 (include)
  /home/runner/workspace/thirdparty/vcpkg/buildtrees/curl/arm64-android-dbg/CMakeFiles/CMakeScratch/TryCompile-JtNRxc/CMakeLists.txt:5 (project)


CMake Deprecation Warning at /home/runner/workspace/.ndk-tools/android-ndk-r27c/build/cmake/flags.cmake:18 (cmake_minimum_required):
  Compatibility with CMake < 3.10 will be removed from a future version of
  CMake.

  Update the VERSION argument <min> value.  Or, use the <min>...<max> syntax
  to tell CMake that the project requires at least <min> but has been updated
  to work with policies introduced by <max> or earlier.
Call Stack (most recent call first):
  /home/runner/workspace/thirdparty/vcpkg/downloads/tools/cmake-4.3.3-linux/cmake-4.3.3-linux-x86_64/share/cmake-4.3/Modules/Platform/Android-Clang.cmake:23 (include)
  /home/runner/workspace/thirdparty/vcpkg/downloads/tools/cmake-4.3.3-linux/cmake-4.3.3-linux-x86_64/share/cmake-4.3/Modules/Platform/Android-Clang-C.cmake:1 (include)
  /home/runner/workspace/thirdparty/vcpkg/downloads/tools/cmake-4.3.3-linux/cmake-4.3.3-linux-x86_64/share/cmake-4.3/Modules/CMakeCInformation.cmake:48 (include)
  /home/runner/workspace/thirdparty/vcpkg/buildtrees/curl/arm64-android-dbg/CMakeFiles/CMakeScratch/TryCompile-JtNRxc/CMakeLists.txt:5 (project)


-- Check if compiler accepts -pthread - yes
-- Found Threads: TRUE
-- Looking for connect in socket
CMake Deprecation Warning at /home/runner/workspace/.ndk-tools/android-ndk-r27c/build/cmake/android.toolchain.cmake:35 (cmake_minimum_required):
  Compatibility with CMake < 3.10 will be removed from a future version of
  CMake.

  Update the VERSION argument <min> value.  Or, use the <min>...<max> syntax
  to tell CMake that the project requires at least <min> but has been updated
  to work with policies introduced by <max> or earlier.
Call Stack (most recent call first):
  /home/runner/workspace/thirdparty/vcpkg/scripts/toolchains/android.cmake:32 (include)
  /home/runner/workspace/thirdparty/vcpkg/scripts/buildsystems/vcpkg.cmake:210 (include)
  /home/runner/workspace/thirdparty/vcpkg/buildtrees/curl/arm64-android-dbg/CMakeFiles/4.3.3/CMakeSystem.cmake:6 (include)
  /home/runner/workspace/thirdparty/vcpkg/buildtrees/curl/arm64-android-dbg/CMakeFiles/CMakeScratch/TryCompile-MJ9UPp/CMakeLists.txt:5 (project)


CMake Deprecation Warning at /home/runner/workspace/.ndk-tools/android-ndk-r27c/build/cmake/android-legacy.toolchain.cmake:35 (cmake_minimum_required):
  Compatibility with CMake < 3.10 will be removed from a future version of
  CMake.

  Update the VERSION argument <min> value.  Or, use the <min>...<max> syntax
  to tell CMake that the project requires at least <min> but has been updated
  to work with policies introduced by <max> or earlier.
Call Stack (most recent call first):
  /home/runner/workspace/.ndk-tools/android-ndk-r27c/build/cmake/android.toolchain.cmake:55 (include)
  /home/runner/workspace/thirdparty/vcpkg/scripts/toolchains/android.cmake:32 (include)
  /home/runner/workspace/thirdparty/vcpkg/scripts/buildsystems/vcpkg.cmake:210 (include)
  /home/runner/workspace/thirdparty/vcpkg/buildtrees/curl/arm64-android-dbg/CMakeFiles/4.3.3/CMakeSystem.cmake:6 (include)
  /home/runner/workspace/thirdparty/vcpkg/buildtrees/curl/arm64-android-dbg/CMakeFiles/CMakeScratch/TryCompile-MJ9UPp/CMakeLists.txt:5 (project)


CMake Deprecation Warning at /home/runner/workspace/.ndk-tools/android-ndk-r27c/build/cmake/flags.cmake:18 (cmake_minimum_required):
  Compatibility with CMake < 3.10 will be removed from a future version of
  CMake.

  Update the VERSION argument <min> value.  Or, use the <min>...<max> syntax
  to tell CMake that the project requires at least <min> but has been updated
  to work with policies introduced by <max> or earlier.
Call Stack (most recent call first):
  /home/runner/workspace/thirdparty/vcpkg/downloads/tools/cmake-4.3.3-linux/cmake-4.3.3-linux-x86_64/share/cmake-4.3/Modules/Platform/Android-Clang.cmake:23 (include)
  /home/runner/workspace/thirdparty/vcpkg/downloads/tools/cmake-4.3.3-linux/cmake-4.3.3-linux-x86_64/share/cmake-4.3/Modules/Platform/Android-Clang-C.cmake:1 (include)
  /home/runner/workspace/thirdparty/vcpkg/downloads/tools/cmake-4.3.3-linux/cmake-4.3.3-linux-x86_64/share/cmake-4.3/Modules/CMakeCInformation.cmake:48 (include)
  /home/runner/workspace/thirdparty/vcpkg/buildtrees/curl/arm64-android-dbg/CMakeFiles/CMakeScratch/TryCompile-MJ9UPp/CMakeLists.txt:5 (project)


-- Looking for connect in socket - not found
-- Looking for gethostname
CMake Deprecation Warning at /home/runner/workspace/.ndk-tools/android-ndk-r27c/build/cmake/android.toolchain.cmake:35 (cmake_minimum_required):
  Compatibility with CMake < 3.10 will be removed from a future version of
  CMake.

  Update the VERSION argument <min> value.  Or, use the <min>...<max> syntax
  to tell CMake that the project requires at least <min> but has been updated
  to work with policies introduced by <max> or earlier.
Call Stack (most recent call first):
  /home/runner/workspace/thirdparty/vcpkg/scripts/toolchains/android.cmake:32 (include)
  /home/runner/workspace/thirdparty/vcpkg/scripts/buildsystems/vcpkg.cmake:210 (include)
  /home/runner/workspace/thirdparty/vcpkg/buildtrees/curl/arm64-android-dbg/CMakeFiles/4.3.3/CMakeSystem.cmake:6 (include)
  /home/runner/workspace/thirdparty/vcpkg/buildtrees/curl/arm64-android-dbg/CMakeFiles/CMakeScratch/TryCompile-jaQml2/CMakeLists.txt:5 (project)


CMake Deprecation Warning at /home/runner/workspace/.ndk-tools/android-ndk-r27c/build/cmake/android-legacy.toolchain.cmake:35 (cmake_minimum_required):
  Compatibility with CMake < 3.10 will be removed from a future version of
  CMake.

  Update the VERSION argument <min> value.  Or, use the <min>...<max> syntax
  to tell CMake that the project requires at least <min> but has been updated
  to work with policies introduced by <max> or earlier.
Call Stack (most recent call first):
  /home/runner/workspace/.ndk-tools/android-ndk-r27c/build/cmake/android.toolchain.cmake:55 (include)
  /home/runner/workspace/thirdparty/vcpkg/scripts/toolchains/android.cmake:32 (include)
  /home/runner/workspace/thirdparty/vcpkg/scripts/buildsystems/vcpkg.cmake:210 (include)
  /home/runner/workspace/thirdparty/vcpkg/buildtrees/curl/arm64-android-dbg/CMakeFiles/4.3.3/CMakeSystem.cmake:6 (include)
  /home/runner/workspace/thirdparty/vcpkg/buildtrees/curl/arm64-android-dbg/CMakeFiles/CMakeScratch/TryCompile-jaQml2/CMakeLists.txt:5 (project)


CMake Deprecation Warning at /home/runner/workspace/.ndk-tools/android-ndk-r27c/build/cmake/flags.cmake:18 (cmake_minimum_required):
  Compatibility with CMake < 3.10 will be removed from a future version of
  CMake.

  Update the VERSION argument <min> value.  Or, use the <min>...<max> syntax
  to tell CMake that the project requires at least <min> but has been updated
  to work with policies introduced by <max> or earlier.
Call Stack (most recent call first):
  /home/runner/workspace/thirdparty/vcpkg/downloads/tools/cmake-4.3.3-linux/cmake-4.3.3-linux-x86_64/share/cmake-4.3/Modules/Platform/Android-Clang.cmake:23 (include)
  /home/runner/workspace/thirdparty/vcpkg/downloads/tools/cmake-4.3.3-linux/cmake-4.3.3-linux-x86_64/share/cmake-4.3/Modules/Platform/Android-Clang-C.cmake:1 (include)
  /home/runner/workspace/thirdparty/vcpkg/downloads/tools/cmake-4.3.3-linux/cmake-4.3.3-linux-x86_64/share/cmake-4.3/Modules/CMakeCInformation.cmake:48 (include)
  /home/runner/workspace/thirdparty/vcpkg/buildtrees/curl/arm64-android-dbg/CMakeFiles/CMakeScratch/TryCompile-jaQml2/CMakeLists.txt:5 (project)


-- Looking for gethostname - found
-- Found OpenSSL: /home/runner/workspace/out/build/android-debug/vcpkg_installed/arm64-android/debug/lib/libcrypto.a (found version "3.4.0")
-- Looking for OPENSSL_IS_BORINGSSL
CMake Deprecation Warning at /home/runner/workspace/.ndk-tools/android-ndk-r27c/build/cmake/android.toolchain.cmake:35 (cmake_minimum_required):
  Compatibility with CMake < 3.10 will be removed from a future version of
  CMake.

  Update the VERSION argument <min> value.  Or, use the <min>...<max> syntax
  to tell CMake that the project requires at least <min> but has been updated
  to work with policies introduced by <max> or earlier.
Call Stack (most recent call first):
  /home/runner/workspace/thirdparty/vcpkg/scripts/toolchains/android.cmake:32 (include)
  /home/runner/workspace/thirdparty/vcpkg/scripts/buildsystems/vcpkg.cmake:210 (include)
  /home/runner/workspace/thirdparty/vcpkg/buildtrees/curl/arm64-android-dbg/CMakeFiles/4.3.3/CMakeSystem.cmake:6 (include)
  /home/runner/workspace/thirdparty/vcpkg/buildtrees/curl/arm64-android-dbg/CMakeFiles/CMakeScratch/TryCompile-ha38bk/CMakeLists.txt:5 (project)


CMake Deprecation Warning at /home/runner/workspace/.ndk-tools/android-ndk-r27c/build/cmake/android-legacy.toolchain.cmake:35 (cmake_minimum_required):
  Compatibility with CMake < 3.10 will be removed from a future version of
  CMake.

  Update the VERSION argument <min> value.  Or, use the <min>...<max> syntax
  to tell CMake that the project requires at least <min> but has been updated
  to work with policies introduced by <max> or earlier.
Call Stack (most recent call first):
  /home/runner/workspace/.ndk-tools/android-ndk-r27c/build/cmake/android.toolchain.cmake:55 (include)
  /home/runner/workspace/thirdparty/vcpkg/scripts/toolchains/android.cmake:32 (include)
  /home/runner/workspace/thirdparty/vcpkg/scripts/buildsystems/vcpkg.cmake:210 (include)
  /home/runner/workspace/thirdparty/vcpkg/buildtrees/curl/arm64-android-dbg/CMakeFiles/4.3.3/CMakeSystem.cmake:6 (include)
  /home/runner/workspace/thirdparty/vcpkg/buildtrees/curl/arm64-android-dbg/CMakeFiles/CMakeScratch/TryCompile-ha38bk/CMakeLists.txt:5 (project)


CMake Deprecation Warning at /home/runner/workspace/.ndk-tools/android-ndk-r27c/build/cmake/flags.cmake:18 (cmake_minimum_required):
  Compatibility with CMake < 3.10 will be removed from a future version of
  CMake.

  Update the VERSION argument <min> value.  Or, use the <min>...<max> syntax
  to tell CMake that the project requires at least <min> but has been updated
  to work with policies introduced by <max> or earlier.
Call Stack (most recent call first):
  /home/runner/workspace/thirdparty/vcpkg/downloads/tools/cmake-4.3.3-linux/cmake-4.3.3-linux-x86_64/share/cmake-4.3/Modules/Platform/Android-Clang.cmake:23 (include)
  /home/runner/workspace/thirdparty/vcpkg/downloads/tools/cmake-4.3.3-linux/cmake-4.3.3-linux-x86_64/share/cmake-4.3/Modules/Platform/Android-Clang-C.cmake:1 (include)
  /home/runner/workspace/thirdparty/vcpkg/downloads/tools/cmake-4.3.3-linux/cmake-4.3.3-linux-x86_64/share/cmake-4.3/Modules/CMakeCInformation.cmake:48 (include)
  /home/runner/workspace/thirdparty/vcpkg/buildtrees/curl/arm64-android-dbg/CMakeFiles/CMakeScratch/TryCompile-ha38bk/CMakeLists.txt:5 (project)


-- Looking for OPENSSL_IS_BORINGSSL - not found
-- Looking for OPENSSL_IS_AWSLC
CMake Deprecation Warning at /home/runner/workspace/.ndk-tools/android-ndk-r27c/build/cmake/android.toolchain.cmake:35 (cmake_minimum_required):
  Compatibility with CMake < 3.10 will be removed from a future version of
  CMake.

  Update the VERSION argument <min> value.  Or, use the <min>...<max> syntax
  to tell CMake that the project requires at least <min> but has been updated
  to work with policies introduced by <max> or earlier.
Call Stack (most recent call first):
  /home/runner/workspace/thirdparty/vcpkg/scripts/toolchains/android.cmake:32 (include)
  /home/runner/workspace/thirdparty/vcpkg/scripts/buildsystems/vcpkg.cmake:210 (include)
  /home/runner/workspace/thirdparty/vcpkg/buildtrees/curl/arm64-android-dbg/CMakeFiles/4.3.3/CMakeSystem.cmake:6 (include)
  /home/runner/workspace/thirdparty/vcpkg/buildtrees/curl/arm64-android-dbg/CMakeFiles/CMakeScratch/TryCompile-VRXqpV/CMakeLists.txt:5 (project)


CMake Deprecation Warning at /home/runner/workspace/.ndk-tools/android-ndk-r27c/build/cmake/android-legacy.toolchain.cmake:35 (cmake_minimum_required):
  Compatibility with CMake < 3.10 will be removed from a future version of
  CMake.

  Update the VERSION argument <min> value.  Or, use the <min>...<max> syntax
  to tell CMake that the project requires at least <min> but has been updated
  to work with policies introduced by <max> or earlier.
Call Stack (most recent call first):
  /home/runner/workspace/.ndk-tools/android-ndk-r27c/build/cmake/android.toolchain.cmake:55 (include)
  /home/runner/workspace/thirdparty/vcpkg/scripts/toolchains/android.cmake:32 (include)
  /home/runner/workspace/thirdparty/vcpkg/scripts/buildsystems/vcpkg.cmake:210 (include)
  /home/runner/workspace/thirdparty/vcpkg/buildtrees/curl/arm64-android-dbg/CMakeFiles/4.3.3/CMakeSystem.cmake:6 (include)
  /home/runner/workspace/thirdparty/vcpkg/buildtrees/curl/arm64-android-dbg/CMakeFiles/CMakeScratch/TryCompile-VRXqpV/CMakeLists.txt:5 (project)


CMake Deprecation Warning at /home/runner/workspace/.ndk-tools/android-ndk-r27c/build/cmake/flags.cmake:18 (cmake_minimum_required):
  Compatibility with CMake < 3.10 will be removed from a future version of
  CMake.

  Update the VERSION argument <min> value.  Or, use the <min>...<max> syntax
  to tell CMake that the project requires at least <min> but has been updated
  to work with policies introduced by <max> or earlier.
Call Stack (most recent call first):
  /home/runner/workspace/thirdparty/vcpkg/downloads/tools/cmake-4.3.3-linux/cmake-4.3.3-linux-x86_64/share/cmake-4.3/Modules/Platform/Android-Clang.cmake:23 (include)
  /home/runner/workspace/thirdparty/vcpkg/downloads/tools/cmake-4.3.3-linux/cmake-4.3.3-linux-x86_64/share/cmake-4.3/Modules/Platform/Android-Clang-C.cmake:1 (include)
  /home/runner/workspace/thirdparty/vcpkg/downloads/tools/cmake-4.3.3-linux/cmake-4.3.3-linux-x86_64/share/cmake-4.3/Modules/CMakeCInformation.cmake:48 (include)
  /home/runner/workspace/thirdparty/vcpkg/buildtrees/curl/arm64-android-dbg/CMakeFiles/CMakeScratch/TryCompile-VRXqpV/CMakeLists.txt:5 (project)


-- Looking for OPENSSL_IS_AWSLC - not found
-- Found ZLIB: optimized;/home/runner/workspace/out/build/android-debug/vcpkg_installed/arm64-android/lib/libz.a;debug;/home/runner/workspace/out/build/android-debug/vcpkg_installed/arm64-android/debug/lib/libz.a (found version "1.3.1")
-- Looking for SSL_set0_wbio
CMake Deprecation Warning at /home/runner/workspace/.ndk-tools/android-ndk-r27c/build/cmake/android.toolchain.cmake:35 (cmake_minimum_required):
  Compatibility with CMake < 3.10 will be removed from a future version of
  CMake.

  Update the VERSION argument <min> value.  Or, use the <min>...<max> syntax
  to tell CMake that the project requires at least <min> but has been updated
  to work with policies introduced by <max> or earlier.
Call Stack (most recent call first):
  /home/runner/workspace/thirdparty/vcpkg/scripts/toolchains/android.cmake:32 (include)
  /home/runner/workspace/thirdparty/vcpkg/scripts/buildsystems/vcpkg.cmake:210 (include)
  /home/runner/workspace/thirdparty/vcpkg/buildtrees/curl/arm64-android-dbg/CMakeFiles/4.3.3/CMakeSystem.cmake:6 (include)
  /home/runner/workspace/thirdparty/vcpkg/buildtrees/curl/arm64-android-dbg/CMakeFiles/CMakeScratch/TryCompile-jwkQzi/CMakeLists.txt:5 (project)


CMake Deprecation Warning at /home/runner/workspace/.ndk-tools/android-ndk-r27c/build/cmake/android-legacy.toolchain.cmake:35 (cmake_minimum_required):
  Compatibility with CMake < 3.10 will be removed from a future version of
  CMake.

  Update the VERSION argument <min> value.  Or, use the <min>...<max> syntax
  to tell CMake that the project requires at least <min> but has been updated
  to work with policies introduced by <max> or earlier.
Call Stack (most recent call first):
  /home/runner/workspace/.ndk-tools/android-ndk-r27c/build/cmake/android.toolchain.cmake:55 (include)
  /home/runner/workspace/thirdparty/vcpkg/scripts/toolchains/android.cmake:32 (include)
  /home/runner/workspace/thirdparty/vcpkg/scripts/buildsystems/vcpkg.cmake:210 (include)
  /home/runner/workspace/thirdparty/vcpkg/buildtrees/curl/arm64-android-dbg/CMakeFiles/4.3.3/CMakeSystem.cmake:6 (include)
  /home/runner/workspace/thirdparty/vcpkg/buildtrees/curl/arm64-android-dbg/CMakeFiles/CMakeScratch/TryCompile-jwkQzi/CMakeLists.txt:5 (project)


CMake Deprecation Warning at /home/runner/workspace/.ndk-tools/android-ndk-r27c/build/cmake/flags.cmake:18 (cmake_minimum_required):
  Compatibility with CMake < 3.10 will be removed from a future version of
  CMake.

  Update the VERSION argument <min> value.  Or, use the <min>...<max> syntax
  to tell CMake that the project requires at least <min> but has been updated
  to work with policies introduced by <max> or earlier.
Call Stack (most recent call first):
  /home/runner/workspace/thirdparty/vcpkg/downloads/tools/cmake-4.3.3-linux/cmake-4.3.3-linux-x86_64/share/cmake-4.3/Modules/Platform/Android-Clang.cmake:23 (include)
  /home/runner/workspace/thirdparty/vcpkg/downloads/tools/cmake-4.3.3-linux/cmake-4.3.3-linux-x86_64/share/cmake-4.3/Modules/Platform/Android-Clang-C.cmake:1 (include)
  /home/runner/workspace/thirdparty/vcpkg/downloads/tools/cmake-4.3.3-linux/cmake-4.3.3-linux-x86_64/share/cmake-4.3/Modules/CMakeCInformation.cmake:48 (include)
  /home/runner/workspace/thirdparty/vcpkg/buildtrees/curl/arm64-android-dbg/CMakeFiles/CMakeScratch/TryCompile-jwkQzi/CMakeLists.txt:5 (project)


-- Looking for SSL_set0_wbio - found
-- Looking for SSL_CTX_set_srp_username
CMake Deprecation Warning at /home/runner/workspace/.ndk-tools/android-ndk-r27c/build/cmake/android.toolchain.cmake:35 (cmake_minimum_required):
  Compatibility with CMake < 3.10 will be removed from a future version of
  CMake.

  Update the VERSION argument <min> value.  Or, use the <min>...<max> syntax
  to tell CMake that the project requires at least <min> but has been updated
  to work with policies introduced by <max> or earlier.
Call Stack (most recent call first):
  /home/runner/workspace/thirdparty/vcpkg/scripts/toolchains/android.cmake:32 (include)
  /home/runner/workspace/thirdparty/vcpkg/scripts/buildsystems/vcpkg.cmake:210 (include)
  /home/runner/workspace/thirdparty/vcpkg/buildtrees/curl/arm64-android-dbg/CMakeFiles/4.3.3/CMakeSystem.cmake:6 (include)
  /home/runner/workspace/thirdparty/vcpkg/buildtrees/curl/arm64-android-dbg/CMakeFiles/CMakeScratch/TryCompile-DhqwLr/CMakeLists.txt:5 (project)


CMake Deprecation Warning at /home/runner/workspace/.ndk-tools/android-ndk-r27c/build/cmake/android-legacy.toolchain.cmake:35 (cmake_minimum_required):
  Compatibility with CMake < 3.10 will be removed from a future version of
  CMake.

  Update the VERSION argument <min> value.  Or, use the <min>...<max> syntax
  to tell CMake that the project requires at least <min> but has been updated
  to work with policies introduced by <max> or earlier.
Call Stack (most recent call first):
  /home/runner/workspace/.ndk-tools/android-ndk-r27c/build/cmake/android.toolchain.cmake:55 (include)
  /home/runner/workspace/thirdparty/vcpkg/scripts/toolchains/android.cmake:32 (include)
  /home/runner/workspace/thirdparty/vcpkg/scripts/buildsystems/vcpkg.cmake:210 (include)
  /home/runner/workspace/thirdparty/vcpkg/buildtrees/curl/arm64-android-dbg/CMakeFiles/4.3.3/CMakeSystem.cmake:6 (include)
  /home/runner/workspace/thirdparty/vcpkg/buildtrees/curl/arm64-android-dbg/CMakeFiles/CMakeScratch/TryCompile-DhqwLr/CMakeLists.txt:5 (project)


CMake Deprecation Warning at /home/runner/workspace/.ndk-tools/android-ndk-r27c/build/cmake/flags.cmake:18 (cmake_minimum_required):
  Compatibility with CMake < 3.10 will be removed from a future version of
  CMake.

  Update the VERSION argument <min> value.  Or, use the <min>...<max> syntax
  to tell CMake that the project requires at least <min> but has been updated
  to work with policies introduced by <max> or earlier.
Call Stack (most recent call first):
  /home/runner/workspace/thirdparty/vcpkg/downloads/tools/cmake-4.3.3-linux/cmake-4.3.3-linux-x86_64/share/cmake-4.3/Modules/Platform/Android-Clang.cmake:23 (include)
  /home/runner/workspace/thirdparty/vcpkg/downloads/tools/cmake-4.3.3-linux/cmake-4.3.3-linux-x86_64/share/cmake-4.3/Modules/Platform/Android-Clang-C.cmake:1 (include)
  /home/runner/workspace/thirdparty/vcpkg/downloads/tools/cmake-4.3.3-linux/cmake-4.3.3-linux-x86_64/share/cmake-4.3/Modules/CMakeCInformation.cmake:48 (include)
  /home/runner/workspace/thirdparty/vcpkg/buildtrees/curl/arm64-android-dbg/CMakeFiles/CMakeScratch/TryCompile-DhqwLr/CMakeLists.txt:5 (project)


-- Looking for SSL_CTX_set_srp_username - found
-- Performing Test USE_UNIX_SOCKETS
CMake Deprecation Warning at /home/runner/workspace/.ndk-tools/android-ndk-r27c/build/cmake/android.toolchain.cmake:35 (cmake_minimum_required):
  Compatibility with CMake < 3.10 will be removed from a future version of
  CMake.

  Update the VERSION argument <min> value.  Or, use the <min>...<max> syntax
  to tell CMake that the project requires at least <min> but has been updated
  to work with policies introduced by <max> or earlier.
Call Stack (most recent call first):
  /home/runner/workspace/thirdparty/vcpkg/scripts/toolchains/android.cmake:32 (include)
  /home/runner/workspace/thirdparty/vcpkg/scripts/buildsystems/vcpkg.cmake:210 (include)
  /home/runner/workspace/thirdparty/vcpkg/buildtrees/curl/arm64-android-dbg/CMakeFiles/4.3.3/CMakeSystem.cmake:6 (include)
  /home/runner/workspace/thirdparty/vcpkg/buildtrees/curl/arm64-android-dbg/CMakeFiles/CMakeScratch/TryCompile-wPuITq/CMakeLists.txt:5 (project)


CMake Deprecation Warning at /home/runner/workspace/.ndk-tools/android-ndk-r27c/build/cmake/android-legacy.toolchain.cmake:35 (cmake_minimum_required):
  Compatibility with CMake < 3.10 will be removed from a future version of
  CMake.

  Update the VERSION argument <min> value.  Or, use the <min>...<max> syntax
  to tell CMake that the project requires at least <min> but has been updated
  to work with policies introduced by <max> or earlier.
Call Stack (most recent call first):
  /home/runner/workspace/.ndk-tools/android-ndk-r27c/build/cmake/android.toolchain.cmake:55 (include)
  /home/runner/workspace/thirdparty/vcpkg/scripts/toolchains/android.cmake:32 (include)
  /home/runner/workspace/thirdparty/vcpkg/scripts/buildsystems/vcpkg.cmake:210 (include)
  /home/runner/workspace/thirdparty/vcpkg/buildtrees/curl/arm64-android-dbg/CMakeFiles/4.3.3/CMakeSystem.cmake:6 (include)
  /home/runner/workspace/thirdparty/vcpkg/buildtrees/curl/arm64-android-dbg/CMakeFiles/CMakeScratch/TryCompile-wPuITq/CMakeLists.txt:5 (project)


CMake Deprecation Warning at /home/runner/workspace/.ndk-tools/android-ndk-r27c/build/cmake/flags.cmake:18 (cmake_minimum_required):
  Compatibility with CMake < 3.10 will be removed from a future version of
  CMake.

  Update the VERSION argument <min> value.  Or, use the <min>...<max> syntax
  to tell CMake that the project requires at least <min> but has been updated
  to work with policies introduced by <max> or earlier.
Call Stack (most recent call first):
  /home/runner/workspace/thirdparty/vcpkg/downloads/tools/cmake-4.3.3-linux/cmake-4.3.3-linux-x86_64/share/cmake-4.3/Modules/Platform/Android-Clang.cmake:23 (include)
  /home/runner/workspace/thirdparty/vcpkg/downloads/tools/cmake-4.3.3-linux/cmake-4.3.3-linux-x86_64/share/cmake-4.3/Modules/Platform/Android-Clang-C.cmake:1 (include)
  /home/runner/workspace/thirdparty/vcpkg/downloads/tools/cmake-4.3.3-linux/cmake-4.3.3-linux-x86_64/share/cmake-4.3/Modules/CMakeCInformation.cmake:48 (include)
  /home/runner/workspace/thirdparty/vcpkg/buildtrees/curl/arm64-android-dbg/CMakeFiles/CMakeScratch/TryCompile-wPuITq/CMakeLists.txt:5 (project)


-- Performing Test USE_UNIX_SOCKETS - Success
-- Looking for sys/eventfd.h
CMake Deprecation Warning at /home/runner/workspace/.ndk-tools/android-ndk-r27c/build/cmake/android.toolchain.cmake:35 (cmake_minimum_required):
  Compatibility with CMake < 3.10 will be removed from a future version of
  CMake.

  Update the VERSION argument <min> value.  Or, use the <min>...<max> syntax
  to tell CMake that the project requires at least <min> but has been updated
  to work with policies introduced by <max> or earlier.
Call Stack (most recent call first):
  /home/runner/workspace/thirdparty/vcpkg/scripts/toolchains/android.cmake:32 (include)
  /home/runner/workspace/thirdparty/vcpkg/scripts/buildsystems/vcpkg.cmake:210 (include)
  /home/runner/workspace/thirdparty/vcpkg/buildtrees/curl/arm64-android-dbg/CMakeFiles/4.3.3/CMakeSystem.cmake:6 (include)
  /home/runner/workspace/thirdparty/vcpkg/buildtrees/curl/arm64-android-dbg/CMakeFiles/CMakeScratch/TryCompile-JtjZ9M/CMakeLists.txt:5 (project)


CMake Deprecation Warning at /home/runner/workspace/.ndk-tools/android-ndk-r27c/build/cmake/android-legacy.toolchain.cmake:35 (cmake_minimum_required):
  Compatibility with CMake < 3.10 will be removed from a future version of
  CMake.

  Update the VERSION argument <min> value.  Or, use the <min>...<max> syntax
  to tell CMake that the project requires at least <min> but has been updated
  to work with policies introduced by <max> or earlier.
Call Stack (most recent call first):
  /home/runner/workspace/.ndk-tools/android-ndk-r27c/build/cmake/android.toolchain.cmake:55 (include)
  /home/runner/workspace/thirdparty/vcpkg/scripts/toolchains/android.cmake:32 (include)
  /home/runner/workspace/thirdparty/vcpkg/scripts/buildsystems/vcpkg.cmake:210 (include)
  /home/runner/workspace/thirdparty/vcpkg/buildtrees/curl/arm64-android-dbg/CMakeFiles/4.3.3/CMakeSystem.cmake:6 (include)
  /home/runner/workspace/thirdparty/vcpkg/buildtrees/curl/arm64-android-dbg/CMakeFiles/CMakeScratch/TryCompile-JtjZ9M/CMakeLists.txt:5 (project)


CMake Deprecation Warning at /home/runner/workspace/.ndk-tools/android-ndk-r27c/build/cmake/flags.cmake:18 (cmake_minimum_required):
  Compatibility with CMake < 3.10 will be removed from a future version of
  CMake.

  Update the VERSION argument <min> value.  Or, use the <min>...<max> syntax
  to tell CMake that the project requires at least <min> but has been updated
  to work with policies introduced by <max> or earlier.
Call Stack (most recent call first):
  /home/runner/workspace/thirdparty/vcpkg/downloads/tools/cmake-4.3.3-linux/cmake-4.3.3-linux-x86_64/share/cmake-4.3/Modules/Platform/Android-Clang.cmake:23 (include)
  /home/runner/workspace/thirdparty/vcpkg/downloads/tools/cmake-4.3.3-linux/cmake-4.3.3-linux-x86_64/share/cmake-4.3/Modules/Platform/Android-Clang-C.cmake:1 (include)
  /home/runner/workspace/thirdparty/vcpkg/downloads/tools/cmake-4.3.3-linux/cmake-4.3.3-linux-x86_64/share/cmake-4.3/Modules/CMakeCInformation.cmake:48 (include)
  /home/runner/workspace/thirdparty/vcpkg/buildtrees/curl/arm64-android-dbg/CMakeFiles/CMakeScratch/TryCompile-JtjZ9M/CMakeLists.txt:5 (project)


-- Looking for sys/eventfd.h - found
-- Looking for sys/filio.h
CMake Deprecation Warning at /home/runner/workspace/.ndk-tools/android-ndk-r27c/build/cmake/android.toolchain.cmake:35 (cmake_minimum_required):
  Compatibility with CMake < 3.10 will be removed from a future version of
  CMake.

  Update the VERSION argument <min> value.  Or, use the <min>...<max> syntax
  to tell CMake that the project requires at least <min> but has been updated
  to work with policies introduced by <max> or earlier.
Call Stack (most recent call first):
  /home/runner/workspace/thirdparty/vcpkg/scripts/toolchains/android.cmake:32 (include)
  /home/runner/workspace/thirdparty/vcpkg/scripts/buildsystems/vcpkg.cmake:210 (include)
  /home/runner/workspace/thirdparty/vcpkg/buildtrees/curl/arm64-android-dbg/CMakeFiles/4.3.3/CMakeSystem.cmake:6 (include)
  /home/runner/workspace/thirdparty/vcpkg/buildtrees/curl/arm64-android-dbg/CMakeFiles/CMakeScratch/TryCompile-s8YHU2/CMakeLists.txt:5 (project)


CMake Deprecation Warning at /home/runner/workspace/.ndk-tools/android-ndk-r27c/build/cmake/android-legacy.toolchain.cmake:35 (cmake_minimum_required):
  Compatibility with CMake < 3.10 will be removed from a future version of
  CMake.

  Update the VERSION argument <min> value.  Or, use the <min>...<max> syntax
  to tell CMake that the project requires at least <min> but has been updated
  to work with policies introduced by <max> or earlier.
Call Stack (most recent call first):
  /home/runner/workspace/.ndk-tools/android-ndk-r27c/build/cmake/android.toolchain.cmake:55 (include)
  /home/runner/workspace/thirdparty/vcpkg/scripts/toolchains/android.cmake:32 (include)
  /home/runner/workspace/thirdparty/vcpkg/scripts/buildsystems/vcpkg.cmake:210 (include)
  /home/runner/workspace/thirdparty/vcpkg/buildtrees/curl/arm64-android-dbg/CMakeFiles/4.3.3/CMakeSystem.cmake:6 (include)
  /home/runner/workspace/thirdparty/vcpkg/buildtrees/curl/arm64-android-dbg/CMakeFiles/CMakeScratch/TryCompile-s8YHU2/CMakeLists.txt:5 (project)


CMake Deprecation Warning at /home/runner/workspace/.ndk-tools/android-ndk-r27c/build/cmake/flags.cmake:18 (cmake_minimum_required):
  Compatibility with CMake < 3.10 will be removed from a future version of
  CMake.

  Update the VERSION argument <min> value.  Or, use the <min>...<max> syntax
  to tell CMake that the project requires at least <min> but has been updated
  to work with policies introduced by <max> or earlier.
Call Stack (most recent call first):
  /home/runner/workspace/thirdparty/vcpkg/downloads/tools/cmake-4.3.3-linux/cmake-4.3.3-linux-x86_64/share/cmake-4.3/Modules/Platform/Android-Clang.cmake:23 (include)
  /home/runner/workspace/thirdparty/vcpkg/downloads/tools/cmake-4.3.3-linux/cmake-4.3.3-linux-x86_64/share/cmake-4.3/Modules/Platform/Android-Clang-C.cmake:1 (include)
  /home/runner/workspace/thirdparty/vcpkg/downloads/tools/cmake-4.3.3-linux/cmake-4.3.3-linux-x86_64/share/cmake-4.3/Modules/CMakeCInformation.cmake:48 (include)
  /home/runner/workspace/thirdparty/vcpkg/buildtrees/curl/arm64-android-dbg/CMakeFiles/CMakeScratch/TryCompile-s8YHU2/CMakeLists.txt:5 (project)


-- Looking for sys/filio.h - not found
-- Looking for sys/wait.h
CMake Deprecation Warning at /home/runner/workspace/.ndk-tools/android-ndk-r27c/build/cmake/android.toolchain.cmake:35 (cmake_minimum_required):
  Compatibility with CMake < 3.10 will be removed from a future version of
  CMake.

  Update the VERSION argument <min> value.  Or, use the <min>...<max> syntax
  to tell CMake that the project requires at least <min> but has been updated
  to work with policies introduced by <max> or earlier.
Call Stack (most recent call first):
  /home/runner/workspace/thirdparty/vcpkg/scripts/toolchains/android.cmake:32 (include)
  /home/runner/workspace/thirdparty/vcpkg/scripts/buildsystems/vcpkg.cmake:210 (include)
  /home/runner/workspace/thirdparty/vcpkg/buildtrees/curl/arm64-android-dbg/CMakeFiles/4.3.3/CMakeSystem.cmake:6 (include)
  /home/runner/workspace/thirdparty/vcpkg/buildtrees/curl/arm64-android-dbg/CMakeFiles/CMakeScratch/TryCompile-8onZe4/CMakeLists.txt:5 (project)


CMake Deprecation Warning at /home/runner/workspace/.ndk-tools/android-ndk-r27c/build/cmake/android-legacy.toolchain.cmake:35 (cmake_minimum_required):
  Compatibility with CMake < 3.10 will be removed from a future version of
  CMake.

  Update the VERSION argument <min> value.  Or, use the <min>...<max> syntax
  to tell CMake that the project requires at least <min> but has been updated
  to work with policies introduced by <max> or earlier.
Call Stack (most recent call first):
  /home/runner/workspace/.ndk-tools/android-ndk-r27c/build/cmake/android.toolchain.cmake:55 (include)
  /home/runner/workspace/thirdparty/vcpkg/scripts/toolchains/android.cmake:32 (include)
  /home/runner/workspace/thirdparty/vcpkg/scripts/buildsystems/vcpkg.cmake:210 (include)
  /home/runner/workspace/thirdparty/vcpkg/buildtrees/curl/arm64-android-dbg/CMakeFiles/4.3.3/CMakeSystem.cmake:6 (include)
  /home/runner/workspace/thirdparty/vcpkg/buildtrees/curl/arm64-android-dbg/CMakeFiles/CMakeScratch/TryCompile-8onZe4/CMakeLists.txt:5 (project)


CMake Deprecation Warning at /home/runner/workspace/.ndk-tools/android-ndk-r27c/build/cmake/flags.cmake:18 (cmake_minimum_required):
  Compatibility with CMake < 3.10 will be removed from a future version of
  CMake.

  Update the VERSION argument <min> value.  Or, use the <min>...<max> syntax
  to tell CMake that the project requires at least <min> but has been updated
  to work with policies introduced by <max> or earlier.
Call Stack (most recent call first):
  /home/runner/workspace/thirdparty/vcpkg/downloads/tools/cmake-4.3.3-linux/cmake-4.3.3-linux-x86_64/share/cmake-4.3/Modules/Platform/Android-Clang.cmake:23 (include)
  /home/runner/workspace/thirdparty/vcpkg/downloads/tools/cmake-4.3.3-linux/cmake-4.3.3-linux-x86_64/share/cmake-4.3/Modules/Platform/Android-Clang-C.cmake:1 (include)
  /home/runner/workspace/thirdparty/vcpkg/downloads/tools/cmake-4.3.3-linux/cmake-4.3.3-linux-x86_64/share/cmake-4.3/Modules/CMakeCInformation.cmake:48 (include)
  /home/runner/workspace/thirdparty/vcpkg/buildtrees/curl/arm64-android-dbg/CMakeFiles/CMakeScratch/TryCompile-8onZe4/CMakeLists.txt:5 (project)


-- Looking for sys/wait.h - found
-- Looking for sys/ioctl.h
CMake Deprecation Warning at /home/runner/workspace/.ndk-tools/android-ndk-r27c/build/cmake/android.toolchain.cmake:35 (cmake_minimum_required):
  Compatibility with CMake < 3.10 will be removed from a future version of
  CMake.

  Update the VERSION argument <min> value.  Or, use the <min>...<max> syntax
  to tell CMake that the project requires at least <min> but has been updated
  to work with policies introduced by <max> or earlier.
Call Stack (most recent call first):
  /home/runner/workspace/thirdparty/vcpkg/scripts/toolchains/android.cmake:32 (include)
  /home/runner/workspace/thirdparty/vcpkg/scripts/buildsystems/vcpkg.cmake:210 (include)
  /home/runner/workspace/thirdparty/vcpkg/buildtrees/curl/arm64-android-dbg/CMakeFiles/4.3.3/CMakeSystem.cmake:6 (include)
  /home/runner/workspace/thirdparty/vcpkg/buildtrees/curl/arm64-android-dbg/CMakeFiles/CMakeScratch/TryCompile-tpu3sL/CMakeLists.txt:5 (project)


CMake Deprecation Warning at /home/runner/workspace/.ndk-tools/android-ndk-r27c/build/cmake/android-legacy.toolchain.cmake:35 (cmake_minimum_required):
  Compatibility with CMake < 3.10 will be removed from a future version of
  CMake.

  Update the VERSION argument <min> value.  Or, use the <min>...<max> syntax
  to tell CMake that the project requires at least <min> but has been updated
  to work with policies introduced by <max> or earlier.
Call Stack (most recent call first):
  /home/runner/workspace/.ndk-tools/android-ndk-r27c/build/cmake/android.toolchain.cmake:55 (include)
  /home/runner/workspace/thirdparty/vcpkg/scripts/toolchains/android.cmake:32 (include)
  /home/runner/workspace/thirdparty/vcpkg/scripts/buildsystems/vcpkg.cmake:210 (include)
  /home/runner/workspace/thirdparty/vcpkg/buildtrees/curl/arm64-android-dbg/CMakeFiles/4.3.3/CMakeSystem.cmake:6 (include)
  /home/runner/workspace/thirdparty/vcpkg/buildtrees/curl/arm64-android-dbg/CMakeFiles/CMakeScratch/TryCompile-tpu3sL/CMakeLists.txt:5 (project)


CMake Deprecation Warning at /home/runner/workspace/.ndk-tools/android-ndk-r27c/build/cmake/flags.cmake:18 (cmake_minimum_required):
  Compatibility with CMake < 3.10 will be removed from a future version of
  CMake.

  Update the VERSION argument <min> value.  Or, use the <min>...<max> syntax
  to tell CMake that the project requires at least <min> but has been updated
  to work with policies introduced by <max> or earlier.
Call Stack (most recent call first):
  /home/runner/workspace/thirdparty/vcpkg/downloads/tools/cmake-4.3.3-linux/cmake-4.3.3-linux-x86_64/share/cmake-4.3/Modules/Platform/Android-Clang.cmake:23 (include)
  /home/runner/workspace/thirdparty/vcpkg/downloads/tools/cmake-4.3.3-linux/cmake-4.3.3-linux-x86_64/share/cmake-4.3/Modules/Platform/Android-Clang-C.cmake:1 (include)
  /home/runner/workspace/thirdparty/vcpkg/downloads/tools/cmake-4.3.3-linux/cmake-4.3.3-linux-x86_64/share/cmake-4.3/Modules/CMakeCInformation.cmake:48 (include)
  /home/runner/workspace/thirdparty/vcpkg/buildtrees/curl/arm64-android-dbg/CMakeFiles/CMakeScratch/TryCompile-tpu3sL/CMakeLists.txt:5 (project)


-- Looking for sys/ioctl.h - found
-- Looking for sys/param.h
CMake Deprecation Warning at /home/runner/workspace/.ndk-tools/android-ndk-r27c/build/cmake/android.toolchain.cmake:35 (cmake_minimum_required):
  Compatibility with CMake < 3.10 will be removed from a future version of
  CMake.

  Update the VERSION argument <min> value.  Or, use the <min>...<max> syntax
  to tell CMake that the project requires at least <min> but has been updated
  to work with policies introduced by <max> or earlier.
Call Stack (most recent call first):
  /home/runner/workspace/thirdparty/vcpkg/scripts/toolchains/android.cmake:32 (include)
  /home/runner/workspace/thirdparty/vcpkg/scripts/buildsystems/vcpkg.cmake:210 (include)
  /home/runner/workspace/thirdparty/vcpkg/buildtrees/curl/arm64-android-dbg/CMakeFiles/4.3.3/CMakeSystem.cmake:6 (include)
  /home/runner/workspace/thirdparty/vcpkg/buildtrees/curl/arm64-android-dbg/CMakeFiles/CMakeScratch/TryCompile-4fKcpX/CMakeLists.txt:5 (project)


CMake Deprecation Warning at /home/runner/workspace/.ndk-tools/android-ndk-r27c/build/cmake/android-legacy.toolchain.cmake:35 (cmake_minimum_required):
  Compatibility with CMake < 3.10 will be removed from a future version of
  CMake.

  Update the VERSION argument <min> value.  Or, use the <min>...<max> syntax
  to tell CMake that the project requires at least <min> but has been updated
  to work with policies introduced by <max> or earlier.
Call Stack (most recent call first):
  /home/runner/workspace/.ndk-tools/android-ndk-r27c/build/cmake/android.toolchain.cmake:55 (include)
  /home/runner/workspace/thirdparty/vcpkg/scripts/toolchains/android.cmake:32 (include)
  /home/runner/workspace/thirdparty/vcpkg/scripts/buildsystems/vcpkg.cmake:210 (include)
  /home/runner/workspace/thirdparty/vcpkg/buildtrees/curl/arm64-android-dbg/CMakeFiles/4.3.3/CMakeSystem.cmake:6 (include)
  /home/runner/workspace/thirdparty/vcpkg/buildtrees/curl/arm64-android-dbg/CMakeFiles/CMakeScratch/TryCompile-4fKcpX/CMakeLists.txt:5 (project)


CMake Deprecation Warning at /home/runner/workspace/.ndk-tools/android-ndk-r27c/build/cmake/flags.cmake:18 (cmake_minimum_required):
  Compatibility with CMake < 3.10 will be removed from a future version of
  CMake.

  Update the VERSION argument <min> value.  Or, use the <min>...<max> syntax
  to tell CMake that the project requires at least <min> but has been updated
  to work with policies introduced by <max> or earlier.
Call Stack (most recent call first):
  /home/runner/workspace/thirdparty/vcpkg/downloads/tools/cmake-4.3.3-linux/cmake-4.3.3-linux-x86_64/share/cmake-4.3/Modules/Platform/Android-Clang.cmake:23 (include)
  /home/runner/workspace/thirdparty/vcpkg/downloads/tools/cmake-4.3.3-linux/cmake-4.3.3-linux-x86_64/share/cmake-4.3/Modules/Platform/Android-Clang-C.cmake:1 (include)
  /home/runner/workspace/thirdparty/vcpkg/downloads/tools/cmake-4.3.3-linux/cmake-4.3.3-linux-x86_64/share/cmake-4.3/Modules/CMakeCInformation.cmake:48 (include)
  /home/runner/workspace/thirdparty/vcpkg/buildtrees/curl/arm64-android-dbg/CMakeFiles/CMakeScratch/TryCompile-4fKcpX/CMakeLists.txt:5 (project)


-- Looking for sys/param.h - found
-- Looking for sys/poll.h
CMake Deprecation Warning at /home/runner/workspace/.ndk-tools/android-ndk-r27c/build/cmake/android.toolchain.cmake:35 (cmake_minimum_required):
  Compatibility with CMake < 3.10 will be removed from a future version of
  CMake.

  Update the VERSION argument <min> value.  Or, use the <min>...<max> syntax
  to tell CMake that the project requires at least <min> but has been updated
  to work with policies introduced by <max> or earlier.
Call Stack (most recent call first):
  /home/runner/workspace/thirdparty/vcpkg/scripts/toolchains/android.cmake:32 (include)
  /home/runner/workspace/thirdparty/vcpkg/scripts/buildsystems/vcpkg.cmake:210 (include)
  /home/runner/workspace/thirdparty/vcpkg/buildtrees/curl/arm64-android-dbg/CMakeFiles/4.3.3/CMakeSystem.cmake:6 (include)
  /home/runner/workspace/thirdparty/vcpkg/buildtrees/curl/arm64-android-dbg/CMakeFiles/CMakeScratch/TryCompile-22sHpn/CMakeLists.txt:5 (project)


CMake Deprecation Warning at /home/runner/workspace/.ndk-tools/android-ndk-r27c/build/cmake/android-legacy.toolchain.cmake:35 (cmake_minimum_required):
  Compatibility with CMake < 3.10 will be removed from a future version of
  CMake.

  Update the VERSION argument <min> value.  Or, use the <min>...<max> syntax
  to tell CMake that the project requires at least <min> but has been updated
  to work with policies introduced by <max> or earlier.
Call Stack (most recent call first):
  /home/runner/workspace/.ndk-tools/android-ndk-r27c/build/cmake/android.toolchain.cmake:55 (include)
  /home/runner/workspace/thirdparty/vcpkg/scripts/toolchains/android.cmake:32 (include)
  /home/runner/workspace/thirdparty/vcpkg/scripts/buildsystems/vcpkg.cmake:210 (include)
  /home/runner/workspace/thirdparty/vcpkg/buildtrees/curl/arm64-android-dbg/CMakeFiles/4.3.3/CMakeSystem.cmake:6 (include)
  /home/runner/workspace/thirdparty/vcpkg/buildtrees/curl/arm64-android-dbg/CMakeFiles/CMakeScratch/TryCompile-22sHpn/CMakeLists.txt:5 (project)


CMake Deprecation Warning at /home/runner/workspace/.ndk-tools/android-ndk-r27c/build/cmake/flags.cmake:18 (cmake_minimum_required):
  Compatibility with CMake < 3.10 will be removed from a future version of
  CMake.

  Update the VERSION argument <min> value.  Or, use the <min>...<max> syntax
  to tell CMake that the project requires at least <min> but has been updated
  to work with policies introduced by <max> or earlier.
Call Stack (most recent call first):
  /home/runner/workspace/thirdparty/vcpkg/downloads/tools/cmake-4.3.3-linux/cmake-4.3.3-linux-x86_64/share/cmake-4.3/Modules/Platform/Android-Clang.cmake:23 (include)
  /home/runner/workspace/thirdparty/vcpkg/downloads/tools/cmake-4.3.3-linux/cmake-4.3.3-linux-x86_64/share/cmake-4.3/Modules/Platform/Android-Clang-C.cmake:1 (include)
  /home/runner/workspace/thirdparty/vcpkg/downloads/tools/cmake-4.3.3-linux/cmake-4.3.3-linux-x86_64/share/cmake-4.3/Modules/CMakeCInformation.cmake:48 (include)
  /home/runner/workspace/thirdparty/vcpkg/buildtrees/curl/arm64-android-dbg/CMakeFiles/CMakeScratch/TryCompile-22sHpn/CMakeLists.txt:5 (project)


-- Looking for sys/poll.h - found
-- Looking for sys/resource.h
CMake Deprecation Warning at /home/runner/workspace/.ndk-tools/android-ndk-r27c/build/cmake/android.toolchain.cmake:35 (cmake_minimum_required):
  Compatibility with CMake < 3.10 will be removed from a future version of
  CMake.

  Update the VERSION argument <min> value.  Or, use the <min>...<max> syntax
  to tell CMake that the project requires at least <min> but has been updated
  to work with policies introduced by <max> or earlier.
Call Stack (most recent call first):
  /home/runner/workspace/thirdparty/vcpkg/scripts/toolchains/android.cmake:32 (include)
  /home/runner/workspace/thirdparty/vcpkg/scripts/buildsystems/vcpkg.cmake:210 (include)
  /home/runner/workspace/thirdparty/vcpkg/buildtrees/curl/arm64-android-dbg/CMakeFiles/4.3.3/CMakeSystem.cmake:6 (include)
  /home/runner/workspace/thirdparty/vcpkg/buildtrees/curl/arm64-android-dbg/CMakeFiles/CMakeScratch/TryCompile-bewJJ9/CMakeLists.txt:5 (project)


CMake Deprecation Warning at /home/runner/workspace/.ndk-tools/android-ndk-r27c/build/cmake/android-legacy.toolchain.cmake:35 (cmake_minimum_required):
  Compatibility with CMake < 3.10 will be removed from a future version of
  CMake.

  Update the VERSION argument <min> value.  Or, use the <min>...<max> syntax
  to tell CMake that the project requires at least <min> but has been updated
  to work with policies introduced by <max> or earlier.
Call Stack (most recent call first):
  /home/runner/workspace/.ndk-tools/android-ndk-r27c/build/cmake/android.toolchain.cmake:55 (include)
  /home/runner/workspace/thirdparty/vcpkg/scripts/toolchains/android.cmake:32 (include)
  /home/runner/workspace/thirdparty/vcpkg/scripts/buildsystems/vcpkg.cmake:210 (include)
  /home/runner/workspace/thirdparty/vcpkg/buildtrees/curl/arm64-android-dbg/CMakeFiles/4.3.3/CMakeSystem.cmake:6 (include)
  /home/runner/workspace/thirdparty/vcpkg/buildtrees/curl/arm64-android-dbg/CMakeFiles/CMakeScratch/TryCompile-bewJJ9/CMakeLists.txt:5 (project)


CMake Deprecation Warning at /home/runner/workspace/.ndk-tools/android-ndk-r27c/build/cmake/flags.cmake:18 (cmake_minimum_required):
  Compatibility with CMake < 3.10 will be removed from a future version of
  CMake.

  Update the VERSION argument <min> value.  Or, use the <min>...<max> syntax
  to tell CMake that the project requires at least <min> but has been updated
  to work with policies introduced by <max> or earlier.
Call Stack (most recent call first):
  /home/runner/workspace/thirdparty/vcpkg/downloads/tools/cmake-4.3.3-linux/cmake-4.3.3-linux-x86_64/share/cmake-4.3/Modules/Platform/Android-Clang.cmake:23 (include)
  /home/runner/workspace/thirdparty/vcpkg/downloads/tools/cmake-4.3.3-linux/cmake-4.3.3-linux-x86_64/share/cmake-4.3/Modules/Platform/Android-Clang-C.cmake:1 (include)
  /home/runner/workspace/thirdparty/vcpkg/downloads/tools/cmake-4.3.3-linux/cmake-4.3.3-linux-x86_64/share/cmake-4.3/Modules/CMakeCInformation.cmake:48 (include)
  /home/runner/workspace/thirdparty/vcpkg/buildtrees/curl/arm64-android-dbg/CMakeFiles/CMakeScratch/TryCompile-bewJJ9/CMakeLists.txt:5 (project)


-- Looking for sys/resource.h - found
-- Looking for include file sys/select.h
CMake Deprecation Warning at /home/runner/workspace/.ndk-tools/android-ndk-r27c/build/cmake/android.toolchain.cmake:35 (cmake_minimum_required):
  Compatibility with CMake < 3.10 will be removed from a future version of
  CMake.

  Update the VERSION argument <min> value.  Or, use the <min>...<max> syntax
  to tell CMake that the project requires at least <min> but has been updated
  to work with policies introduced by <max> or earlier.
Call Stack (most recent call first):
  /home/runner/workspace/thirdparty/vcpkg/scripts/toolchains/android.cmake:32 (include)
  /home/runner/workspace/thirdparty/vcpkg/scripts/buildsystems/vcpkg.cmake:210 (include)
  /home/runner/workspace/thirdparty/vcpkg/buildtrees/curl/arm64-android-dbg/CMakeFiles/4.3.3/CMakeSystem.cmake:6 (include)
  /home/runner/workspace/thirdparty/vcpkg/buildtrees/curl/arm64-android-dbg/CMakeFiles/CMakeScratch/TryCompile-UKG6ZF/CMakeLists.txt:5 (project)


CMake Deprecation Warning at /home/runner/workspace/.ndk-tools/android-ndk-r27c/build/cmake/android-legacy.toolchain.cmake:35 (cmake_minimum_required):
  Compatibility with CMake < 3.10 will be removed from a future version of
  CMake.

  Update the VERSION argument <min> value.  Or, use the <min>...<max> syntax
  to tell CMake that the project requires at least <min> but has been updated
  to work with policies introduced by <max> or earlier.
Call Stack (most recent call first):
  /home/runner/workspace/.ndk-tools/android-ndk-r27c/build/cmake/android.toolchain.cmake:55 (include)
  /home/runner/workspace/thirdparty/vcpkg/scripts/toolchains/android.cmake:32 (include)
  /home/runner/workspace/thirdparty/vcpkg/scripts/buildsystems/vcpkg.cmake:210 (include)
  /home/runner/workspace/thirdparty/vcpkg/buildtrees/curl/arm64-android-dbg/CMakeFiles/4.3.3/CMakeSystem.cmake:6 (include)
  /home/runner/workspace/thirdparty/vcpkg/buildtrees/curl/arm64-android-dbg/CMakeFiles/CMakeScratch/TryCompile-UKG6ZF/CMakeLists.txt:5 (project)


CMake Deprecation Warning at /home/runner/workspace/.ndk-tools/android-ndk-r27c/build/cmake/flags.cmake:18 (cmake_minimum_required):
  Compatibility with CMake < 3.10 will be removed from a future version of
  CMake.

  Update the VERSION argument <min> value.  Or, use the <min>...<max> syntax
  to tell CMake that the project requires at least <min> but has been updated
  to work with policies introduced by <max> or earlier.
Call Stack (most recent call first):
  /home/runner/workspace/thirdparty/vcpkg/downloads/tools/cmake-4.3.3-linux/cmake-4.3.3-linux-x86_64/share/cmake-4.3/Modules/Platform/Android-Clang.cmake:23 (include)
  /home/runner/workspace/thirdparty/vcpkg/downloads/tools/cmake-4.3.3-linux/cmake-4.3.3-linux-x86_64/share/cmake-4.3/Modules/Platform/Android-Clang-C.cmake:1 (include)
  /home/runner/workspace/thirdparty/vcpkg/downloads/tools/cmake-4.3.3-linux/cmake-4.3.3-linux-x86_64/share/cmake-4.3/Modules/CMakeCInformation.cmake:48 (include)
  /home/runner/workspace/thirdparty/vcpkg/buildtrees/curl/arm64-android-dbg/CMakeFiles/CMakeScratch/TryCompile-UKG6ZF/CMakeLists.txt:5 (project)


-- Looking for include file sys/select.h - found
-- Looking for include files sys/select.h, sys/socket.h
CMake Deprecation Warning at /home/runner/workspace/.ndk-tools/android-ndk-r27c/build/cmake/android.toolchain.cmake:35 (cmake_minimum_required):
  Compatibility with CMake < 3.10 will be removed from a future version of
  CMake.

  Update the VERSION argument <min> value.  Or, use the <min>...<max> syntax
  to tell CMake that the project requires at least <min> but has been updated
  to work with policies introduced by <max> or earlier.
Call Stack (most recent call first):
  /home/runner/workspace/thirdparty/vcpkg/scripts/toolchains/android.cmake:32 (include)
  /home/runner/workspace/thirdparty/vcpkg/scripts/buildsystems/vcpkg.cmake:210 (include)
  /home/runner/workspace/thirdparty/vcpkg/buildtrees/curl/arm64-android-dbg/CMakeFiles/4.3.3/CMakeSystem.cmake:6 (include)
  /home/runner/workspace/thirdparty/vcpkg/buildtrees/curl/arm64-android-dbg/CMakeFiles/CMakeScratch/TryCompile-wCWGlb/CMakeLists.txt:5 (project)


CMake Deprecation Warning at /home/runner/workspace/.ndk-tools/android-ndk-r27c/build/cmake/android-legacy.toolchain.cmake:35 (cmake_minimum_required):
  Compatibility with CMake < 3.10 will be removed from a future version of
  CMake.

  Update the VERSION argument <min> value.  Or, use the <min>...<max> syntax
  to tell CMake that the project requires at least <min> but has been updated
  to work with policies introduced by <max> or earlier.
Call Stack (most recent call first):
  /home/runner/workspace/.ndk-tools/android-ndk-r27c/build/cmake/android.toolchain.cmake:55 (include)
  /home/runner/workspace/thirdparty/vcpkg/scripts/toolchains/android.cmake:32 (include)
  /home/runner/workspace/thirdparty/vcpkg/scripts/buildsystems/vcpkg.cmake:210 (include)
  /home/runner/workspace/thirdparty/vcpkg/buildtrees/curl/arm64-android-dbg/CMakeFiles/4.3.3/CMakeSystem.cmake:6 (include)
  /home/runner/workspace/thirdparty/vcpkg/buildtrees/curl/arm64-android-dbg/CMakeFiles/CMakeScratch/TryCompile-wCWGlb/CMakeLists.txt:5 (project)


CMake Deprecation Warning at /home/runner/workspace/.ndk-tools/android-ndk-r27c/build/cmake/flags.cmake:18 (cmake_minimum_required):
  Compatibility with CMake < 3.10 will be removed from a future version of
  CMake.

  Update the VERSION argument <min> value.  Or, use the <min>...<max> syntax
  to tell CMake that the project requires at least <min> but has been updated
  to work with policies introduced by <max> or earlier.
Call Stack (most recent call first):
  /home/runner/workspace/thirdparty/vcpkg/downloads/tools/cmake-4.3.3-linux/cmake-4.3.3-linux-x86_64/share/cmake-4.3/Modules/Platform/Android-Clang.cmake:23 (include)
  /home/runner/workspace/thirdparty/vcpkg/downloads/tools/cmake-4.3.3-linux/cmake-4.3.3-linux-x86_64/share/cmake-4.3/Modules/Platform/Android-Clang-C.cmake:1 (include)
  /home/runner/workspace/thirdparty/vcpkg/downloads/tools/cmake-4.3.3-linux/cmake-4.3.3-linux-x86_64/share/cmake-4.3/Modules/CMakeCInformation.cmake:48 (include)
  /home/runner/workspace/thirdparty/vcpkg/buildtrees/curl/arm64-android-dbg/CMakeFiles/CMakeScratch/TryCompile-wCWGlb/CMakeLists.txt:5 (project)


-- Looking for include files sys/select.h, sys/socket.h - found
-- Looking for sys/sockio.h
CMake Deprecation Warning at /home/runner/workspace/.ndk-tools/android-ndk-r27c/build/cmake/android.toolchain.cmake:35 (cmake_minimum_required):
  Compatibility with CMake < 3.10 will be removed from a future version of
  CMake.

  Update the VERSION argument <min> value.  Or, use the <min>...<max> syntax
  to tell CMake that the project requires at least <min> but has been updated
  to work with policies introduced by <max> or earlier.
Call Stack (most recent call first):
  /home/runner/workspace/thirdparty/vcpkg/scripts/toolchains/android.cmake:32 (include)
  /home/runner/workspace/thirdparty/vcpkg/scripts/buildsystems/vcpkg.cmake:210 (include)
  /home/runner/workspace/thirdparty/vcpkg/buildtrees/curl/arm64-android-dbg/CMakeFiles/4.3.3/CMakeSystem.cmake:6 (include)
  /home/runner/workspace/thirdparty/vcpkg/buildtrees/curl/arm64-android-dbg/CMakeFiles/CMakeScratch/TryCompile-LTwQqJ/CMakeLists.txt:5 (project)


CMake Deprecation Warning at /home/runner/workspace/.ndk-tools/android-ndk-r27c/build/cmake/android-legacy.toolchain.cmake:35 (cmake_minimum_required):
  Compatibility with CMake < 3.10 will be removed from a future version of
  CMake.

  Update the VERSION argument <min> value.  Or, use the <min>...<max> syntax
  to tell CMake that the project requires at least <min> but has been updated
  to work with policies introduced by <max> or earlier.
Call Stack (most recent call first):
  /home/runner/workspace/.ndk-tools/android-ndk-r27c/build/cmake/android.toolchain.cmake:55 (include)
  /home/runner/workspace/thirdparty/vcpkg/scripts/toolchains/android.cmake:32 (include)
  /home/runner/workspace/thirdparty/vcpkg/scripts/buildsystems/vcpkg.cmake:210 (include)
  /home/runner/workspace/thirdparty/vcpkg/buildtrees/curl/arm64-android-dbg/CMakeFiles/4.3.3/CMakeSystem.cmake:6 (include)
  /home/runner/workspace/thirdparty/vcpkg/buildtrees/curl/arm64-android-dbg/CMakeFiles/CMakeScratch/TryCompile-LTwQqJ/CMakeLists.txt:5 (project)


CMake Deprecation Warning at /home/runner/workspace/.ndk-tools/android-ndk-r27c/build/cmake/flags.cmake:18 (cmake_minimum_required):
  Compatibility with CMake < 3.10 will be removed from a future version of
  CMake.

  Update the VERSION argument <min> value.  Or, use the <min>...<max> syntax
  to tell CMake that the project requires at least <min> but has been updated
  to work with policies introduced by <max> or earlier.
Call Stack (most recent call first):
  /home/runner/workspace/thirdparty/vcpkg/downloads/tools/cmake-4.3.3-linux/cmake-4.3.3-linux-x86_64/share/cmake-4.3/Modules/Platform/Android-Clang.cmake:23 (include)
  /home/runner/workspace/thirdparty/vcpkg/downloads/tools/cmake-4.3.3-linux/cmake-4.3.3-linux-x86_64/share/cmake-4.3/Modules/Platform/Android-Clang-C.cmake:1 (include)
  /home/runner/workspace/thirdparty/vcpkg/downloads/tools/cmake-4.3.3-linux/cmake-4.3.3-linux-x86_64/share/cmake-4.3/Modules/CMakeCInformation.cmake:48 (include)
  /home/runner/workspace/thirdparty/vcpkg/buildtrees/curl/arm64-android-dbg/CMakeFiles/CMakeScratch/TryCompile-LTwQqJ/CMakeLists.txt:5 (project)


-- Looking for sys/sockio.h - not found
-- Looking for sys/stat.h
CMake Deprecation Warning at /home/runner/workspace/.ndk-tools/android-ndk-r27c/build/cmake/android.toolchain.cmake:35 (cmake_minimum_required):
  Compatibility with CMake < 3.10 will be removed from a future version of
  CMake.

  Update the VERSION argument <min> value.  Or, use the <min>...<max> syntax
  to tell CMake that the project requires at least <min> but has been updated
  to work with policies introduced by <max> or earlier.
Call Stack (most recent call first):
  /home/runner/workspace/thirdparty/vcpkg/scripts/toolchains/android.cmake:32 (include)
  /home/runner/workspace/thirdparty/vcpkg/scripts/buildsystems/vcpkg.cmake:210 (include)
  /home/runner/workspace/thirdparty/vcpkg/buildtrees/curl/arm64-android-dbg/CMakeFiles/4.3.3/CMakeSystem.cmake:6 (include)
  /home/runner/workspace/thirdparty/vcpkg/buildtrees/curl/arm64-android-dbg/CMakeFiles/CMakeScratch/TryCompile-D8qBUB/CMakeLists.txt:5 (project)


CMake Deprecation Warning at /home/runner/workspace/.ndk-tools/android-ndk-r27c/build/cmake/android-legacy.toolchain.cmake:35 (cmake_minimum_required):
  Compatibility with CMake < 3.10 will be removed from a future version of
  CMake.

  Update the VERSION argument <min> value.  Or, use the <min>...<max> syntax
  to tell CMake that the project requires at least <min> but has been updated
  to work with policies introduced by <max> or earlier.
Call Stack (most recent call first):
  /home/runner/workspace/.ndk-tools/android-ndk-r27c/build/cmake/android.toolchain.cmake:55 (include)
  /home/runner/workspace/thirdparty/vcpkg/scripts/toolchains/android.cmake:32 (include)
  /home/runner/workspace/thirdparty/vcpkg/scripts/buildsystems/vcpkg.cmake:210 (include)
  /home/runner/workspace/thirdparty/vcpkg/buildtrees/curl/arm64-android-dbg/CMakeFiles/4.3.3/CMakeSystem.cmake:6 (include)
  /home/runner/workspace/thirdparty/vcpkg/buildtrees/curl/arm64-android-dbg/CMakeFiles/CMakeScratch/TryCompile-D8qBUB/CMakeLists.txt:5 (project)


CMake Deprecation Warning at /home/runner/workspace/.ndk-tools/android-ndk-r27c/build/cmake/flags.cmake:18 (cmake_minimum_required):
  Compatibility with CMake < 3.10 will be removed from a future version of
  CMake.

  Update the VERSION argument <min> value.  Or, use the <min>...<max> syntax
  to tell CMake that the project requires at least <min> but has been updated
  to work with policies introduced by <max> or earlier.
Call Stack (most recent call first):
  /home/runner/workspace/thirdparty/vcpkg/downloads/tools/cmake-4.3.3-linux/cmake-4.3.3-linux-x86_64/share/cmake-4.3/Modules/Platform/Android-Clang.cmake:23 (include)
  /home/runner/workspace/thirdparty/vcpkg/downloads/tools/cmake-4.3.3-linux/cmake-4.3.3-linux-x86_64/share/cmake-4.3/Modules/Platform/Android-Clang-C.cmake:1 (include)
  /home/runner/workspace/thirdparty/vcpkg/downloads/tools/cmake-4.3.3-linux/cmake-4.3.3-linux-x86_64/share/cmake-4.3/Modules/CMakeCInformation.cmake:48 (include)
  /home/runner/workspace/thirdparty/vcpkg/buildtrees/curl/arm64-android-dbg/CMakeFiles/CMakeScratch/TryCompile-D8qBUB/CMakeLists.txt:5 (project)


-- Looking for sys/stat.h - found
-- Looking for 3 include files sys/select.h, ..., sys/time.h
CMake Deprecation Warning at /home/runner/workspace/.ndk-tools/android-ndk-r27c/build/cmake/android.toolchain.cmake:35 (cmake_minimum_required):
  Compatibility with CMake < 3.10 will be removed from a future version of
  CMake.

  Update the VERSION argument <min> value.  Or, use the <min>...<max> syntax
  to tell CMake that the project requires at least <min> but has been updated
  to work with policies introduced by <max> or earlier.
Call Stack (most recent call first):
  /home/runner/workspace/thirdparty/vcpkg/scripts/toolchains/android.cmake:32 (include)
  /home/runner/workspace/thirdparty/vcpkg/scripts/buildsystems/vcpkg.cmake:210 (include)
  /home/runner/workspace/thirdparty/vcpkg/buildtrees/curl/arm64-android-dbg/CMakeFiles/4.3.3/CMakeSystem.cmake:6 (include)
  /home/runner/workspace/thirdparty/vcpkg/buildtrees/curl/arm64-android-dbg/CMakeFiles/CMakeScratch/TryCompile-R5SY2l/CMakeLists.txt:5 (project)


CMake Deprecation Warning at /home/runner/workspace/.ndk-tools/android-ndk-r27c/build/cmake/android-legacy.toolchain.cmake:35 (cmake_minimum_required):
  Compatibility with CMake < 3.10 will be removed from a future version of
  CMake.

  Update the VERSION argument <min> value.  Or, use the <min>...<max> syntax
  to tell CMake that the project requires at least <min> but has been updated
  to work with policies introduced by <max> or earlier.
Call Stack (most recent call first):
  /home/runner/workspace/.ndk-tools/android-ndk-r27c/build/cmake/android.toolchain.cmake:55 (include)
  /home/runner/workspace/thirdparty/vcpkg/scripts/toolchains/android.cmake:32 (include)
  /home/runner/workspace/thirdparty/vcpkg/scripts/buildsystems/vcpkg.cmake:210 (include)
  /home/runner/workspace/thirdparty/vcpkg/buildtrees/curl/arm64-android-dbg/CMakeFiles/4.3.3/CMakeSystem.cmake:6 (include)
  /home/runner/workspace/thirdparty/vcpkg/buildtrees/curl/arm64-android-dbg/CMakeFiles/CMakeScratch/TryCompile-R5SY2l/CMakeLists.txt:5 (project)


CMake Deprecation Warning at /home/runner/workspace/.ndk-tools/android-ndk-r27c/build/cmake/flags.cmake:18 (cmake_minimum_required):
  Compatibility with CMake < 3.10 will be removed from a future version of
  CMake.

  Update the VERSION argument <min> value.  Or, use the <min>...<max> syntax
  to tell CMake that the project requires at least <min> but has been updated
  to work with policies introduced by <max> or earlier.
Call Stack (most recent call first):
  /home/runner/workspace/thirdparty/vcpkg/downloads/tools/cmake-4.3.3-linux/cmake-4.3.3-linux-x86_64/share/cmake-4.3/Modules/Platform/Android-Clang.cmake:23 (include)
  /home/runner/workspace/thirdparty/vcpkg/downloads/tools/cmake-4.3.3-linux/cmake-4.3.3-linux-x86_64/share/cmake-4.3/Modules/Platform/Android-Clang-C.cmake:1 (include)
  /home/runner/workspace/thirdparty/vcpkg/downloads/tools/cmake-4.3.3-linux/cmake-4.3.3-linux-x86_64/share/cmake-4.3/Modules/CMakeCInformation.cmake:48 (include)
  /home/runner/workspace/thirdparty/vcpkg/buildtrees/curl/arm64-android-dbg/CMakeFiles/CMakeScratch/TryCompile-R5SY2l/CMakeLists.txt:5 (project)


-- Looking for 3 include files sys/select.h, ..., sys/time.h - found
-- Looking for 4 include files sys/select.h, ..., sys/types.h
CMake Deprecation Warning at /home/runner/workspace/.ndk-tools/android-ndk-r27c/build/cmake/android.toolchain.cmake:35 (cmake_minimum_required):
  Compatibility with CMake < 3.10 will be removed from a future version of
  CMake.

  Update the VERSION argument <min> value.  Or, use the <min>...<max> syntax
  to tell CMake that the project requires at least <min> but has been updated
  to work with policies introduced by <max> or earlier.
Call Stack (most recent call first):
  /home/runner/workspace/thirdparty/vcpkg/scripts/toolchains/android.cmake:32 (include)
  /home/runner/workspace/thirdparty/vcpkg/scripts/buildsystems/vcpkg.cmake:210 (include)
  /home/runner/workspace/thirdparty/vcpkg/buildtrees/curl/arm64-android-dbg/CMakeFiles/4.3.3/CMakeSystem.cmake:6 (include)
  /home/runner/workspace/thirdparty/vcpkg/buildtrees/curl/arm64-android-dbg/CMakeFiles/CMakeScratch/TryCompile-i6uhnF/CMakeLists.txt:5 (project)


CMake Deprecation Warning at /home/runner/workspace/.ndk-tools/android-ndk-r27c/build/cmake/android-legacy.toolchain.cmake:35 (cmake_minimum_required):
  Compatibility with CMake < 3.10 will be removed from a future version of
  CMake.

  Update the VERSION argument <min> value.  Or, use the <min>...<max> syntax
  to tell CMake that the project requires at least <min> but has been updated
  to work with policies introduced by <max> or earlier.
Call Stack (most recent call first):
  /home/runner/workspace/.ndk-tools/android-ndk-r27c/build/cmake/android.toolchain.cmake:55 (include)
  /home/runner/workspace/thirdparty/vcpkg/scripts/toolchains/android.cmake:32 (include)
  /home/runner/workspace/thirdparty/vcpkg/scripts/buildsystems/vcpkg.cmake:210 (include)
  /home/runner/workspace/thirdparty/vcpkg/buildtrees/curl/arm64-android-dbg/CMakeFiles/4.3.3/CMakeSystem.cmake:6 (include)
  /home/runner/workspace/thirdparty/vcpkg/buildtrees/curl/arm64-android-dbg/CMakeFiles/CMakeScratch/TryCompile-i6uhnF/CMakeLists.txt:5 (project)


CMake Deprecation Warning at /home/runner/workspace/.ndk-tools/android-ndk-r27c/build/cmake/flags.cmake:18 (cmake_minimum_required):
  Compatibility with CMake < 3.10 will be removed from a future version of
  CMake.

  Update the VERSION argument <min> value.  Or, use the <min>...<max> syntax
  to tell CMake that the project requires at least <min> but has been updated
  to work with policies introduced by <max> or earlier.
Call Stack (most recent call first):
  /home/runner/workspace/thirdparty/vcpkg/downloads/tools/cmake-4.3.3-linux/cmake-4.3.3-linux-x86_64/share/cmake-4.3/Modules/Platform/Android-Clang.cmake:23 (include)
  /home/runner/workspace/thirdparty/vcpkg/downloads/tools/cmake-4.3.3-linux/cmake-4.3.3-linux-x86_64/share/cmake-4.3/Modules/Platform/Android-Clang-C.cmake:1 (include)
  /home/runner/workspace/thirdparty/vcpkg/downloads/tools/cmake-4.3.3-linux/cmake-4.3.3-linux-x86_64/share/cmake-4.3/Modules/CMakeCInformation.cmake:48 (include)
  /home/runner/workspace/thirdparty/vcpkg/buildtrees/curl/arm64-android-dbg/CMakeFiles/CMakeScratch/TryCompile-i6uhnF/CMakeLists.txt:5 (project)


-- Looking for 4 include files sys/select.h, ..., sys/types.h - found
-- Looking for sys/un.h
CMake Deprecation Warning at /home/runner/workspace/.ndk-tools/android-ndk-r27c/build/cmake/android.toolchain.cmake:35 (cmake_minimum_required):
  Compatibility with CMake < 3.10 will be removed from a future version of
  CMake.

  Update the VERSION argument <min> value.  Or, use the <min>...<max> syntax
  to tell CMake that the project requires at least <min> but has been updated
  to work with policies introduced by <max> or earlier.
Call Stack (most recent call first):
  /home/runner/workspace/thirdparty/vcpkg/scripts/toolchains/android.cmake:32 (include)
  /home/runner/workspace/thirdparty/vcpkg/scripts/buildsystems/vcpkg.cmake:210 (include)
  /home/runner/workspace/thirdparty/vcpkg/buildtrees/curl/arm64-android-dbg/CMakeFiles/4.3.3/CMakeSystem.cmake:6 (include)
  /home/runner/workspace/thirdparty/vcpkg/buildtrees/curl/arm64-android-dbg/CMakeFiles/CMakeScratch/TryCompile-8opsMw/CMakeLists.txt:5 (project)


CMake Deprecation Warning at /home/runner/workspace/.ndk-tools/android-ndk-r27c/build/cmake/android-legacy.toolchain.cmake:35 (cmake_minimum_required):
  Compatibility with CMake < 3.10 will be removed from a future version of
  CMake.

  Update the VERSION argument <min> value.  Or, use the <min>...<max> syntax
  to tell CMake that the project requires at least <min> but has been updated
  to work with policies introduced by <max> or earlier.
Call Stack (most recent call first):
  /home/runner/workspace/.ndk-tools/android-ndk-r27c/build/cmake/android.toolchain.cmake:55 (include)
  /home/runner/workspace/thirdparty/vcpkg/scripts/toolchains/android.cmake:32 (include)
  /home/runner/workspace/thirdparty/vcpkg/scripts/buildsystems/vcpkg.cmake:210 (include)
  /home/runner/workspace/thirdparty/vcpkg/buildtrees/curl/arm64-android-dbg/CMakeFiles/4.3.3/CMakeSystem.cmake:6 (include)
  /home/runner/workspace/thirdparty/vcpkg/buildtrees/curl/arm64-android-dbg/CMakeFiles/CMakeScratch/TryCompile-8opsMw/CMakeLists.txt:5 (project)


CMake Deprecation Warning at /home/runner/workspace/.ndk-tools/android-ndk-r27c/build/cmake/flags.cmake:18 (cmake_minimum_required):
  Compatibility with CMake < 3.10 will be removed from a future version of
  CMake.

  Update the VERSION argument <min> value.  Or, use the <min>...<max> syntax
  to tell CMake that the project requires at least <min> but has been updated
  to work with policies introduced by <max> or earlier.
Call Stack (most recent call first):
  /home/runner/workspace/thirdparty/vcpkg/downloads/tools/cmake-4.3.3-linux/cmake-4.3.3-linux-x86_64/share/cmake-4.3/Modules/Platform/Android-Clang.cmake:23 (include)
  /home/runner/workspace/thirdparty/vcpkg/downloads/tools/cmake-4.3.3-linux/cmake-4.3.3-linux-x86_64/share/cmake-4.3/Modules/Platform/Android-Clang-C.cmake:1 (include)
  /home/runner/workspace/thirdparty/vcpkg/downloads/tools/cmake-4.3.3-linux/cmake-4.3.3-linux-x86_64/share/cmake-4.3/Modules/CMakeCInformation.cmake:48 (include)
  /home/runner/workspace/thirdparty/vcpkg/buildtrees/curl/arm64-android-dbg/CMakeFiles/CMakeScratch/TryCompile-8opsMw/CMakeLists.txt:5 (project)


-- Looking for sys/un.h - found
-- Looking for sys/utime.h
CMake Deprecation Warning at /home/runner/workspace/.ndk-tools/android-ndk-r27c/build/cmake/android.toolchain.cmake:35 (cmake_minimum_required):
  Compatibility with CMake < 3.10 will be removed from a future version of
  CMake.

  Update the VERSION argument <min> value.  Or, use the <min>...<max> syntax
  to tell CMake that the project requires at least <min> but has been updated
  to work with policies introduced by <max> or earlier.
Call Stack (most recent call first):
  /home/runner/workspace/thirdparty/vcpkg/scripts/toolchains/android.cmake:32 (include)
  /home/runner/workspace/thirdparty/vcpkg/scripts/buildsystems/vcpkg.cmake:210 (include)
  /home/runner/workspace/thirdparty/vcpkg/buildtrees/curl/arm64-android-dbg/CMakeFiles/4.3.3/CMakeSystem.cmake:6 (include)
  /home/runner/workspace/thirdparty/vcpkg/buildtrees/curl/arm64-android-dbg/CMakeFiles/CMakeScratch/TryCompile-7rUe4E/CMakeLists.txt:5 (project)


CMake Deprecation Warning at /home/runner/workspace/.ndk-tools/android-ndk-r27c/build/cmake/android-legacy.toolchain.cmake:35 (cmake_minimum_required):
  Compatibility with CMake < 3.10 will be removed from a future version of
  CMake.

  Update the VERSION argument <min> value.  Or, use the <min>...<max> syntax
  to tell CMake that the project requires at least <min> but has been updated
  to work with policies introduced by <max> or earlier.
Call Stack (most recent call first):
  /home/runner/workspace/.ndk-tools/android-ndk-r27c/build/cmake/android.toolchain.cmake:55 (include)
  /home/runner/workspace/thirdparty/vcpkg/scripts/toolchains/android.cmake:32 (include)
  /home/runner/workspace/thirdparty/vcpkg/scripts/buildsystems/vcpkg.cmake:210 (include)
  /home/runner/workspace/thirdparty/vcpkg/buildtrees/curl/arm64-android-dbg/CMakeFiles/4.3.3/CMakeSystem.cmake:6 (include)
  /home/runner/workspace/thirdparty/vcpkg/buildtrees/curl/arm64-android-dbg/CMakeFiles/CMakeScratch/TryCompile-7rUe4E/CMakeLists.txt:5 (project)


CMake Deprecation Warning at /home/runner/workspace/.ndk-tools/android-ndk-r27c/build/cmake/flags.cmake:18 (cmake_minimum_required):
  Compatibility with CMake < 3.10 will be removed from a future version of
  CMake.

  Update the VERSION argument <min> value.  Or, use the <min>...<max> syntax
  to tell CMake that the project requires at least <min> but has been updated
  to work with policies introduced by <max> or earlier.
Call Stack (most recent call first):
  /home/runner/workspace/thirdparty/vcpkg/downloads/tools/cmake-4.3.3-linux/cmake-4.3.3-linux-x86_64/share/cmake-4.3/Modules/Platform/Android-Clang.cmake:23 (include)
  /home/runner/workspace/thirdparty/vcpkg/downloads/tools/cmake-4.3.3-linux/cmake-4.3.3-linux-x86_64/share/cmake-4.3/Modules/Platform/Android-Clang-C.cmake:1 (include)
  /home/runner/workspace/thirdparty/vcpkg/downloads/tools/cmake-4.3.3-linux/cmake-4.3.3-linux-x86_64/share/cmake-4.3/Modules/CMakeCInformation.cmake:48 (include)
  /home/runner/workspace/thirdparty/vcpkg/buildtrees/curl/arm64-android-dbg/CMakeFiles/CMakeScratch/TryCompile-7rUe4E/CMakeLists.txt:5 (project)


-- Looking for sys/utime.h - not found
-- Looking for sys/xattr.h
CMake Deprecation Warning at /home/runner/workspace/.ndk-tools/android-ndk-r27c/build/cmake/android.toolchain.cmake:35 (cmake_minimum_required):
  Compatibility with CMake < 3.10 will be removed from a future version of
  CMake.

  Update the VERSION argument <min> value.  Or, use the <min>...<max> syntax
  to tell CMake that the project requires at least <min> but has been updated
  to work with policies introduced by <max> or earlier.
Call Stack (most recent call first):
  /home/runner/workspace/thirdparty/vcpkg/scripts/toolchains/android.cmake:32 (include)
  /home/runner/workspace/thirdparty/vcpkg/scripts/buildsystems/vcpkg.cmake:210 (include)
  /home/runner/workspace/thirdparty/vcpkg/buildtrees/curl/arm64-android-dbg/CMakeFiles/4.3.3/CMakeSystem.cmake:6 (include)
  /home/runner/workspace/thirdparty/vcpkg/buildtrees/curl/arm64-android-dbg/CMakeFiles/CMakeScratch/TryCompile-vaV3yX/CMakeLists.txt:5 (project)


CMake Deprecation Warning at /home/runner/workspace/.ndk-tools/android-ndk-r27c/build/cmake/android-legacy.toolchain.cmake:35 (cmake_minimum_required):
  Compatibility with CMake < 3.10 will be removed from a future version of
  CMake.

  Update the VERSION argument <min> value.  Or, use the <min>...<max> syntax
  to tell CMake that the project requires at least <min> but has been updated
  to work with policies introduced by <max> or earlier.
Call Stack (most recent call first):
  /home/runner/workspace/.ndk-tools/android-ndk-r27c/build/cmake/android.toolchain.cmake:55 (include)
  /home/runner/workspace/thirdparty/vcpkg/scripts/toolchains/android.cmake:32 (include)
  /home/runner/workspace/thirdparty/vcpkg/scripts/buildsystems/vcpkg.cmake:210 (include)
  /home/runner/workspace/thirdparty/vcpkg/buildtrees/curl/arm64-android-dbg/CMakeFiles/4.3.3/CMakeSystem.cmake:6 (include)
  /home/runner/workspace/thirdparty/vcpkg/buildtrees/curl/arm64-android-dbg/CMakeFiles/CMakeScratch/TryCompile-vaV3yX/CMakeLists.txt:5 (project)


CMake Deprecation Warning at /home/runner/workspace/.ndk-tools/android-ndk-r27c/build/cmake/flags.cmake:18 (cmake_minimum_required):
  Compatibility with CMake < 3.10 will be removed from a future version of
  CMake.

  Update the VERSION argument <min> value.  Or, use the <min>...<max> syntax
  to tell CMake that the project requires at least <min> but has been updated
  to work with policies introduced by <max> or earlier.
Call Stack (most recent call first):
  /home/runner/workspace/thirdparty/vcpkg/downloads/tools/cmake-4.3.3-linux/cmake-4.3.3-linux-x86_64/share/cmake-4.3/Modules/Platform/Android-Clang.cmake:23 (include)
  /home/runner/workspace/thirdparty/vcpkg/downloads/tools/cmake-4.3.3-linux/cmake-4.3.3-linux-x86_64/share/cmake-4.3/Modules/Platform/Android-Clang-C.cmake:1 (include)
  /home/runner/workspace/thirdparty/vcpkg/downloads/tools/cmake-4.3.3-linux/cmake-4.3.3-linux-x86_64/share/cmake-4.3/Modules/CMakeCInformation.cmake:48 (include)
  /home/runner/workspace/thirdparty/vcpkg/buildtrees/curl/arm64-android-dbg/CMakeFiles/CMakeScratch/TryCompile-vaV3yX/CMakeLists.txt:5 (project)


-- Looking for sys/xattr.h - found
-- Looking for 5 include files sys/select.h, ..., arpa/inet.h
CMake Deprecation Warning at /home/runner/workspace/.ndk-tools/android-ndk-r27c/build/cmake/android.toolchain.cmake:35 (cmake_minimum_required):
  Compatibility with CMake < 3.10 will be removed from a future version of
  CMake.

  Update the VERSION argument <min> value.  Or, use the <min>...<max> syntax
  to tell CMake that the project requires at least <min> but has been updated
  to work with policies introduced by <max> or earlier.
Call Stack (most recent call first):
  /home/runner/workspace/thirdparty/vcpkg/scripts/toolchains/android.cmake:32 (include)
  /home/runner/workspace/thirdparty/vcpkg/scripts/buildsystems/vcpkg.cmake:210 (include)
  /home/runner/workspace/thirdparty/vcpkg/buildtrees/curl/arm64-android-dbg/CMakeFiles/4.3.3/CMakeSystem.cmake:6 (include)
  /home/runner/workspace/thirdparty/vcpkg/buildtrees/curl/arm64-android-dbg/CMakeFiles/CMakeScratch/TryCompile-H0jiQP/CMakeLists.txt:5 (project)


CMake Deprecation Warning at /home/runner/workspace/.ndk-tools/android-ndk-r27c/build/cmake/android-legacy.toolchain.cmake:35 (cmake_minimum_required):
  Compatibility with CMake < 3.10 will be removed from a future version of
  CMake.

  Update the VERSION argument <min> value.  Or, use the <min>...<max> syntax
  to tell CMake that the project requires at least <min> but has been updated
  to work with policies introduced by <max> or earlier.
Call Stack (most recent call first):
  /home/runner/workspace/.ndk-tools/android-ndk-r27c/build/cmake/android.toolchain.cmake:55 (include)
  /home/runner/workspace/thirdparty/vcpkg/scripts/toolchains/android.cmake:32 (include)
  /home/runner/workspace/thirdparty/vcpkg/scripts/buildsystems/vcpkg.cmake:210 (include)
  /home/runner/workspace/thirdparty/vcpkg/buildtrees/curl/arm64-android-dbg/CMakeFiles/4.3.3/CMakeSystem.cmake:6 (include)
  /home/runner/workspace/thirdparty/vcpkg/buildtrees/curl/arm64-android-dbg/CMakeFiles/CMakeScratch/TryCompile-H0jiQP/CMakeLists.txt:5 (project)


CMake Deprecation Warning at /home/runner/workspace/.ndk-tools/android-ndk-r27c/build/cmake/flags.cmake:18 (cmake_minimum_required):
  Compatibility with CMake < 3.10 will be removed from a future version of
  CMake.

  Update the VERSION argument <min> value.  Or, use the <min>...<max> syntax
  to tell CMake that the project requires at least <min> but has been updated
  to work with policies introduced by <max> or earlier.
Call Stack (most recent call first):
  /home/runner/workspace/thirdparty/vcpkg/downloads/tools/cmake-4.3.3-linux/cmake-4.3.3-linux-x86_64/share/cmake-4.3/Modules/Platform/Android-Clang.cmake:23 (include)
  /home/runner/workspace/thirdparty/vcpkg/downloads/tools/cmake-4.3.3-linux/cmake-4.3.3-linux-x86_64/share/cmake-4.3/Modules/Platform/Android-Clang-C.cmake:1 (include)
  /home/runner/workspace/thirdparty/vcpkg/downloads/tools/cmake-4.3.3-linux/cmake-4.3.3-linux-x86_64/share/cmake-4.3/Modules/CMakeCInformation.cmake:48 (include)
  /home/runner/workspace/thirdparty/vcpkg/buildtrees/curl/arm64-android-dbg/CMakeFiles/CMakeScratch/TryCompile-H0jiQP/CMakeLists.txt:5 (project)


-- Looking for 5 include files sys/select.h, ..., arpa/inet.h - found
-- Looking for dirent.h
CMake Deprecation Warning at /home/runner/workspace/.ndk-tools/android-ndk-r27c/build/cmake/android.toolchain.cmake:35 (cmake_minimum_required):
  Compatibility with CMake < 3.10 will be removed from a future version of
  CMake.

  Update the VERSION argument <min> value.  Or, use the <min>...<max> syntax
  to tell CMake that the project requires at least <min> but has been updated
  to work with policies introduced by <max> or earlier.
Call Stack (most recent call first):
  /home/runner/workspace/thirdparty/vcpkg/scripts/toolchains/android.cmake:32 (include)
  /home/runner/workspace/thirdparty/vcpkg/scripts/buildsystems/vcpkg.cmake:210 (include)
  /home/runner/workspace/thirdparty/vcpkg/buildtrees/curl/arm64-android-dbg/CMakeFiles/4.3.3/CMakeSystem.cmake:6 (include)
  /home/runner/workspace/thirdparty/vcpkg/buildtrees/curl/arm64-android-dbg/CMakeFiles/CMakeScratch/TryCompile-93SdoT/CMakeLists.txt:5 (project)


CMake Deprecation Warning at /home/runner/workspace/.ndk-tools/android-ndk-r27c/build/cmake/android-legacy.toolchain.cmake:35 (cmake_minimum_required):
  Compatibility with CMake < 3.10 will be removed from a future version of
  CMake.

  Update the VERSION argument <min> value.  Or, use the <min>...<max> syntax
  to tell CMake that the project requires at least <min> but has been updated
  to work with policies introduced by <max> or earlier.
Call Stack (most recent call first):
  /home/runner/workspace/.ndk-tools/android-ndk-r27c/build/cmake/android.toolchain.cmake:55 (include)
  /home/runner/workspace/thirdparty/vcpkg/scripts/toolchains/android.cmake:32 (include)
  /home/runner/workspace/thirdparty/vcpkg/scripts/buildsystems/vcpkg.cmake:210 (include)
  /home/runner/workspace/thirdparty/vcpkg/buildtrees/curl/arm64-android-dbg/CMakeFiles/4.3.3/CMakeSystem.cmake:6 (include)
  /home/runner/workspace/thirdparty/vcpkg/buildtrees/curl/arm64-android-dbg/CMakeFiles/CMakeScratch/TryCompile-93SdoT/CMakeLists.txt:5 (project)


CMake Deprecation Warning at /home/runner/workspace/.ndk-tools/android-ndk-r27c/build/cmake/flags.cmake:18 (cmake_minimum_required):
  Compatibility with CMake < 3.10 will be removed from a future version of
  CMake.

  Update the VERSION argument <min> value.  Or, use the <min>...<max> syntax
  to tell CMake that the project requires at least <min> but has been updated
  to work with policies introduced by <max> or earlier.
Call Stack (most recent call first):
  /home/runner/workspace/thirdparty/vcpkg/downloads/tools/cmake-4.3.3-linux/cmake-4.3.3-linux-x86_64/share/cmake-4.3/Modules/Platform/Android-Clang.cmake:23 (include)
  /home/runner/workspace/thirdparty/vcpkg/downloads/tools/cmake-4.3.3-linux/cmake-4.3.3-linux-x86_64/share/cmake-4.3/Modules/Platform/Android-Clang-C.cmake:1 (include)
  /home/runner/workspace/thirdparty/vcpkg/downloads/tools/cmake-4.3.3-linux/cmake-4.3.3-linux-x86_64/share/cmake-4.3/Modules/CMakeCInformation.cmake:48 (include)
  /home/runner/workspace/thirdparty/vcpkg/buildtrees/curl/arm64-android-dbg/CMakeFiles/CMakeScratch/TryCompile-93SdoT/CMakeLists.txt:5 (project)


-- Looking for dirent.h - found
-- Looking for fcntl.h
CMake Deprecation Warning at /home/runner/workspace/.ndk-tools/android-ndk-r27c/build/cmake/android.toolchain.cmake:35 (cmake_minimum_required):
  Compatibility with CMake < 3.10 will be removed from a future version of
  CMake.

  Update the VERSION argument <min> value.  Or, use the <min>...<max> syntax
  to tell CMake that the project requires at least <min> but has been updated
  to work with policies introduced by <max> or earlier.
Call Stack (most recent call first):
  /home/runner/workspace/thirdparty/vcpkg/scripts/toolchains/android.cmake:32 (include)
  /home/runner/workspace/thirdparty/vcpkg/scripts/buildsystems/vcpkg.cmake:210 (include)
  /home/runner/workspace/thirdparty/vcpkg/buildtrees/curl/arm64-android-dbg/CMakeFiles/4.3.3/CMakeSystem.cmake:6 (include)
  /home/runner/workspace/thirdparty/vcpkg/buildtrees/curl/arm64-android-dbg/CMakeFiles/CMakeScratch/TryCompile-IbT6Ie/CMakeLists.txt:5 (project)


CMake Deprecation Warning at /home/runner/workspace/.ndk-tools/android-ndk-r27c/build/cmake/android-legacy.toolchain.cmake:35 (cmake_minimum_required):
  Compatibility with CMake < 3.10 will be removed from a future version of
  CMake.

  Update the VERSION argument <min> value.  Or, use the <min>...<max> syntax
  to tell CMake that the project requires at least <min> but has been updated
  to work with policies introduced by <max> or earlier.
Call Stack (most recent call first):
  /home/runner/workspace/.ndk-tools/android-ndk-r27c/build/cmake/android.toolchain.cmake:55 (include)
  /home/runner/workspace/thirdparty/vcpkg/scripts/toolchains/android.cmake:32 (include)
  /home/runner/workspace/thirdparty/vcpkg/scripts/buildsystems/vcpkg.cmake:210 (include)
  /home/runner/workspace/thirdparty/vcpkg/buildtrees/curl/arm64-android-dbg/CMakeFiles/4.3.3/CMakeSystem.cmake:6 (include)
  /home/runner/workspace/thirdparty/vcpkg/buildtrees/curl/arm64-android-dbg/CMakeFiles/CMakeScratch/TryCompile-IbT6Ie/CMakeLists.txt:5 (project)


CMake Deprecation Warning at /home/runner/workspace/.ndk-tools/android-ndk-r27c/build/cmake/flags.cmake:18 (cmake_minimum_required):
  Compatibility with CMake < 3.10 will be removed from a future version of
  CMake.

  Update the VERSION argument <min> value.  Or, use the <min>...<max> syntax
  to tell CMake that the project requires at least <min> but has been updated
  to work with policies introduced by <max> or earlier.
Call Stack (most recent call first):
  /home/runner/workspace/thirdparty/vcpkg/downloads/tools/cmake-4.3.3-linux/cmake-4.3.3-linux-x86_64/share/cmake-4.3/Modules/Platform/Android-Clang.cmake:23 (include)
  /home/runner/workspace/thirdparty/vcpkg/downloads/tools/cmake-4.3.3-linux/cmake-4.3.3-linux-x86_64/share/cmake-4.3/Modules/Platform/Android-Clang-C.cmake:1 (include)
  /home/runner/workspace/thirdparty/vcpkg/downloads/tools/cmake-4.3.3-linux/cmake-4.3.3-linux-x86_64/share/cmake-4.3/Modules/CMakeCInformation.cmake:48 (include)
  /home/runner/workspace/thirdparty/vcpkg/buildtrees/curl/arm64-android-dbg/CMakeFiles/CMakeScratch/TryCompile-IbT6Ie/CMakeLists.txt:5 (project)


-- Looking for fcntl.h - found
-- Looking for 6 include files sys/select.h, ..., ifaddrs.h
CMake Deprecation Warning at /home/runner/workspace/.ndk-tools/android-ndk-r27c/build/cmake/android.toolchain.cmake:35 (cmake_minimum_required):
  Compatibility with CMake < 3.10 will be removed from a future version of
  CMake.

  Update the VERSION argument <min> value.  Or, use the <min>...<max> syntax
  to tell CMake that the project requires at least <min> but has been updated
  to work with policies introduced by <max> or earlier.
Call Stack (most recent call first):
  /home/runner/workspace/thirdparty/vcpkg/scripts/toolchains/android.cmake:32 (include)
  /home/runner/workspace/thirdparty/vcpkg/scripts/buildsystems/vcpkg.cmake:210 (include)
  /home/runner/workspace/thirdparty/vcpkg/buildtrees/curl/arm64-android-dbg/CMakeFiles/4.3.3/CMakeSystem.cmake:6 (include)
  /home/runner/workspace/thirdparty/vcpkg/buildtrees/curl/arm64-android-dbg/CMakeFiles/CMakeScratch/TryCompile-vWb2rC/CMakeLists.txt:5 (project)


CMake Deprecation Warning at /home/runner/workspace/.ndk-tools/android-ndk-r27c/build/cmake/android-legacy.toolchain.cmake:35 (cmake_minimum_required):
  Compatibility with CMake < 3.10 will be removed from a future version of
  CMake.

  Update the VERSION argument <min> value.  Or, use the <min>...<max> syntax
  to tell CMake that the project requires at least <min> but has been updated
  to work with policies introduced by <max> or earlier.
Call Stack (most recent call first):
  /home/runner/workspace/.ndk-tools/android-ndk-r27c/build/cmake/android.toolchain.cmake:55 (include)
  /home/runner/workspace/thirdparty/vcpkg/scripts/toolchains/android.cmake:32 (include)
  /home/runner/workspace/thirdparty/vcpkg/scripts/buildsystems/vcpkg.cmake:210 (include)
  /home/runner/workspace/thirdparty/vcpkg/buildtrees/curl/arm64-android-dbg/CMakeFiles/4.3.3/CMakeSystem.cmake:6 (include)
  /home/runner/workspace/thirdparty/vcpkg/buildtrees/curl/arm64-android-dbg/CMakeFiles/CMakeScratch/TryCompile-vWb2rC/CMakeLists.txt:5 (project)


CMake Deprecation Warning at /home/runner/workspace/.ndk-tools/android-ndk-r27c/build/cmake/flags.cmake:18 (cmake_minimum_required):
  Compatibility with CMake < 3.10 will be removed from a future version of
  CMake.

  Update the VERSION argument <min> value.  Or, use the <min>...<max> syntax
  to tell CMake that the project requires at least <min> but has been updated
  to work with policies introduced by <max> or earlier.
Call Stack (most recent call first):
  /home/runner/workspace/thirdparty/vcpkg/downloads/tools/cmake-4.3.3-linux/cmake-4.3.3-linux-x86_64/share/cmake-4.3/Modules/Platform/Android-Clang.cmake:23 (include)
  /home/runner/workspace/thirdparty/vcpkg/downloads/tools/cmake-4.3.3-linux/cmake-4.3.3-linux-x86_64/share/cmake-4.3/Modules/Platform/Android-Clang-C.cmake:1 (include)
  /home/runner/workspace/thirdparty/vcpkg/downloads/tools/cmake-4.3.3-linux/cmake-4.3.3-linux-x86_64/share/cmake-4.3/Modules/CMakeCInformation.cmake:48 (include)
  /home/runner/workspace/thirdparty/vcpkg/buildtrees/curl/arm64-android-dbg/CMakeFiles/CMakeScratch/TryCompile-vWb2rC/CMakeLists.txt:5 (project)


-- Looking for 6 include files sys/select.h, ..., ifaddrs.h - found
-- Looking for io.h
CMake Deprecation Warning at /home/runner/workspace/.ndk-tools/android-ndk-r27c/build/cmake/android.toolchain.cmake:35 (cmake_minimum_required):
  Compatibility with CMake < 3.10 will be removed from a future version of
  CMake.

  Update the VERSION argument <min> value.  Or, use the <min>...<max> syntax
  to tell CMake that the project requires at least <min> but has been updated
  to work with policies introduced by <max> or earlier.
Call Stack (most recent call first):
  /home/runner/workspace/thirdparty/vcpkg/scripts/toolchains/android.cmake:32 (include)
  /home/runner/workspace/thirdparty/vcpkg/scripts/buildsystems/vcpkg.cmake:210 (include)
  /home/runner/workspace/thirdparty/vcpkg/buildtrees/curl/arm64-android-dbg/CMakeFiles/4.3.3/CMakeSystem.cmake:6 (include)
  /home/runner/workspace/thirdparty/vcpkg/buildtrees/curl/arm64-android-dbg/CMakeFiles/CMakeScratch/TryCompile-58ucYi/CMakeLists.txt:5 (project)


CMake Deprecation Warning at /home/runner/workspace/.ndk-tools/android-ndk-r27c/build/cmake/android-legacy.toolchain.cmake:35 (cmake_minimum_required):
  Compatibility with CMake < 3.10 will be removed from a future version of
  CMake.

  Update the VERSION argument <min> value.  Or, use the <min>...<max> syntax
  to tell CMake that the project requires at least <min> but has been updated
  to work with policies introduced by <max> or earlier.
Call Stack (most recent call first):
  /home/runner/workspace/.ndk-tools/android-ndk-r27c/build/cmake/android.toolchain.cmake:55 (include)
  /home/runner/workspace/thirdparty/vcpkg/scripts/toolchains/android.cmake:32 (include)
  /home/runner/workspace/thirdparty/vcpkg/scripts/buildsystems/vcpkg.cmake:210 (include)
  /home/runner/workspace/thirdparty/vcpkg/buildtrees/curl/arm64-android-dbg/CMakeFiles/4.3.3/CMakeSystem.cmake:6 (include)
  /home/runner/workspace/thirdparty/vcpkg/buildtrees/curl/arm64-android-dbg/CMakeFiles/CMakeScratch/TryCompile-58ucYi/CMakeLists.txt:5 (project)


CMake Deprecation Warning at /home/runner/workspace/.ndk-tools/android-ndk-r27c/build/cmake/flags.cmake:18 (cmake_minimum_required):
  Compatibility with CMake < 3.10 will be removed from a future version of
  CMake.

  Update the VERSION argument <min> value.  Or, use the <min>...<max> syntax
  to tell CMake that the project requires at least <min> but has been updated
  to work with policies introduced by <max> or earlier.
Call Stack (most recent call first):
  /home/runner/workspace/thirdparty/vcpkg/downloads/tools/cmake-4.3.3-linux/cmake-4.3.3-linux-x86_64/share/cmake-4.3/Modules/Platform/Android-Clang.cmake:23 (include)
  /home/runner/workspace/thirdparty/vcpkg/downloads/tools/cmake-4.3.3-linux/cmake-4.3.3-linux-x86_64/share/cmake-4.3/Modules/Platform/Android-Clang-C.cmake:1 (include)
  /home/runner/workspace/thirdparty/vcpkg/downloads/tools/cmake-4.3.3-linux/cmake-4.3.3-linux-x86_64/share/cmake-4.3/Modules/CMakeCInformation.cmake:48 (include)
  /home/runner/workspace/thirdparty/vcpkg/buildtrees/curl/arm64-android-dbg/CMakeFiles/CMakeScratch/TryCompile-58ucYi/CMakeLists.txt:5 (project)


-- Looking for io.h - not found
-- Looking for 7 include files sys/select.h, ..., libgen.h
CMake Deprecation Warning at /home/runner/workspace/.ndk-tools/android-ndk-r27c/build/cmake/android.toolchain.cmake:35 (cmake_minimum_required):
  Compatibility with CMake < 3.10 will be removed from a future version of
  CMake.

  Update the VERSION argument <min> value.  Or, use the <min>...<max> syntax
  to tell CMake that the project requires at least <min> but has been updated
  to work with policies introduced by <max> or earlier.
Call Stack (most recent call first):
  /home/runner/workspace/thirdparty/vcpkg/scripts/toolchains/android.cmake:32 (include)
  /home/runner/workspace/thirdparty/vcpkg/scripts/buildsystems/vcpkg.cmake:210 (include)
  /home/runner/workspace/thirdparty/vcpkg/buildtrees/curl/arm64-android-dbg/CMakeFiles/4.3.3/CMakeSystem.cmake:6 (include)
  /home/runner/workspace/thirdparty/vcpkg/buildtrees/curl/arm64-android-dbg/CMakeFiles/CMakeScratch/TryCompile-0wF7Nc/CMakeLists.txt:5 (project)


CMake Deprecation Warning at /home/runner/workspace/.ndk-tools/android-ndk-r27c/build/cmake/android-legacy.toolchain.cmake:35 (cmake_minimum_required):
  Compatibility with CMake < 3.10 will be removed from a future version of
  CMake.

  Update the VERSION argument <min> value.  Or, use the <min>...<max> syntax
  to tell CMake that the project requires at least <min> but has been updated
  to work with policies introduced by <max> or earlier.
Call Stack (most recent call first):
  /home/runner/workspace/.ndk-tools/android-ndk-r27c/build/cmake/android.toolchain.cmake:55 (include)
  /home/runner/workspace/thirdparty/vcpkg/scripts/toolchains/android.cmake:32 (include)
  /home/runner/workspace/thirdparty/vcpkg/scripts/buildsystems/vcpkg.cmake:210 (include)
  /home/runner/workspace/thirdparty/vcpkg/buildtrees/curl/arm64-android-dbg/CMakeFiles/4.3.3/CMakeSystem.cmake:6 (include)
  /home/runner/workspace/thirdparty/vcpkg/buildtrees/curl/arm64-android-dbg/CMakeFiles/CMakeScratch/TryCompile-0wF7Nc/CMakeLists.txt:5 (project)


CMake Deprecation Warning at /home/runner/workspace/.ndk-tools/android-ndk-r27c/build/cmake/flags.cmake:18 (cmake_minimum_required):
  Compatibility with CMake < 3.10 will be removed from a future version of
  CMake.

  Update the VERSION argument <min> value.  Or, use the <min>...<max> syntax
  to tell CMake that the project requires at least <min> but has been updated
  to work with policies introduced by <max> or earlier.
Call Stack (most recent call first):
  /home/runner/workspace/thirdparty/vcpkg/downloads/tools/cmake-4.3.3-linux/cmake-4.3.3-linux-x86_64/share/cmake-4.3/Modules/Platform/Android-Clang.cmake:23 (include)
  /home/runner/workspace/thirdparty/vcpkg/downloads/tools/cmake-4.3.3-linux/cmake-4.3.3-linux-x86_64/share/cmake-4.3/Modules/Platform/Android-Clang-C.cmake:1 (include)
  /home/runner/workspace/thirdparty/vcpkg/downloads/tools/cmake-4.3.3-linux/cmake-4.3.3-linux-x86_64/share/cmake-4.3/Modules/CMakeCInformation.cmake:48 (include)
  /home/runner/workspace/thirdparty/vcpkg/buildtrees/curl/arm64-android-dbg/CMakeFiles/CMakeScratch/TryCompile-0wF7Nc/CMakeLists.txt:5 (project)


-- Looking for 7 include files sys/select.h, ..., libgen.h - found
-- Looking for linux/tcp.h
CMake Deprecation Warning at /home/runner/workspace/.ndk-tools/android-ndk-r27c/build/cmake/android.toolchain.cmake:35 (cmake_minimum_required):
  Compatibility with CMake < 3.10 will be removed from a future version of
  CMake.

  Update the VERSION argument <min> value.  Or, use the <min>...<max> syntax
  to tell CMake that the project requires at least <min> but has been updated
  to work with policies introduced by <max> or earlier.
Call Stack (most recent call first):
  /home/runner/workspace/thirdparty/vcpkg/scripts/toolchains/android.cmake:32 (include)
  /home/runner/workspace/thirdparty/vcpkg/scripts/buildsystems/vcpkg.cmake:210 (include)
  /home/runner/workspace/thirdparty/vcpkg/buildtrees/curl/arm64-android-dbg/CMakeFiles/4.3.3/CMakeSystem.cmake:6 (include)
  /home/runner/workspace/thirdparty/vcpkg/buildtrees/curl/arm64-android-dbg/CMakeFiles/CMakeScratch/TryCompile-3PNv63/CMakeLists.txt:5 (project)


CMake Deprecation Warning at /home/runner/workspace/.ndk-tools/android-ndk-r27c/build/cmake/android-legacy.toolchain.cmake:35 (cmake_minimum_required):
  Compatibility with CMake < 3.10 will be removed from a future version of
  CMake.

  Update the VERSION argument <min> value.  Or, use the <min>...<max> syntax
  to tell CMake that the project requires at least <min> but has been updated
  to work with policies introduced by <max> or earlier.
Call Stack (most recent call first):
  /home/runner/workspace/.ndk-tools/android-ndk-r27c/build/cmake/android.toolchain.cmake:55 (include)
  /home/runner/workspace/thirdparty/vcpkg/scripts/toolchains/android.cmake:32 (include)
  /home/runner/workspace/thirdparty/vcpkg/scripts/buildsystems/vcpkg.cmake:210 (include)
  /home/runner/workspace/thirdparty/vcpkg/buildtrees/curl/arm64-android-dbg/CMakeFiles/4.3.3/CMakeSystem.cmake:6 (include)
  /home/runner/workspace/thirdparty/vcpkg/buildtrees/curl/arm64-android-dbg/CMakeFiles/CMakeScratch/TryCompile-3PNv63/CMakeLists.txt:5 (project)


CMake Deprecation Warning at /home/runner/workspace/.ndk-tools/android-ndk-r27c/build/cmake/flags.cmake:18 (cmake_minimum_required):
  Compatibility with CMake < 3.10 will be removed from a future version of
  CMake.

  Update the VERSION argument <min> value.  Or, use the <min>...<max> syntax
  to tell CMake that the project requires at least <min> but has been updated
  to work with policies introduced by <max> or earlier.
Call Stack (most recent call first):
  /home/runner/workspace/thirdparty/vcpkg/downloads/tools/cmake-4.3.3-linux/cmake-4.3.3-linux-x86_64/share/cmake-4.3/Modules/Platform/Android-Clang.cmake:23 (include)
  /home/runner/workspace/thirdparty/vcpkg/downloads/tools/cmake-4.3.3-linux/cmake-4.3.3-linux-x86_64/share/cmake-4.3/Modules/Platform/Android-Clang-C.cmake:1 (include)
  /home/runner/workspace/thirdparty/vcpkg/downloads/tools/cmake-4.3.3-linux/cmake-4.3.3-linux-x86_64/share/cmake-4.3/Modules/CMakeCInformation.cmake:48 (include)
  /home/runner/workspace/thirdparty/vcpkg/buildtrees/curl/arm64-android-dbg/CMakeFiles/CMakeScratch/TryCompile-3PNv63/CMakeLists.txt:5 (project)


-- Looking for linux/tcp.h - found
-- Looking for locale.h
CMake Deprecation Warning at /home/runner/workspace/.ndk-tools/android-ndk-r27c/build/cmake/android.toolchain.cmake:35 (cmake_minimum_required):
  Compatibility with CMake < 3.10 will be removed from a future version of
  CMake.

  Update the VERSION argument <min> value.  Or, use the <min>...<max> syntax
  to tell CMake that the project requires at least <min> but has been updated
  to work with policies introduced by <max> or earlier.
Call Stack (most recent call first):
  /home/runner/workspace/thirdparty/vcpkg/scripts/toolchains/android.cmake:32 (include)
  /home/runner/workspace/thirdparty/vcpkg/scripts/buildsystems/vcpkg.cmake:210 (include)
  /home/runner/workspace/thirdparty/vcpkg/buildtrees/curl/arm64-android-dbg/CMakeFiles/4.3.3/CMakeSystem.cmake:6 (include)
  /home/runner/workspace/thirdparty/vcpkg/buildtrees/curl/arm64-android-dbg/CMakeFiles/CMakeScratch/TryCompile-gCEAOB/CMakeLists.txt:5 (project)


CMake Deprecation Warning at /home/runner/workspace/.ndk-tools/android-ndk-r27c/build/cmake/android-legacy.toolchain.cmake:35 (cmake_minimum_required):
  Compatibility with CMake < 3.10 will be removed from a future version of
  CMake.

  Update the VERSION argument <min> value.  Or, use the <min>...<max> syntax
  to tell CMake that the project requires at least <min> but has been updated
  to work with policies introduced by <max> or earlier.
Call Stack (most recent call first):
  /home/runner/workspace/.ndk-tools/android-ndk-r27c/build/cmake/android.toolchain.cmake:55 (include)
  /home/runner/workspace/thirdparty/vcpkg/scripts/toolchains/android.cmake:32 (include)
  /home/runner/workspace/thirdparty/vcpkg/scripts/buildsystems/vcpkg.cmake:210 (include)
  /home/runner/workspace/thirdparty/vcpkg/buildtrees/curl/arm64-android-dbg/CMakeFiles/4.3.3/CMakeSystem.cmake:6 (include)
  /home/runner/workspace/thirdparty/vcpkg/buildtrees/curl/arm64-android-dbg/CMakeFiles/CMakeScratch/TryCompile-gCEAOB/CMakeLists.txt:5 (project)


CMake Deprecation Warning at /home/runner/workspace/.ndk-tools/android-ndk-r27c/build/cmake/flags.cmake:18 (cmake_minimum_required):
  Compatibility with CMake < 3.10 will be removed from a future version of
  CMake.

  Update the VERSION argument <min> value.  Or, use the <min>...<max> syntax
  to tell CMake that the project requires at least <min> but has been updated
  to work with policies introduced by <max> or earlier.
Call Stack (most recent call first):
  /home/runner/workspace/thirdparty/vcpkg/downloads/tools/cmake-4.3.3-linux/cmake-4.3.3-linux-x86_64/share/cmake-4.3/Modules/Platform/Android-Clang.cmake:23 (include)
  /home/runner/workspace/thirdparty/vcpkg/downloads/tools/cmake-4.3.3-linux/cmake-4.3.3-linux-x86_64/share/cmake-4.3/Modules/Platform/Android-Clang-C.cmake:1 (include)
  /home/runner/workspace/thirdparty/vcpkg/downloads/tools/cmake-4.3.3-linux/cmake-4.3.3-linux-x86_64/share/cmake-4.3/Modules/CMakeCInformation.cmake:48 (include)
  /home/runner/workspace/thirdparty/vcpkg/buildtrees/curl/arm64-android-dbg/CMakeFiles/CMakeScratch/TryCompile-gCEAOB/CMakeLists.txt:5 (project)


-- Looking for locale.h - found
-- Looking for net/if.h
CMake Deprecation Warning at /home/runner/workspace/.ndk-tools/android-ndk-r27c/build/cmake/android.toolchain.cmake:35 (cmake_minimum_required):
  Compatibility with CMake < 3.10 will be removed from a future version of
  CMake.

  Update the VERSION argument <min> value.  Or, use the <min>...<max> syntax
  to tell CMake that the project requires at least <min> but has been updated
  to work with policies introduced by <max> or earlier.
Call Stack (most recent call first):
  /home/runner/workspace/thirdparty/vcpkg/scripts/toolchains/android.cmake:32 (include)
  /home/runner/workspace/thirdparty/vcpkg/scripts/buildsystems/vcpkg.cmake:210 (include)
  /home/runner/workspace/thirdparty/vcpkg/buildtrees/curl/arm64-android-dbg/CMakeFiles/4.3.3/CMakeSystem.cmake:6 (include)
  /home/runner/workspace/thirdparty/vcpkg/buildtrees/curl/arm64-android-dbg/CMakeFiles/CMakeScratch/TryCompile-JNSDkD/CMakeLists.txt:5 (project)


CMake Deprecation Warning at /home/runner/workspace/.ndk-tools/android-ndk-r27c/build/cmake/android-legacy.toolchain.cmake:35 (cmake_minimum_required):
  Compatibility with CMake < 3.10 will be removed from a future version of
  CMake.

  Update the VERSION argument <min> value.  Or, use the <min>...<max> syntax
  to tell CMake that the project requires at least <min> but has been updated
  to work with policies introduced by <max> or earlier.
Call Stack (most recent call first):
  /home/runner/workspace/.ndk-tools/android-ndk-r27c/build/cmake/android.toolchain.cmake:55 (include)
  /home/runner/workspace/thirdparty/vcpkg/scripts/toolchains/android.cmake:32 (include)
  /home/runner/workspace/thirdparty/vcpkg/scripts/buildsystems/vcpkg.cmake:210 (include)
  /home/runner/workspace/thirdparty/vcpkg/buildtrees/curl/arm64-android-dbg/CMakeFiles/4.3.3/CMakeSystem.cmake:6 (include)
  /home/runner/workspace/thirdparty/vcpkg/buildtrees/curl/arm64-android-dbg/CMakeFiles/CMakeScratch/TryCompile-JNSDkD/CMakeLists.txt:5 (project)


CMake Deprecation Warning at /home/runner/workspace/.ndk-tools/android-ndk-r27c/build/cmake/flags.cmake:18 (cmake_minimum_required):
  Compatibility with CMake < 3.10 will be removed from a future version of
  CMake.

  Update the VERSION argument <min> value.  Or, use the <min>...<max> syntax
  to tell CMake that the project requires at least <min> but has been updated
  to work with policies introduced by <max> or earlier.
Call Stack (most recent call first):
  /home/runner/workspace/thirdparty/vcpkg/downloads/tools/cmake-4.3.3-linux/cmake-4.3.3-linux-x86_64/share/cmake-4.3/Modules/Platform/Android-Clang.cmake:23 (include)
  /home/runner/workspace/thirdparty/vcpkg/downloads/tools/cmake-4.3.3-linux/cmake-4.3.3-linux-x86_64/share/cmake-4.3/Modules/Platform/Android-Clang-C.cmake:1 (include)
  /home/runner/workspace/thirdparty/vcpkg/downloads/tools/cmake-4.3.3-linux/cmake-4.3.3-linux-x86_64/share/cmake-4.3/Modules/CMakeCInformation.cmake:48 (include)
  /home/runner/workspace/thirdparty/vcpkg/buildtrees/curl/arm64-android-dbg/CMakeFiles/CMakeScratch/TryCompile-JNSDkD/CMakeLists.txt:5 (project)


-- Looking for net/if.h - found
-- Looking for 8 include files sys/select.h, ..., netdb.h
CMake Deprecation Warning at /home/runner/workspace/.ndk-tools/android-ndk-r27c/build/cmake/android.toolchain.cmake:35 (cmake_minimum_required):
  Compatibility with CMake < 3.10 will be removed from a future version of
  CMake.

  Update the VERSION argument <min> value.  Or, use the <min>...<max> syntax
  to tell CMake that the project requires at least <min> but has been updated
  to work with policies introduced by <max> or earlier.
Call Stack (most recent call first):
  /home/runner/workspace/thirdparty/vcpkg/scripts/toolchains/android.cmake:32 (include)
  /home/runner/workspace/thirdparty/vcpkg/scripts/buildsystems/vcpkg.cmake:210 (include)
  /home/runner/workspace/thirdparty/vcpkg/buildtrees/curl/arm64-android-dbg/CMakeFiles/4.3.3/CMakeSystem.cmake:6 (include)
  /home/runner/workspace/thirdparty/vcpkg/buildtrees/curl/arm64-android-dbg/CMakeFiles/CMakeScratch/TryCompile-8QmeDT/CMakeLists.txt:5 (project)


CMake Deprecation Warning at /home/runner/workspace/.ndk-tools/android-ndk-r27c/build/cmake/android-legacy.toolchain.cmake:35 (cmake_minimum_required):
  Compatibility with CMake < 3.10 will be removed from a future version of
  CMake.

  Update the VERSION argument <min> value.  Or, use the <min>...<max> syntax
  to tell CMake that the project requires at least <min> but has been updated
  to work with policies introduced by <max> or earlier.
Call Stack (most recent call first):
  /home/runner/workspace/.ndk-tools/android-ndk-r27c/build/cmake/android.toolchain.cmake:55 (include)
  /home/runner/workspace/thirdparty/vcpkg/scripts/toolchains/android.cmake:32 (include)
  /home/runner/workspace/thirdparty/vcpkg/scripts/buildsystems/vcpkg.cmake:210 (include)
  /home/runner/workspace/thirdparty/vcpkg/buildtrees/curl/arm64-android-dbg/CMakeFiles/4.3.3/CMakeSystem.cmake:6 (include)
  /home/runner/workspace/thirdparty/vcpkg/buildtrees/curl/arm64-android-dbg/CMakeFiles/CMakeScratch/TryCompile-8QmeDT/CMakeLists.txt:5 (project)


CMake Deprecation Warning at /home/runner/workspace/.ndk-tools/android-ndk-r27c/build/cmake/flags.cmake:18 (cmake_minimum_required):
  Compatibility with CMake < 3.10 will be removed from a future version of
  CMake.

  Update the VERSION argument <min> value.  Or, use the <min>...<max> syntax
  to tell CMake that the project requires at least <min> but has been updated
  to work with policies introduced by <max> or earlier.
Call Stack (most recent call first):
  /home/runner/workspace/thirdparty/vcpkg/downloads/tools/cmake-4.3.3-linux/cmake-4.3.3-linux-x86_64/share/cmake-4.3/Modules/Platform/Android-Clang.cmake:23 (include)
  /home/runner/workspace/thirdparty/vcpkg/downloads/tools/cmake-4.3.3-linux/cmake-4.3.3-linux-x86_64/share/cmake-4.3/Modules/Platform/Android-Clang-C.cmake:1 (include)
  /home/runner/workspace/thirdparty/vcpkg/downloads/tools/cmake-4.3.3-linux/cmake-4.3.3-linux-x86_64/share/cmake-4.3/Modules/CMakeCInformation.cmake:48 (include)
  /home/runner/workspace/thirdparty/vcpkg/buildtrees/curl/arm64-android-dbg/CMakeFiles/CMakeScratch/TryCompile-8QmeDT/CMakeLists.txt:5 (project)


-- Looking for 8 include files sys/select.h, ..., netdb.h - found
-- Looking for 9 include files sys/select.h, ..., netinet/in.h
CMake Deprecation Warning at /home/runner/workspace/.ndk-tools/android-ndk-r27c/build/cmake/android.toolchain.cmake:35 (cmake_minimum_required):
  Compatibility with CMake < 3.10 will be removed from a future version of
  CMake.

  Update the VERSION argument <min> value.  Or, use the <min>...<max> syntax
  to tell CMake that the project requires at least <min> but has been updated
  to work with policies introduced by <max> or earlier.
Call Stack (most recent call first):
  /home/runner/workspace/thirdparty/vcpkg/scripts/toolchains/android.cmake:32 (include)
  /home/runner/workspace/thirdparty/vcpkg/scripts/buildsystems/vcpkg.cmake:210 (include)
  /home/runner/workspace/thirdparty/vcpkg/buildtrees/curl/arm64-android-dbg/CMakeFiles/4.3.3/CMakeSystem.cmake:6 (include)
  /home/runner/workspace/thirdparty/vcpkg/buildtrees/curl/arm64-android-dbg/CMakeFiles/CMakeScratch/TryCompile-AmGDOY/CMakeLists.txt:5 (project)


CMake Deprecation Warning at /home/runner/workspace/.ndk-tools/android-ndk-r27c/build/cmake/android-legacy.toolchain.cmake:35 (cmake_minimum_required):
  Compatibility with CMake < 3.10 will be removed from a future version of
  CMake.

  Update the VERSION argument <min> value.  Or, use the <min>...<max> syntax
  to tell CMake that the project requires at least <min> but has been updated
  to work with policies introduced by <max> or earlier.
Call Stack (most recent call first):
  /home/runner/workspace/.ndk-tools/android-ndk-r27c/build/cmake/android.toolchain.cmake:55 (include)
  /home/runner/workspace/thirdparty/vcpkg/scripts/toolchains/android.cmake:32 (include)
  /home/runner/workspace/thirdparty/vcpkg/scripts/buildsystems/vcpkg.cmake:210 (include)
  /home/runner/workspace/thirdparty/vcpkg/buildtrees/curl/arm64-android-dbg/CMakeFiles/4.3.3/CMakeSystem.cmake:6 (include)
  /home/runner/workspace/thirdparty/vcpkg/buildtrees/curl/arm64-android-dbg/CMakeFiles/CMakeScratch/TryCompile-AmGDOY/CMakeLists.txt:5 (project)


CMake Deprecation Warning at /home/runner/workspace/.ndk-tools/android-ndk-r27c/build/cmake/flags.cmake:18 (cmake_minimum_required):
  Compatibility with CMake < 3.10 will be removed from a future version of
  CMake.

  Update the VERSION argument <min> value.  Or, use the <min>...<max> syntax
  to tell CMake that the project requires at least <min> but has been updated
  to work with policies introduced by <max> or earlier.
Call Stack (most recent call first):
  /home/runner/workspace/thirdparty/vcpkg/downloads/tools/cmake-4.3.3-linux/cmake-4.3.3-linux-x86_64/share/cmake-4.3/Modules/Platform/Android-Clang.cmake:23 (include)
  /home/runner/workspace/thirdparty/vcpkg/downloads/tools/cmake-4.3.3-linux/cmake-4.3.3-linux-x86_64/share/cmake-4.3/Modules/Platform/Android-Clang-C.cmake:1 (include)
  /home/runner/workspace/thirdparty/vcpkg/downloads/tools/cmake-4.3.3-linux/cmake-4.3.3-linux-x86_64/share/cmake-4.3/Modules/CMakeCInformation.cmake:48 (include)
  /home/runner/workspace/thirdparty/vcpkg/buildtrees/curl/arm64-android-dbg/CMakeFiles/CMakeScratch/TryCompile-AmGDOY/CMakeLists.txt:5 (project)


-- Looking for 9 include files sys/select.h, ..., netinet/in.h - found
-- Looking for netinet/in6.h
CMake Deprecation Warning at /home/runner/workspace/.ndk-tools/android-ndk-r27c/build/cmake/android.toolchain.cmake:35 (cmake_minimum_required):
  Compatibility with CMake < 3.10 will be removed from a future version of
  CMake.

  Update the VERSION argument <min> value.  Or, use the <min>...<max> syntax
  to tell CMake that the project requires at least <min> but has been updated
  to work with policies introduced by <max> or earlier.
Call Stack (most recent call first):
  /home/runner/workspace/thirdparty/vcpkg/scripts/toolchains/android.cmake:32 (include)
  /home/runner/workspace/thirdparty/vcpkg/scripts/buildsystems/vcpkg.cmake:210 (include)
  /home/runner/workspace/thirdparty/vcpkg/buildtrees/curl/arm64-android-dbg/CMakeFiles/4.3.3/CMakeSystem.cmake:6 (include)
  /home/runner/workspace/thirdparty/vcpkg/buildtrees/curl/arm64-android-dbg/CMakeFiles/CMakeScratch/TryCompile-1n3uAQ/CMakeLists.txt:5 (project)


CMake Deprecation Warning at /home/runner/workspace/.ndk-tools/android-ndk-r27c/build/cmake/android-legacy.toolchain.cmake:35 (cmake_minimum_required):
  Compatibility with CMake < 3.10 will be removed from a future version of
  CMake.

  Update the VERSION argument <min> value.  Or, use the <min>...<max> syntax
  to tell CMake that the project requires at least <min> but has been updated
  to work with policies introduced by <max> or earlier.
Call Stack (most recent call first):
  /home/runner/workspace/.ndk-tools/android-ndk-r27c/build/cmake/android.toolchain.cmake:55 (include)
  /home/runner/workspace/thirdparty/vcpkg/scripts/toolchains/android.cmake:32 (include)
  /home/runner/workspace/thirdparty/vcpkg/scripts/buildsystems/vcpkg.cmake:210 (include)
  /home/runner/workspace/thirdparty/vcpkg/buildtrees/curl/arm64-android-dbg/CMakeFiles/4.3.3/CMakeSystem.cmake:6 (include)
  /home/runner/workspace/thirdparty/vcpkg/buildtrees/curl/arm64-android-dbg/CMakeFiles/CMakeScratch/TryCompile-1n3uAQ/CMakeLists.txt:5 (project)


CMake Deprecation Warning at /home/runner/workspace/.ndk-tools/android-ndk-r27c/build/cmake/flags.cmake:18 (cmake_minimum_required):
  Compatibility with CMake < 3.10 will be removed from a future version of
  CMake.

  Update the VERSION argument <min> value.  Or, use the <min>...<max> syntax
  to tell CMake that the project requires at least <min> but has been updated
  to work with policies introduced by <max> or earlier.
Call Stack (most recent call first):
  /home/runner/workspace/thirdparty/vcpkg/downloads/tools/cmake-4.3.3-linux/cmake-4.3.3-linux-x86_64/share/cmake-4.3/Modules/Platform/Android-Clang.cmake:23 (include)
  /home/runner/workspace/thirdparty/vcpkg/downloads/tools/cmake-4.3.3-linux/cmake-4.3.3-linux-x86_64/share/cmake-4.3/Modules/Platform/Android-Clang-C.cmake:1 (include)
  /home/runner/workspace/thirdparty/vcpkg/downloads/tools/cmake-4.3.3-linux/cmake-4.3.3-linux-x86_64/share/cmake-4.3/Modules/CMakeCInformation.cmake:48 (include)
  /home/runner/workspace/thirdparty/vcpkg/buildtrees/curl/arm64-android-dbg/CMakeFiles/CMakeScratch/TryCompile-1n3uAQ/CMakeLists.txt:5 (project)


-- Looking for netinet/in6.h - found
-- Looking for 10 include files sys/select.h, ..., netinet/tcp.h
CMake Deprecation Warning at /home/runner/workspace/.ndk-tools/android-ndk-r27c/build/cmake/android.toolchain.cmake:35 (cmake_minimum_required):
  Compatibility with CMake < 3.10 will be removed from a future version of
  CMake.

  Update the VERSION argument <min> value.  Or, use the <min>...<max> syntax
  to tell CMake that the project requires at least <min> but has been updated
  to work with policies introduced by <max> or earlier.
Call Stack (most recent call first):
  /home/runner/workspace/thirdparty/vcpkg/scripts/toolchains/android.cmake:32 (include)
  /home/runner/workspace/thirdparty/vcpkg/scripts/buildsystems/vcpkg.cmake:210 (include)
  /home/runner/workspace/thirdparty/vcpkg/buildtrees/curl/arm64-android-dbg/CMakeFiles/4.3.3/CMakeSystem.cmake:6 (include)
  /home/runner/workspace/thirdparty/vcpkg/buildtrees/curl/arm64-android-dbg/CMakeFiles/CMakeScratch/TryCompile-1ce8n7/CMakeLists.txt:5 (project)


CMake Deprecation Warning at /home/runner/workspace/.ndk-tools/android-ndk-r27c/build/cmake/android-legacy.toolchain.cmake:35 (cmake_minimum_required):
  Compatibility with CMake < 3.10 will be removed from a future version of
  CMake.

  Update the VERSION argument <min> value.  Or, use the <min>...<max> syntax
  to tell CMake that the project requires at least <min> but has been updated
  to work with policies introduced by <max> or earlier.
Call Stack (most recent call first):
  /home/runner/workspace/.ndk-tools/android-ndk-r27c/build/cmake/android.toolchain.cmake:55 (include)
  /home/runner/workspace/thirdparty/vcpkg/scripts/toolchains/android.cmake:32 (include)
  /home/runner/workspace/thirdparty/vcpkg/scripts/buildsystems/vcpkg.cmake:210 (include)
  /home/runner/workspace/thirdparty/vcpkg/buildtrees/curl/arm64-android-dbg/CMakeFiles/4.3.3/CMakeSystem.cmake:6 (include)
  /home/runner/workspace/thirdparty/vcpkg/buildtrees/curl/arm64-android-dbg/CMakeFiles/CMakeScratch/TryCompile-1ce8n7/CMakeLists.txt:5 (project)


CMake Deprecation Warning at /home/runner/workspace/.ndk-tools/android-ndk-r27c/build/cmake/flags.cmake:18 (cmake_minimum_required):
  Compatibility with CMake < 3.10 will be removed from a future version of
  CMake.

  Update the VERSION argument <min> value.  Or, use the <min>...<max> syntax
  to tell CMake that the project requires at least <min> but has been updated
  to work with policies introduced by <max> or earlier.
Call Stack (most recent call first):
  /home/runner/workspace/thirdparty/vcpkg/downloads/tools/cmake-4.3.3-linux/cmake-4.3.3-linux-x86_64/share/cmake-4.3/Modules/Platform/Android-Clang.cmake:23 (include)
  /home/runner/workspace/thirdparty/vcpkg/downloads/tools/cmake-4.3.3-linux/cmake-4.3.3-linux-x86_64/share/cmake-4.3/Modules/Platform/Android-Clang-C.cmake:1 (include)
  /home/runner/workspace/thirdparty/vcpkg/downloads/tools/cmake-4.3.3-linux/cmake-4.3.3-linux-x86_64/share/cmake-4.3/Modules/CMakeCInformation.cmake:48 (include)
  /home/runner/workspace/thirdparty/vcpkg/buildtrees/curl/arm64-android-dbg/CMakeFiles/CMakeScratch/TryCompile-1ce8n7/CMakeLists.txt:5 (project)


-- Looking for 10 include files sys/select.h, ..., netinet/tcp.h - found
-- Looking for 11 include files sys/select.h, ..., netinet/udp.h
CMake Deprecation Warning at /home/runner/workspace/.ndk-tools/android-ndk-r27c/build/cmake/android.toolchain.cmake:35 (cmake_minimum_required):
  Compatibility with CMake < 3.10 will be removed from a future version of
  CMake.

  Update the VERSION argument <min> value.  Or, use the <min>...<max> syntax
  to tell CMake that the project requires at least <min> but has been updated
  to work with policies introduced by <max> or earlier.
Call Stack (most recent call first):
  /home/runner/workspace/thirdparty/vcpkg/scripts/toolchains/android.cmake:32 (include)
  /home/runner/workspace/thirdparty/vcpkg/scripts/buildsystems/vcpkg.cmake:210 (include)
  /home/runner/workspace/thirdparty/vcpkg/buildtrees/curl/arm64-android-dbg/CMakeFiles/4.3.3/CMakeSystem.cmake:6 (include)
  /home/runner/workspace/thirdparty/vcpkg/buildtrees/curl/arm64-android-dbg/CMakeFiles/CMakeScratch/TryCompile-fNbN3w/CMakeLists.txt:5 (project)


CMake Deprecation Warning at /home/runner/workspace/.ndk-tools/android-ndk-r27c/build/cmake/android-legacy.toolchain.cmake:35 (cmake_minimum_required):
  Compatibility with CMake < 3.10 will be removed from a future version of
  CMake.

  Update the VERSION argument <min> value.  Or, use the <min>...<max> syntax
  to tell CMake that the project requires at least <min> but has been updated
  to work with policies introduced by <max> or earlier.
Call Stack (most recent call first):
  /home/runner/workspace/.ndk-tools/android-ndk-r27c/build/cmake/android.toolchain.cmake:55 (include)
  /home/runner/workspace/thirdparty/vcpkg/scripts/toolchains/android.cmake:32 (include)
  /home/runner/workspace/thirdparty/vcpkg/scripts/buildsystems/vcpkg.cmake:210 (include)
  /home/runner/workspace/thirdparty/vcpkg/buildtrees/curl/arm64-android-dbg/CMakeFiles/4.3.3/CMakeSystem.cmake:6 (include)
  /home/runner/workspace/thirdparty/vcpkg/buildtrees/curl/arm64-android-dbg/CMakeFiles/CMakeScratch/TryCompile-fNbN3w/CMakeLists.txt:5 (project)


CMake Deprecation Warning at /home/runner/workspace/.ndk-tools/android-ndk-r27c/build/cmake/flags.cmake:18 (cmake_minimum_required):
  Compatibility with CMake < 3.10 will be removed from a future version of
  CMake.

  Update the VERSION argument <min> value.  Or, use the <min>...<max> syntax
  to tell CMake that the project requires at least <min> but has been updated
  to work with policies introduced by <max> or earlier.
Call Stack (most recent call first):
  /home/runner/workspace/thirdparty/vcpkg/downloads/tools/cmake-4.3.3-linux/cmake-4.3.3-linux-x86_64/share/cmake-4.3/Modules/Platform/Android-Clang.cmake:23 (include)
  /home/runner/workspace/thirdparty/vcpkg/downloads/tools/cmake-4.3.3-linux/cmake-4.3.3-linux-x86_64/share/cmake-4.3/Modules/Platform/Android-Clang-C.cmake:1 (include)
  /home/runner/workspace/thirdparty/vcpkg/downloads/tools/cmake-4.3.3-linux/cmake-4.3.3-linux-x86_64/share/cmake-4.3/Modules/CMakeCInformation.cmake:48 (include)
  /home/runner/workspace/thirdparty/vcpkg/buildtrees/curl/arm64-android-dbg/CMakeFiles/CMakeScratch/TryCompile-fNbN3w/CMakeLists.txt:5 (project)


-- Looking for 11 include files sys/select.h, ..., netinet/udp.h - found
-- Looking for poll.h
CMake Deprecation Warning at /home/runner/workspace/.ndk-tools/android-ndk-r27c/build/cmake/android.toolchain.cmake:35 (cmake_minimum_required):
  Compatibility with CMake < 3.10 will be removed from a future version of
  CMake.

  Update the VERSION argument <min> value.  Or, use the <min>...<max> syntax
  to tell CMake that the project requires at least <min> but has been updated
  to work with policies introduced by <max> or earlier.
Call Stack (most recent call first):
  /home/runner/workspace/thirdparty/vcpkg/scripts/toolchains/android.cmake:32 (include)
  /home/runner/workspace/thirdparty/vcpkg/scripts/buildsystems/vcpkg.cmake:210 (include)
  /home/runner/workspace/thirdparty/vcpkg/buildtrees/curl/arm64-android-dbg/CMakeFiles/4.3.3/CMakeSystem.cmake:6 (include)
  /home/runner/workspace/thirdparty/vcpkg/buildtrees/curl/arm64-android-dbg/CMakeFiles/CMakeScratch/TryCompile-zVAvgc/CMakeLists.txt:5 (project)


CMake Deprecation Warning at /home/runner/workspace/.ndk-tools/android-ndk-r27c/build/cmake/android-legacy.toolchain.cmake:35 (cmake_minimum_required):
  Compatibility with CMake < 3.10 will be removed from a future version of
  CMake.

  Update the VERSION argument <min> value.  Or, use the <min>...<max> syntax
  to tell CMake that the project requires at least <min> but has been updated
  to work with policies introduced by <max> or earlier.
Call Stack (most recent call first):
  /home/runner/workspace/.ndk-tools/android-ndk-r27c/build/cmake/android.toolchain.cmake:55 (include)
  /home/runner/workspace/thirdparty/vcpkg/scripts/toolchains/android.cmake:32 (include)
  /home/runner/workspace/thirdparty/vcpkg/scripts/buildsystems/vcpkg.cmake:210 (include)
  /home/runner/workspace/thirdparty/vcpkg/buildtrees/curl/arm64-android-dbg/CMakeFiles/4.3.3/CMakeSystem.cmake:6 (include)
  /home/runner/workspace/thirdparty/vcpkg/buildtrees/curl/arm64-android-dbg/CMakeFiles/CMakeScratch/TryCompile-zVAvgc/CMakeLists.txt:5 (project)


CMake Deprecation Warning at /home/runner/workspace/.ndk-tools/android-ndk-r27c/build/cmake/flags.cmake:18 (cmake_minimum_required):
  Compatibility with CMake < 3.10 will be removed from a future version of
  CMake.

  Update the VERSION argument <min> value.  Or, use the <min>...<max> syntax
  to tell CMake that the project requires at least <min> but has been updated
  to work with policies introduced by <max> or earlier.
Call Stack (most recent call first):
  /home/runner/workspace/thirdparty/vcpkg/downloads/tools/cmake-4.3.3-linux/cmake-4.3.3-linux-x86_64/share/cmake-4.3/Modules/Platform/Android-Clang.cmake:23 (include)
  /home/runner/workspace/thirdparty/vcpkg/downloads/tools/cmake-4.3.3-linux/cmake-4.3.3-linux-x86_64/share/cmake-4.3/Modules/Platform/Android-Clang-C.cmake:1 (include)
  /home/runner/workspace/thirdparty/vcpkg/downloads/tools/cmake-4.3.3-linux/cmake-4.3.3-linux-x86_64/share/cmake-4.3/Modules/CMakeCInformation.cmake:48 (include)
  /home/runner/workspace/thirdparty/vcpkg/buildtrees/curl/arm64-android-dbg/CMakeFiles/CMakeScratch/TryCompile-zVAvgc/CMakeLists.txt:5 (project)


-- Looking for poll.h - found
-- Looking for pwd.h
CMake Deprecation Warning at /home/runner/workspace/.ndk-tools/android-ndk-r27c/build/cmake/android.toolchain.cmake:35 (cmake_minimum_required):
  Compatibility with CMake < 3.10 will be removed from a future version of
  CMake.

  Update the VERSION argument <min> value.  Or, use the <min>...<max> syntax
  to tell CMake that the project requires at least <min> but has been updated
  to work with policies introduced by <max> or earlier.
Call Stack (most recent call first):
  /home/runner/workspace/thirdparty/vcpkg/scripts/toolchains/android.cmake:32 (include)
  /home/runner/workspace/thirdparty/vcpkg/scripts/buildsystems/vcpkg.cmake:210 (include)
  /home/runner/workspace/thirdparty/vcpkg/buildtrees/curl/arm64-android-dbg/CMakeFiles/4.3.3/CMakeSystem.cmake:6 (include)
  /home/runner/workspace/thirdparty/vcpkg/buildtrees/curl/arm64-android-dbg/CMakeFiles/CMakeScratch/TryCompile-do7TZS/CMakeLists.txt:5 (project)


CMake Deprecation Warning at /home/runner/workspace/.ndk-tools/android-ndk-r27c/build/cmake/android-legacy.toolchain.cmake:35 (cmake_minimum_required):
  Compatibility with CMake < 3.10 will be removed from a future version of
  CMake.

  Update the VERSION argument <min> value.  Or, use the <min>...<max> syntax
  to tell CMake that the project requires at least <min> but has been updated
  to work with policies introduced by <max> or earlier.
Call Stack (most recent call first):
  /home/runner/workspace/.ndk-tools/android-ndk-r27c/build/cmake/android.toolchain.cmake:55 (include)
  /home/runner/workspace/thirdparty/vcpkg/scripts/toolchains/android.cmake:32 (include)
  /home/runner/workspace/thirdparty/vcpkg/scripts/buildsystems/vcpkg.cmake:210 (include)
  /home/runner/workspace/thirdparty/vcpkg/buildtrees/curl/arm64-android-dbg/CMakeFiles/4.3.3/CMakeSystem.cmake:6 (include)
  /home/runner/workspace/thirdparty/vcpkg/buildtrees/curl/arm64-android-dbg/CMakeFiles/CMakeScratch/TryCompile-do7TZS/CMakeLists.txt:5 (project)


CMake Deprecation Warning at /home/runner/workspace/.ndk-tools/android-ndk-r27c/build/cmake/flags.cmake:18 (cmake_minimum_required):
  Compatibility with CMake < 3.10 will be removed from a future version of
  CMake.

  Update the VERSION argument <min> value.  Or, use the <min>...<max> syntax
  to tell CMake that the project requires at least <min> but has been updated
  to work with policies introduced by <max> or earlier.
Call Stack (most recent call first):
  /home/runner/workspace/thirdparty/vcpkg/downloads/tools/cmake-4.3.3-linux/cmake-4.3.3-linux-x86_64/share/cmake-4.3/Modules/Platform/Android-Clang.cmake:23 (include)
  /home/runner/workspace/thirdparty/vcpkg/downloads/tools/cmake-4.3.3-linux/cmake-4.3.3-linux-x86_64/share/cmake-4.3/Modules/Platform/Android-Clang-C.cmake:1 (include)
  /home/runner/workspace/thirdparty/vcpkg/downloads/tools/cmake-4.3.3-linux/cmake-4.3.3-linux-x86_64/share/cmake-4.3/Modules/CMakeCInformation.cmake:48 (include)
  /home/runner/workspace/thirdparty/vcpkg/buildtrees/curl/arm64-android-dbg/CMakeFiles/CMakeScratch/TryCompile-do7TZS/CMakeLists.txt:5 (project)


-- Looking for pwd.h - found
-- Looking for stdatomic.h
CMake Deprecation Warning at /home/runner/workspace/.ndk-tools/android-ndk-r27c/build/cmake/android.toolchain.cmake:35 (cmake_minimum_required):
  Compatibility with CMake < 3.10 will be removed from a future version of
  CMake.

  Update the VERSION argument <min> value.  Or, use the <min>...<max> syntax
  to tell CMake that the project requires at least <min> but has been updated
  to work with policies introduced by <max> or earlier.
Call Stack (most recent call first):
  /home/runner/workspace/thirdparty/vcpkg/scripts/toolchains/android.cmake:32 (include)
  /home/runner/workspace/thirdparty/vcpkg/scripts/buildsystems/vcpkg.cmake:210 (include)
  /home/runner/workspace/thirdparty/vcpkg/buildtrees/curl/arm64-android-dbg/CMakeFiles/4.3.3/CMakeSystem.cmake:6 (include)
  /home/runner/workspace/thirdparty/vcpkg/buildtrees/curl/arm64-android-dbg/CMakeFiles/CMakeScratch/TryCompile-KBV8Kx/CMakeLists.txt:5 (project)


CMake Deprecation Warning at /home/runner/workspace/.ndk-tools/android-ndk-r27c/build/cmake/android-legacy.toolchain.cmake:35 (cmake_minimum_required):
  Compatibility with CMake < 3.10 will be removed from a future version of
  CMake.

  Update the VERSION argument <min> value.  Or, use the <min>...<max> syntax
  to tell CMake that the project requires at least <min> but has been updated
  to work with policies introduced by <max> or earlier.
Call Stack (most recent call first):
  /home/runner/workspace/.ndk-tools/android-ndk-r27c/build/cmake/android.toolchain.cmake:55 (include)
  /home/runner/workspace/thirdparty/vcpkg/scripts/toolchains/android.cmake:32 (include)
  /home/runner/workspace/thirdparty/vcpkg/scripts/buildsystems/vcpkg.cmake:210 (include)
  /home/runner/workspace/thirdparty/vcpkg/buildtrees/curl/arm64-android-dbg/CMakeFiles/4.3.3/CMakeSystem.cmake:6 (include)
  /home/runner/workspace/thirdparty/vcpkg/buildtrees/curl/arm64-android-dbg/CMakeFiles/CMakeScratch/TryCompile-KBV8Kx/CMakeLists.txt:5 (project)


CMake Deprecation Warning at /home/runner/workspace/.ndk-tools/android-ndk-r27c/build/cmake/flags.cmake:18 (cmake_minimum_required):
  Compatibility with CMake < 3.10 will be removed from a future version of
  CMake.

  Update the VERSION argument <min> value.  Or, use the <min>...<max> syntax
  to tell CMake that the project requires at least <min> but has been updated
  to work with policies introduced by <max> or earlier.
Call Stack (most recent call first):
  /home/runner/workspace/thirdparty/vcpkg/downloads/tools/cmake-4.3.3-linux/cmake-4.3.3-linux-x86_64/share/cmake-4.3/Modules/Platform/Android-Clang.cmake:23 (include)
  /home/runner/workspace/thirdparty/vcpkg/downloads/tools/cmake-4.3.3-linux/cmake-4.3.3-linux-x86_64/share/cmake-4.3/Modules/Platform/Android-Clang-C.cmake:1 (include)
  /home/runner/workspace/thirdparty/vcpkg/downloads/tools/cmake-4.3.3-linux/cmake-4.3.3-linux-x86_64/share/cmake-4.3/Modules/CMakeCInformation.cmake:48 (include)
  /home/runner/workspace/thirdparty/vcpkg/buildtrees/curl/arm64-android-dbg/CMakeFiles/CMakeScratch/TryCompile-KBV8Kx/CMakeLists.txt:5 (project)


-- Looking for stdatomic.h - found
-- Looking for stdbool.h
CMake Deprecation Warning at /home/runner/workspace/.ndk-tools/android-ndk-r27c/build/cmake/android.toolchain.cmake:35 (cmake_minimum_required):
  Compatibility with CMake < 3.10 will be removed from a future version of
  CMake.

  Update the VERSION argument <min> value.  Or, use the <min>...<max> syntax
  to tell CMake that the project requires at least <min> but has been updated
  to work with policies introduced by <max> or earlier.
Call Stack (most recent call first):
  /home/runner/workspace/thirdparty/vcpkg/scripts/toolchains/android.cmake:32 (include)
  /home/runner/workspace/thirdparty/vcpkg/scripts/buildsystems/vcpkg.cmake:210 (include)
  /home/runner/workspace/thirdparty/vcpkg/buildtrees/curl/arm64-android-dbg/CMakeFiles/4.3.3/CMakeSystem.cmake:6 (include)
  /home/runner/workspace/thirdparty/vcpkg/buildtrees/curl/arm64-android-dbg/CMakeFiles/CMakeScratch/TryCompile-O79pbk/CMakeLists.txt:5 (project)


CMake Deprecation Warning at /home/runner/workspace/.ndk-tools/android-ndk-r27c/build/cmake/android-legacy.toolchain.cmake:35 (cmake_minimum_required):
  Compatibility with CMake < 3.10 will be removed from a future version of
  CMake.

  Update the VERSION argument <min> value.  Or, use the <min>...<max> syntax
  to tell CMake that the project requires at least <min> but has been updated
  to work with policies introduced by <max> or earlier.
Call Stack (most recent call first):
  /home/runner/workspace/.ndk-tools/android-ndk-r27c/build/cmake/android.toolchain.cmake:55 (include)
  /home/runner/workspace/thirdparty/vcpkg/scripts/toolchains/android.cmake:32 (include)
  /home/runner/workspace/thirdparty/vcpkg/scripts/buildsystems/vcpkg.cmake:210 (include)
  /home/runner/workspace/thirdparty/vcpkg/buildtrees/curl/arm64-android-dbg/CMakeFiles/4.3.3/CMakeSystem.cmake:6 (include)
  /home/runner/workspace/thirdparty/vcpkg/buildtrees/curl/arm64-android-dbg/CMakeFiles/CMakeScratch/TryCompile-O79pbk/CMakeLists.txt:5 (project)


CMake Deprecation Warning at /home/runner/workspace/.ndk-tools/android-ndk-r27c/build/cmake/flags.cmake:18 (cmake_minimum_required):
  Compatibility with CMake < 3.10 will be removed from a future version of
  CMake.

  Update the VERSION argument <min> value.  Or, use the <min>...<max> syntax
  to tell CMake that the project requires at least <min> but has been updated
  to work with policies introduced by <max> or earlier.
Call Stack (most recent call first):
  /home/runner/workspace/thirdparty/vcpkg/downloads/tools/cmake-4.3.3-linux/cmake-4.3.3-linux-x86_64/share/cmake-4.3/Modules/Platform/Android-Clang.cmake:23 (include)
  /home/runner/workspace/thirdparty/vcpkg/downloads/tools/cmake-4.3.3-linux/cmake-4.3.3-linux-x86_64/share/cmake-4.3/Modules/Platform/Android-Clang-C.cmake:1 (include)
  /home/runner/workspace/thirdparty/vcpkg/downloads/tools/cmake-4.3.3-linux/cmake-4.3.3-linux-x86_64/share/cmake-4.3/Modules/CMakeCInformation.cmake:48 (include)
  /home/runner/workspace/thirdparty/vcpkg/buildtrees/curl/arm64-android-dbg/CMakeFiles/CMakeScratch/TryCompile-O79pbk/CMakeLists.txt:5 (project)


-- Looking for stdbool.h - found
-- Looking for strings.h
CMake Deprecation Warning at /home/runner/workspace/.ndk-tools/android-ndk-r27c/build/cmake/android.toolchain.cmake:35 (cmake_minimum_required):
  Compatibility with CMake < 3.10 will be removed from a future version of
  CMake.

  Update the VERSION argument <min> value.  Or, use the <min>...<max> syntax
  to tell CMake that the project requires at least <min> but has been updated
  to work with policies introduced by <max> or earlier.
Call Stack (most recent call first):
  /home/runner/workspace/thirdparty/vcpkg/scripts/toolchains/android.cmake:32 (include)
  /home/runner/workspace/thirdparty/vcpkg/scripts/buildsystems/vcpkg.cmake:210 (include)
  /home/runner/workspace/thirdparty/vcpkg/buildtrees/curl/arm64-android-dbg/CMakeFiles/4.3.3/CMakeSystem.cmake:6 (include)
  /home/runner/workspace/thirdparty/vcpkg/buildtrees/curl/arm64-android-dbg/CMakeFiles/CMakeScratch/TryCompile-gCJJWm/CMakeLists.txt:5 (project)


CMake Deprecation Warning at /home/runner/workspace/.ndk-tools/android-ndk-r27c/build/cmake/android-legacy.toolchain.cmake:35 (cmake_minimum_required):
  Compatibility with CMake < 3.10 will be removed from a future version of
  CMake.

  Update the VERSION argument <min> value.  Or, use the <min>...<max> syntax
  to tell CMake that the project requires at least <min> but has been updated
  to work with policies introduced by <max> or earlier.
Call Stack (most recent call first):
  /home/runner/workspace/.ndk-tools/android-ndk-r27c/build/cmake/android.toolchain.cmake:55 (include)
  /home/runner/workspace/thirdparty/vcpkg/scripts/toolchains/android.cmake:32 (include)
  /home/runner/workspace/thirdparty/vcpkg/scripts/buildsystems/vcpkg.cmake:210 (include)
  /home/runner/workspace/thirdparty/vcpkg/buildtrees/curl/arm64-android-dbg/CMakeFiles/4.3.3/CMakeSystem.cmake:6 (include)
  /home/runner/workspace/thirdparty/vcpkg/buildtrees/curl/arm64-android-dbg/CMakeFiles/CMakeScratch/TryCompile-gCJJWm/CMakeLists.txt:5 (project)


CMake Deprecation Warning at /home/runner/workspace/.ndk-tools/android-ndk-r27c/build/cmake/flags.cmake:18 (cmake_minimum_required):
  Compatibility with CMake < 3.10 will be removed from a future version of
  CMake.

  Update the VERSION argument <min> value.  Or, use the <min>...<max> syntax
  to tell CMake that the project requires at least <min> but has been updated
  to work with policies introduced by <max> or earlier.
Call Stack (most recent call first):
  /home/runner/workspace/thirdparty/vcpkg/downloads/tools/cmake-4.3.3-linux/cmake-4.3.3-linux-x86_64/share/cmake-4.3/Modules/Platform/Android-Clang.cmake:23 (include)
  /home/runner/workspace/thirdparty/vcpkg/downloads/tools/cmake-4.3.3-linux/cmake-4.3.3-linux-x86_64/share/cmake-4.3/Modules/Platform/Android-Clang-C.cmake:1 (include)
  /home/runner/workspace/thirdparty/vcpkg/downloads/tools/cmake-4.3.3-linux/cmake-4.3.3-linux-x86_64/share/cmake-4.3/Modules/CMakeCInformation.cmake:48 (include)
  /home/runner/workspace/thirdparty/vcpkg/buildtrees/curl/arm64-android-dbg/CMakeFiles/CMakeScratch/TryCompile-gCJJWm/CMakeLists.txt:5 (project)


-- Looking for strings.h - found
-- Looking for stropts.h
CMake Deprecation Warning at /home/runner/workspace/.ndk-tools/android-ndk-r27c/build/cmake/android.toolchain.cmake:35 (cmake_minimum_required):
  Compatibility with CMake < 3.10 will be removed from a future version of
  CMake.

  Update the VERSION argument <min> value.  Or, use the <min>...<max> syntax
  to tell CMake that the project requires at least <min> but has been updated
  to work with policies introduced by <max> or earlier.
Call Stack (most recent call first):
  /home/runner/workspace/thirdparty/vcpkg/scripts/toolchains/android.cmake:32 (include)
  /home/runner/workspace/thirdparty/vcpkg/scripts/buildsystems/vcpkg.cmake:210 (include)
  /home/runner/workspace/thirdparty/vcpkg/buildtrees/curl/arm64-android-dbg/CMakeFiles/4.3.3/CMakeSystem.cmake:6 (include)
  /home/runner/workspace/thirdparty/vcpkg/buildtrees/curl/arm64-android-dbg/CMakeFiles/CMakeScratch/TryCompile-gOZoyM/CMakeLists.txt:5 (project)


CMake Deprecation Warning at /home/runner/workspace/.ndk-tools/android-ndk-r27c/build/cmake/android-legacy.toolchain.cmake:35 (cmake_minimum_required):
  Compatibility with CMake < 3.10 will be removed from a future version of
  CMake.

  Update the VERSION argument <min> value.  Or, use the <min>...<max> syntax
  to tell CMake that the project requires at least <min> but has been updated
  to work with policies introduced by <max> or earlier.
Call Stack (most recent call first):
  /home/runner/workspace/.ndk-tools/android-ndk-r27c/build/cmake/android.toolchain.cmake:55 (include)
  /home/runner/workspace/thirdparty/vcpkg/scripts/toolchains/android.cmake:32 (include)
  /home/runner/workspace/thirdparty/vcpkg/scripts/buildsystems/vcpkg.cmake:210 (include)
  /home/runner/workspace/thirdparty/vcpkg/buildtrees/curl/arm64-android-dbg/CMakeFiles/4.3.3/CMakeSystem.cmake:6 (include)
  /home/runner/workspace/thirdparty/vcpkg/buildtrees/curl/arm64-android-dbg/CMakeFiles/CMakeScratch/TryCompile-gOZoyM/CMakeLists.txt:5 (project)


CMake Deprecation Warning at /home/runner/workspace/.ndk-tools/android-ndk-r27c/build/cmake/flags.cmake:18 (cmake_minimum_required):
  Compatibility with CMake < 3.10 will be removed from a future version of
  CMake.

  Update the VERSION argument <min> value.  Or, use the <min>...<max> syntax
  to tell CMake that the project requires at least <min> but has been updated
  to work with policies introduced by <max> or earlier.
Call Stack (most recent call first):
  /home/runner/workspace/thirdparty/vcpkg/downloads/tools/cmake-4.3.3-linux/cmake-4.3.3-linux-x86_64/share/cmake-4.3/Modules/Platform/Android-Clang.cmake:23 (include)
  /home/runner/workspace/thirdparty/vcpkg/downloads/tools/cmake-4.3.3-linux/cmake-4.3.3-linux-x86_64/share/cmake-4.3/Modules/Platform/Android-Clang-C.cmake:1 (include)
  /home/runner/workspace/thirdparty/vcpkg/downloads/tools/cmake-4.3.3-linux/cmake-4.3.3-linux-x86_64/share/cmake-4.3/Modules/CMakeCInformation.cmake:48 (include)
  /home/runner/workspace/thirdparty/vcpkg/buildtrees/curl/arm64-android-dbg/CMakeFiles/CMakeScratch/TryCompile-gOZoyM/CMakeLists.txt:5 (project)


-- Looking for stropts.h - not found
-- Looking for termio.h
CMake Deprecation Warning at /home/runner/workspace/.ndk-tools/android-ndk-r27c/build/cmake/android.toolchain.cmake:35 (cmake_minimum_required):
  Compatibility with CMake < 3.10 will be removed from a future version of
  CMake.

  Update the VERSION argument <min> value.  Or, use the <min>...<max> syntax
  to tell CMake that the project requires at least <min> but has been updated
  to work with policies introduced by <max> or earlier.
Call Stack (most recent call first):
  /home/runner/workspace/thirdparty/vcpkg/scripts/toolchains/android.cmake:32 (include)
  /home/runner/workspace/thirdparty/vcpkg/scripts/buildsystems/vcpkg.cmake:210 (include)
  /home/runner/workspace/thirdparty/vcpkg/buildtrees/curl/arm64-android-dbg/CMakeFiles/4.3.3/CMakeSystem.cmake:6 (include)
  /home/runner/workspace/thirdparty/vcpkg/buildtrees/curl/arm64-android-dbg/CMakeFiles/CMakeScratch/TryCompile-4BeRXp/CMakeLists.txt:5 (project)


CMake Deprecation Warning at /home/runner/workspace/.ndk-tools/android-ndk-r27c/build/cmake/android-legacy.toolchain.cmake:35 (cmake_minimum_required):
  Compatibility with CMake < 3.10 will be removed from a future version of
  CMake.

  Update the VERSION argument <min> value.  Or, use the <min>...<max> syntax
  to tell CMake that the project requires at least <min> but has been updated
  to work with policies introduced by <max> or earlier.
Call Stack (most recent call first):
  /home/runner/workspace/.ndk-tools/android-ndk-r27c/build/cmake/android.toolchain.cmake:55 (include)
  /home/runner/workspace/thirdparty/vcpkg/scripts/toolchains/android.cmake:32 (include)
  /home/runner/workspace/thirdparty/vcpkg/scripts/buildsystems/vcpkg.cmake:210 (include)
  /home/runner/workspace/thirdparty/vcpkg/buildtrees/curl/arm64-android-dbg/CMakeFiles/4.3.3/CMakeSystem.cmake:6 (include)
  /home/runner/workspace/thirdparty/vcpkg/buildtrees/curl/arm64-android-dbg/CMakeFiles/CMakeScratch/TryCompile-4BeRXp/CMakeLists.txt:5 (project)


CMake Deprecation Warning at /home/runner/workspace/.ndk-tools/android-ndk-r27c/build/cmake/flags.cmake:18 (cmake_minimum_required):
  Compatibility with CMake < 3.10 will be removed from a future version of
  CMake.

  Update the VERSION argument <min> value.  Or, use the <min>...<max> syntax
  to tell CMake that the project requires at least <min> but has been updated
  to work with policies introduced by <max> or earlier.
Call Stack (most recent call first):
  /home/runner/workspace/thirdparty/vcpkg/downloads/tools/cmake-4.3.3-linux/cmake-4.3.3-linux-x86_64/share/cmake-4.3/Modules/Platform/Android-Clang.cmake:23 (include)
  /home/runner/workspace/thirdparty/vcpkg/downloads/tools/cmake-4.3.3-linux/cmake-4.3.3-linux-x86_64/share/cmake-4.3/Modules/Platform/Android-Clang-C.cmake:1 (include)
  /home/runner/workspace/thirdparty/vcpkg/downloads/tools/cmake-4.3.3-linux/cmake-4.3.3-linux-x86_64/share/cmake-4.3/Modules/CMakeCInformation.cmake:48 (include)
  /home/runner/workspace/thirdparty/vcpkg/buildtrees/curl/arm64-android-dbg/CMakeFiles/CMakeScratch/TryCompile-4BeRXp/CMakeLists.txt:5 (project)


-- Looking for termio.h - found
-- Looking for termios.h
CMake Deprecation Warning at /home/runner/workspace/.ndk-tools/android-ndk-r27c/build/cmake/android.toolchain.cmake:35 (cmake_minimum_required):
  Compatibility with CMake < 3.10 will be removed from a future version of
  CMake.

  Update the VERSION argument <min> value.  Or, use the <min>...<max> syntax
  to tell CMake that the project requires at least <min> but has been updated
  to work with policies introduced by <max> or earlier.
Call Stack (most recent call first):
  /home/runner/workspace/thirdparty/vcpkg/scripts/toolchains/android.cmake:32 (include)
  /home/runner/workspace/thirdparty/vcpkg/scripts/buildsystems/vcpkg.cmake:210 (include)
  /home/runner/workspace/thirdparty/vcpkg/buildtrees/curl/arm64-android-dbg/CMakeFiles/4.3.3/CMakeSystem.cmake:6 (include)
  /home/runner/workspace/thirdparty/vcpkg/buildtrees/curl/arm64-android-dbg/CMakeFiles/CMakeScratch/TryCompile-1FWAFw/CMakeLists.txt:5 (project)


CMake Deprecation Warning at /home/runner/workspace/.ndk-tools/android-ndk-r27c/build/cmake/android-legacy.toolchain.cmake:35 (cmake_minimum_required):
  Compatibility with CMake < 3.10 will be removed from a future version of
  CMake.

  Update the VERSION argument <min> value.  Or, use the <min>...<max> syntax
  to tell CMake that the project requires at least <min> but has been updated
  to work with policies introduced by <max> or earlier.
Call Stack (most recent call first):
  /home/runner/workspace/.ndk-tools/android-ndk-r27c/build/cmake/android.toolchain.cmake:55 (include)
  /home/runner/workspace/thirdparty/vcpkg/scripts/toolchains/android.cmake:32 (include)
  /home/runner/workspace/thirdparty/vcpkg/scripts/buildsystems/vcpkg.cmake:210 (include)
  /home/runner/workspace/thirdparty/vcpkg/buildtrees/curl/arm64-android-dbg/CMakeFiles/4.3.3/CMakeSystem.cmake:6 (include)
  /home/runner/workspace/thirdparty/vcpkg/buildtrees/curl/arm64-android-dbg/CMakeFiles/CMakeScratch/TryCompile-1FWAFw/CMakeLists.txt:5 (project)


CMake Deprecation Warning at /home/runner/workspace/.ndk-tools/android-ndk-r27c/build/cmake/flags.cmake:18 (cmake_minimum_required):
  Compatibility with CMake < 3.10 will be removed from a future version of
  CMake.

  Update the VERSION argument <min> value.  Or, use the <min>...<max> syntax
  to tell CMake that the project requires at least <min> but has been updated
  to work with policies introduced by <max> or earlier.
Call Stack (most recent call first):
  /home/runner/workspace/thirdparty/vcpkg/downloads/tools/cmake-4.3.3-linux/cmake-4.3.3-linux-x86_64/share/cmake-4.3/Modules/Platform/Android-Clang.cmake:23 (include)
  /home/runner/workspace/thirdparty/vcpkg/downloads/tools/cmake-4.3.3-linux/cmake-4.3.3-linux-x86_64/share/cmake-4.3/Modules/Platform/Android-Clang-C.cmake:1 (include)
  /home/runner/workspace/thirdparty/vcpkg/downloads/tools/cmake-4.3.3-linux/cmake-4.3.3-linux-x86_64/share/cmake-4.3/Modules/CMakeCInformation.cmake:48 (include)
  /home/runner/workspace/thirdparty/vcpkg/buildtrees/curl/arm64-android-dbg/CMakeFiles/CMakeScratch/TryCompile-1FWAFw/CMakeLists.txt:5 (project)


-- Looking for termios.h - found
-- Looking for 12 include files sys/select.h, ..., unistd.h
CMake Deprecation Warning at /home/runner/workspace/.ndk-tools/android-ndk-r27c/build/cmake/android.toolchain.cmake:35 (cmake_minimum_required):
  Compatibility with CMake < 3.10 will be removed from a future version of
  CMake.

  Update the VERSION argument <min> value.  Or, use the <min>...<max> syntax
  to tell CMake that the project requires at least <min> but has been updated
  to work with policies introduced by <max> or earlier.
Call Stack (most recent call first):
  /home/runner/workspace/thirdparty/vcpkg/scripts/toolchains/android.cmake:32 (include)
  /home/runner/workspace/thirdparty/vcpkg/scripts/buildsystems/vcpkg.cmake:210 (include)
  /home/runner/workspace/thirdparty/vcpkg/buildtrees/curl/arm64-android-dbg/CMakeFiles/4.3.3/CMakeSystem.cmake:6 (include)
  /home/runner/workspace/thirdparty/vcpkg/buildtrees/curl/arm64-android-dbg/CMakeFiles/CMakeScratch/TryCompile-ZNqqZs/CMakeLists.txt:5 (project)


CMake Deprecation Warning at /home/runner/workspace/.ndk-tools/android-ndk-r27c/build/cmake/android-legacy.toolchain.cmake:35 (cmake_minimum_required):
  Compatibility with CMake < 3.10 will be removed from a future version of
  CMake.

  Update the VERSION argument <min> value.  Or, use the <min>...<max> syntax
  to tell CMake that the project requires at least <min> but has been updated
  to work with policies introduced by <max> or earlier.
Call Stack (most recent call first):
  /home/runner/workspace/.ndk-tools/android-ndk-r27c/build/cmake/android.toolchain.cmake:55 (include)
  /home/runner/workspace/thirdparty/vcpkg/scripts/toolchains/android.cmake:32 (include)
  /home/runner/workspace/thirdparty/vcpkg/scripts/buildsystems/vcpkg.cmake:210 (include)
  /home/runner/workspace/thirdparty/vcpkg/buildtrees/curl/arm64-android-dbg/CMakeFiles/4.3.3/CMakeSystem.cmake:6 (include)
  /home/runner/workspace/thirdparty/vcpkg/buildtrees/curl/arm64-android-dbg/CMakeFiles/CMakeScratch/TryCompile-ZNqqZs/CMakeLists.txt:5 (project)


CMake Deprecation Warning at /home/runner/workspace/.ndk-tools/android-ndk-r27c/build/cmake/flags.cmake:18 (cmake_minimum_required):
  Compatibility with CMake < 3.10 will be removed from a future version of
  CMake.

  Update the VERSION argument <min> value.  Or, use the <min>...<max> syntax
  to tell CMake that the project requires at least <min> but has been updated
  to work with policies introduced by <max> or earlier.
Call Stack (most recent call first):
  /home/runner/workspace/thirdparty/vcpkg/downloads/tools/cmake-4.3.3-linux/cmake-4.3.3-linux-x86_64/share/cmake-4.3/Modules/Platform/Android-Clang.cmake:23 (include)
  /home/runner/workspace/thirdparty/vcpkg/downloads/tools/cmake-4.3.3-linux/cmake-4.3.3-linux-x86_64/share/cmake-4.3/Modules/Platform/Android-Clang-C.cmake:1 (include)
  /home/runner/workspace/thirdparty/vcpkg/downloads/tools/cmake-4.3.3-linux/cmake-4.3.3-linux-x86_64/share/cmake-4.3/Modules/CMakeCInformation.cmake:48 (include)
  /home/runner/workspace/thirdparty/vcpkg/buildtrees/curl/arm64-android-dbg/CMakeFiles/CMakeScratch/TryCompile-ZNqqZs/CMakeLists.txt:5 (project)


-- Looking for 12 include files sys/select.h, ..., unistd.h - found
-- Looking for utime.h
CMake Deprecation Warning at /home/runner/workspace/.ndk-tools/android-ndk-r27c/build/cmake/android.toolchain.cmake:35 (cmake_minimum_required):
  Compatibility with CMake < 3.10 will be removed from a future version of
  CMake.

  Update the VERSION argument <min> value.  Or, use the <min>...<max> syntax
  to tell CMake that the project requires at least <min> but has been updated
  to work with policies introduced by <max> or earlier.
Call Stack (most recent call first):
  /home/runner/workspace/thirdparty/vcpkg/scripts/toolchains/android.cmake:32 (include)
  /home/runner/workspace/thirdparty/vcpkg/scripts/buildsystems/vcpkg.cmake:210 (include)
  /home/runner/workspace/thirdparty/vcpkg/buildtrees/curl/arm64-android-dbg/CMakeFiles/4.3.3/CMakeSystem.cmake:6 (include)
  /home/runner/workspace/thirdparty/vcpkg/buildtrees/curl/arm64-android-dbg/CMakeFiles/CMakeScratch/TryCompile-xmaOWQ/CMakeLists.txt:5 (project)


CMake Deprecation Warning at /home/runner/workspace/.ndk-tools/android-ndk-r27c/build/cmake/android-legacy.toolchain.cmake:35 (cmake_minimum_required):
  Compatibility with CMake < 3.10 will be removed from a future version of
  CMake.

  Update the VERSION argument <min> value.  Or, use the <min>...<max> syntax
  to tell CMake that the project requires at least <min> but has been updated
  to work with policies introduced by <max> or earlier.
Call Stack (most recent call first):
  /home/runner/workspace/.ndk-tools/android-ndk-r27c/build/cmake/android.toolchain.cmake:55 (include)
  /home/runner/workspace/thirdparty/vcpkg/scripts/toolchains/android.cmake:32 (include)
  /home/runner/workspace/thirdparty/vcpkg/scripts/buildsystems/vcpkg.cmake:210 (include)
  /home/runner/workspace/thirdparty/vcpkg/buildtrees/curl/arm64-android-dbg/CMakeFiles/4.3.3/CMakeSystem.cmake:6 (include)
  /home/runner/workspace/thirdparty/vcpkg/buildtrees/curl/arm64-android-dbg/CMakeFiles/CMakeScratch/TryCompile-xmaOWQ/CMakeLists.txt:5 (project)


CMake Deprecation Warning at /home/runner/workspace/.ndk-tools/android-ndk-r27c/build/cmake/flags.cmake:18 (cmake_minimum_required):
  Compatibility with CMake < 3.10 will be removed from a future version of
  CMake.

  Update the VERSION argument <min> value.  Or, use the <min>...<max> syntax
  to tell CMake that the project requires at least <min> but has been updated
  to work with policies introduced by <max> or earlier.
Call Stack (most recent call first):
  /home/runner/workspace/thirdparty/vcpkg/downloads/tools/cmake-4.3.3-linux/cmake-4.3.3-linux-x86_64/share/cmake-4.3/Modules/Platform/Android-Clang.cmake:23 (include)
  /home/runner/workspace/thirdparty/vcpkg/downloads/tools/cmake-4.3.3-linux/cmake-4.3.3-linux-x86_64/share/cmake-4.3/Modules/Platform/Android-Clang-C.cmake:1 (include)
  /home/runner/workspace/thirdparty/vcpkg/downloads/tools/cmake-4.3.3-linux/cmake-4.3.3-linux-x86_64/share/cmake-4.3/Modules/CMakeCInformation.cmake:48 (include)
  /home/runner/workspace/thirdparty/vcpkg/buildtrees/curl/arm64-android-dbg/CMakeFiles/CMakeScratch/TryCompile-xmaOWQ/CMakeLists.txt:5 (project)


-- Looking for utime.h - found
-- Looking for stdint.h
CMake Deprecation Warning at /home/runner/workspace/.ndk-tools/android-ndk-r27c/build/cmake/android.toolchain.cmake:35 (cmake_minimum_required):
  Compatibility with CMake < 3.10 will be removed from a future version of
  CMake.

  Update the VERSION argument <min> value.  Or, use the <min>...<max> syntax
  to tell CMake that the project requires at least <min> but has been updated
  to work with policies introduced by <max> or earlier.
Call Stack (most recent call first):
  /home/runner/workspace/thirdparty/vcpkg/scripts/toolchains/android.cmake:32 (include)
  /home/runner/workspace/thirdparty/vcpkg/scripts/buildsystems/vcpkg.cmake:210 (include)
  /home/runner/workspace/thirdparty/vcpkg/buildtrees/curl/arm64-android-dbg/CMakeFiles/4.3.3/CMakeSystem.cmake:6 (include)
  /home/runner/workspace/thirdparty/vcpkg/buildtrees/curl/arm64-android-dbg/CMakeFiles/CMakeScratch/TryCompile-PaUQTl/CMakeLists.txt:5 (project)


CMake Deprecation Warning at /home/runner/workspace/.ndk-tools/android-ndk-r27c/build/cmake/android-legacy.toolchain.cmake:35 (cmake_minimum_required):
  Compatibility with CMake < 3.10 will be removed from a future version of
  CMake.

  Update the VERSION argument <min> value.  Or, use the <min>...<max> syntax
  to tell CMake that the project requires at least <min> but has been updated
  to work with policies introduced by <max> or earlier.
Call Stack (most recent call first):
  /home/runner/workspace/.ndk-tools/android-ndk-r27c/build/cmake/android.toolchain.cmake:55 (include)
  /home/runner/workspace/thirdparty/vcpkg/scripts/toolchains/android.cmake:32 (include)
  /home/runner/workspace/thirdparty/vcpkg/scripts/buildsystems/vcpkg.cmake:210 (include)
  /home/runner/workspace/thirdparty/vcpkg/buildtrees/curl/arm64-android-dbg/CMakeFiles/4.3.3/CMakeSystem.cmake:6 (include)
  /home/runner/workspace/thirdparty/vcpkg/buildtrees/curl/arm64-android-dbg/CMakeFiles/CMakeScratch/TryCompile-PaUQTl/CMakeLists.txt:5 (project)


CMake Deprecation Warning at /home/runner/workspace/.ndk-tools/android-ndk-r27c/build/cmake/flags.cmake:18 (cmake_minimum_required):
  Compatibility with CMake < 3.10 will be removed from a future version of
  CMake.

  Update the VERSION argument <min> value.  Or, use the <min>...<max> syntax
  to tell CMake that the project requires at least <min> but has been updated
  to work with policies introduced by <max> or earlier.
Call Stack (most recent call first):
  /home/runner/workspace/thirdparty/vcpkg/downloads/tools/cmake-4.3.3-linux/cmake-4.3.3-linux-x86_64/share/cmake-4.3/Modules/Platform/Android-Clang.cmake:23 (include)
  /home/runner/workspace/thirdparty/vcpkg/downloads/tools/cmake-4.3.3-linux/cmake-4.3.3-linux-x86_64/share/cmake-4.3/Modules/Platform/Android-Clang-C.cmake:1 (include)
  /home/runner/workspace/thirdparty/vcpkg/downloads/tools/cmake-4.3.3-linux/cmake-4.3.3-linux-x86_64/share/cmake-4.3/Modules/CMakeCInformation.cmake:48 (include)
  /home/runner/workspace/thirdparty/vcpkg/buildtrees/curl/arm64-android-dbg/CMakeFiles/CMakeScratch/TryCompile-PaUQTl/CMakeLists.txt:5 (project)


-- Looking for stdint.h - found
-- Looking for stddef.h
CMake Deprecation Warning at /home/runner/workspace/.ndk-tools/android-ndk-r27c/build/cmake/android.toolchain.cmake:35 (cmake_minimum_required):
  Compatibility with CMake < 3.10 will be removed from a future version of
  CMake.

  Update the VERSION argument <min> value.  Or, use the <min>...<max> syntax
  to tell CMake that the project requires at least <min> but has been updated
  to work with policies introduced by <max> or earlier.
Call Stack (most recent call first):
  /home/runner/workspace/thirdparty/vcpkg/scripts/toolchains/android.cmake:32 (include)
  /home/runner/workspace/thirdparty/vcpkg/scripts/buildsystems/vcpkg.cmake:210 (include)
  /home/runner/workspace/thirdparty/vcpkg/buildtrees/curl/arm64-android-dbg/CMakeFiles/4.3.3/CMakeSystem.cmake:6 (include)
  /home/runner/workspace/thirdparty/vcpkg/buildtrees/curl/arm64-android-dbg/CMakeFiles/CMakeScratch/TryCompile-e2fV0H/CMakeLists.txt:5 (project)


CMake Deprecation Warning at /home/runner/workspace/.ndk-tools/android-ndk-r27c/build/cmake/android-legacy.toolchain.cmake:35 (cmake_minimum_required):
  Compatibility with CMake < 3.10 will be removed from a future version of
  CMake.

  Update the VERSION argument <min> value.  Or, use the <min>...<max> syntax
  to tell CMake that the project requires at least <min> but has been updated
  to work with policies introduced by <max> or earlier.
Call Stack (most recent call first):
  /home/runner/workspace/.ndk-tools/android-ndk-r27c/build/cmake/android.toolchain.cmake:55 (include)
  /home/runner/workspace/thirdparty/vcpkg/scripts/toolchains/android.cmake:32 (include)
  /home/runner/workspace/thirdparty/vcpkg/scripts/buildsystems/vcpkg.cmake:210 (include)
  /home/runner/workspace/thirdparty/vcpkg/buildtrees/curl/arm64-android-dbg/CMakeFiles/4.3.3/CMakeSystem.cmake:6 (include)
  /home/runner/workspace/thirdparty/vcpkg/buildtrees/curl/arm64-android-dbg/CMakeFiles/CMakeScratch/TryCompile-e2fV0H/CMakeLists.txt:5 (project)


CMake Deprecation Warning at /home/runner/workspace/.ndk-tools/android-ndk-r27c/build/cmake/flags.cmake:18 (cmake_minimum_required):
  Compatibility with CMake < 3.10 will be removed from a future version of
  CMake.

  Update the VERSION argument <min> value.  Or, use the <min>...<max> syntax
  to tell CMake that the project requires at least <min> but has been updated
  to work with policies introduced by <max> or earlier.
Call Stack (most recent call first):
  /home/runner/workspace/thirdparty/vcpkg/downloads/tools/cmake-4.3.3-linux/cmake-4.3.3-linux-x86_64/share/cmake-4.3/Modules/Platform/Android-Clang.cmake:23 (include)
  /home/runner/workspace/thirdparty/vcpkg/downloads/tools/cmake-4.3.3-linux/cmake-4.3.3-linux-x86_64/share/cmake-4.3/Modules/Platform/Android-Clang-C.cmake:1 (include)
  /home/runner/workspace/thirdparty/vcpkg/downloads/tools/cmake-4.3.3-linux/cmake-4.3.3-linux-x86_64/share/cmake-4.3/Modules/CMakeCInformation.cmake:48 (include)
  /home/runner/workspace/thirdparty/vcpkg/buildtrees/curl/arm64-android-dbg/CMakeFiles/CMakeScratch/TryCompile-e2fV0H/CMakeLists.txt:5 (project)


-- Looking for stddef.h - found
-- Check size of size_t
CMake Deprecation Warning at /home/runner/workspace/.ndk-tools/android-ndk-r27c/build/cmake/android.toolchain.cmake:35 (cmake_minimum_required):
  Compatibility with CMake < 3.10 will be removed from a future version of
  CMake.

  Update the VERSION argument <min> value.  Or, use the <min>...<max> syntax
  to tell CMake that the project requires at least <min> but has been updated
  to work with policies introduced by <max> or earlier.
Call Stack (most recent call first):
  /home/runner/workspace/thirdparty/vcpkg/scripts/toolchains/android.cmake:32 (include)
  /home/runner/workspace/thirdparty/vcpkg/scripts/buildsystems/vcpkg.cmake:210 (include)
  /home/runner/workspace/thirdparty/vcpkg/buildtrees/curl/arm64-android-dbg/CMakeFiles/4.3.3/CMakeSystem.cmake:6 (include)
  /home/runner/workspace/thirdparty/vcpkg/buildtrees/curl/arm64-android-dbg/CMakeFiles/CMakeScratch/TryCompile-u6yrms/CMakeLists.txt:5 (project)


CMake Deprecation Warning at /home/runner/workspace/.ndk-tools/android-ndk-r27c/build/cmake/android-legacy.toolchain.cmake:35 (cmake_minimum_required):
  Compatibility with CMake < 3.10 will be removed from a future version of
  CMake.

  Update the VERSION argument <min> value.  Or, use the <min>...<max> syntax
  to tell CMake that the project requires at least <min> but has been updated
  to work with policies introduced by <max> or earlier.
Call Stack (most recent call first):
  /home/runner/workspace/.ndk-tools/android-ndk-r27c/build/cmake/android.toolchain.cmake:55 (include)
  /home/runner/workspace/thirdparty/vcpkg/scripts/toolchains/android.cmake:32 (include)
  /home/runner/workspace/thirdparty/vcpkg/scripts/buildsystems/vcpkg.cmake:210 (include)
  /home/runner/workspace/thirdparty/vcpkg/buildtrees/curl/arm64-android-dbg/CMakeFiles/4.3.3/CMakeSystem.cmake:6 (include)
  /home/runner/workspace/thirdparty/vcpkg/buildtrees/curl/arm64-android-dbg/CMakeFiles/CMakeScratch/TryCompile-u6yrms/CMakeLists.txt:5 (project)


CMake Deprecation Warning at /home/runner/workspace/.ndk-tools/android-ndk-r27c/build/cmake/flags.cmake:18 (cmake_minimum_required):
  Compatibility with CMake < 3.10 will be removed from a future version of
  CMake.

  Update the VERSION argument <min> value.  Or, use the <min>...<max> syntax
  to tell CMake that the project requires at least <min> but has been updated
  to work with policies introduced by <max> or earlier.
Call Stack (most recent call first):
  /home/runner/workspace/thirdparty/vcpkg/downloads/tools/cmake-4.3.3-linux/cmake-4.3.3-linux-x86_64/share/cmake-4.3/Modules/Platform/Android-Clang.cmake:23 (include)
  /home/runner/workspace/thirdparty/vcpkg/downloads/tools/cmake-4.3.3-linux/cmake-4.3.3-linux-x86_64/share/cmake-4.3/Modules/Platform/Android-Clang-C.cmake:1 (include)
  /home/runner/workspace/thirdparty/vcpkg/downloads/tools/cmake-4.3.3-linux/cmake-4.3.3-linux-x86_64/share/cmake-4.3/Modules/CMakeCInformation.cmake:48 (include)
  /home/runner/workspace/thirdparty/vcpkg/buildtrees/curl/arm64-android-dbg/CMakeFiles/CMakeScratch/TryCompile-u6yrms/CMakeLists.txt:5 (project)


-- Check size of size_t - done
-- Check size of ssize_t
CMake Deprecation Warning at /home/runner/workspace/.ndk-tools/android-ndk-r27c/build/cmake/android.toolchain.cmake:35 (cmake_minimum_required):
  Compatibility with CMake < 3.10 will be removed from a future version of
  CMake.

  Update the VERSION argument <min> value.  Or, use the <min>...<max> syntax
  to tell CMake that the project requires at least <min> but has been updated
  to work with policies introduced by <max> or earlier.
Call Stack (most recent call first):
  /home/runner/workspace/thirdparty/vcpkg/scripts/toolchains/android.cmake:32 (include)
  /home/runner/workspace/thirdparty/vcpkg/scripts/buildsystems/vcpkg.cmake:210 (include)
  /home/runner/workspace/thirdparty/vcpkg/buildtrees/curl/arm64-android-dbg/CMakeFiles/4.3.3/CMakeSystem.cmake:6 (include)
  /home/runner/workspace/thirdparty/vcpkg/buildtrees/curl/arm64-android-dbg/CMakeFiles/CMakeScratch/TryCompile-PndEig/CMakeLists.txt:5 (project)


CMake Deprecation Warning at /home/runner/workspace/.ndk-tools/android-ndk-r27c/build/cmake/android-legacy.toolchain.cmake:35 (cmake_minimum_required):
  Compatibility with CMake < 3.10 will be removed from a future version of
  CMake.

  Update the VERSION argument <min> value.  Or, use the <min>...<max> syntax
  to tell CMake that the project requires at least <min> but has been updated
  to work with policies introduced by <max> or earlier.
Call Stack (most recent call first):
  /home/runner/workspace/.ndk-tools/android-ndk-r27c/build/cmake/android.toolchain.cmake:55 (include)
  /home/runner/workspace/thirdparty/vcpkg/scripts/toolchains/android.cmake:32 (include)
  /home/runner/workspace/thirdparty/vcpkg/scripts/buildsystems/vcpkg.cmake:210 (include)
  /home/runner/workspace/thirdparty/vcpkg/buildtrees/curl/arm64-android-dbg/CMakeFiles/4.3.3/CMakeSystem.cmake:6 (include)
  /home/runner/workspace/thirdparty/vcpkg/buildtrees/curl/arm64-android-dbg/CMakeFiles/CMakeScratch/TryCompile-PndEig/CMakeLists.txt:5 (project)


CMake Deprecation Warning at /home/runner/workspace/.ndk-tools/android-ndk-r27c/build/cmake/flags.cmake:18 (cmake_minimum_required):
  Compatibility with CMake < 3.10 will be removed from a future version of
  CMake.

  Update the VERSION argument <min> value.  Or, use the <min>...<max> syntax
  to tell CMake that the project requires at least <min> but has been updated
  to work with policies introduced by <max> or earlier.
Call Stack (most recent call first):
  /home/runner/workspace/thirdparty/vcpkg/downloads/tools/cmake-4.3.3-linux/cmake-4.3.3-linux-x86_64/share/cmake-4.3/Modules/Platform/Android-Clang.cmake:23 (include)
  /home/runner/workspace/thirdparty/vcpkg/downloads/tools/cmake-4.3.3-linux/cmake-4.3.3-linux-x86_64/share/cmake-4.3/Modules/Platform/Android-Clang-C.cmake:1 (include)
  /home/runner/workspace/thirdparty/vcpkg/downloads/tools/cmake-4.3.3-linux/cmake-4.3.3-linux-x86_64/share/cmake-4.3/Modules/CMakeCInformation.cmake:48 (include)
  /home/runner/workspace/thirdparty/vcpkg/buildtrees/curl/arm64-android-dbg/CMakeFiles/CMakeScratch/TryCompile-PndEig/CMakeLists.txt:5 (project)


-- Check size of ssize_t - done
-- Check size of long long
CMake Deprecation Warning at /home/runner/workspace/.ndk-tools/android-ndk-r27c/build/cmake/android.toolchain.cmake:35 (cmake_minimum_required):
  Compatibility with CMake < 3.10 will be removed from a future version of
  CMake.

  Update the VERSION argument <min> value.  Or, use the <min>...<max> syntax
  to tell CMake that the project requires at least <min> but has been updated
  to work with policies introduced by <max> or earlier.
Call Stack (most recent call first):
  /home/runner/workspace/thirdparty/vcpkg/scripts/toolchains/android.cmake:32 (include)
  /home/runner/workspace/thirdparty/vcpkg/scripts/buildsystems/vcpkg.cmake:210 (include)
  /home/runner/workspace/thirdparty/vcpkg/buildtrees/curl/arm64-android-dbg/CMakeFiles/4.3.3/CMakeSystem.cmake:6 (include)
  /home/runner/workspace/thirdparty/vcpkg/buildtrees/curl/arm64-android-dbg/CMakeFiles/CMakeScratch/TryCompile-fLZz72/CMakeLists.txt:5 (project)


CMake Deprecation Warning at /home/runner/workspace/.ndk-tools/android-ndk-r27c/build/cmake/android-legacy.toolchain.cmake:35 (cmake_minimum_required):
  Compatibility with CMake < 3.10 will be removed from a future version of
  CMake.

  Update the VERSION argument <min> value.  Or, use the <min>...<max> syntax
  to tell CMake that the project requires at least <min> but has been updated
  to work with policies introduced by <max> or earlier.
Call Stack (most recent call first):
  /home/runner/workspace/.ndk-tools/android-ndk-r27c/build/cmake/android.toolchain.cmake:55 (include)
  /home/runner/workspace/thirdparty/vcpkg/scripts/toolchains/android.cmake:32 (include)
  /home/runner/workspace/thirdparty/vcpkg/scripts/buildsystems/vcpkg.cmake:210 (include)
  /home/runner/workspace/thirdparty/vcpkg/buildtrees/curl/arm64-android-dbg/CMakeFiles/4.3.3/CMakeSystem.cmake:6 (include)
  /home/runner/workspace/thirdparty/vcpkg/buildtrees/curl/arm64-android-dbg/CMakeFiles/CMakeScratch/TryCompile-fLZz72/CMakeLists.txt:5 (project)


CMake Deprecation Warning at /home/runner/workspace/.ndk-tools/android-ndk-r27c/build/cmake/flags.cmake:18 (cmake_minimum_required):
  Compatibility with CMake < 3.10 will be removed from a future version of
  CMake.

  Update the VERSION argument <min> value.  Or, use the <min>...<max> syntax
  to tell CMake that the project requires at least <min> but has been updated
  to work with policies introduced by <max> or earlier.
Call Stack (most recent call first):
  /home/runner/workspace/thirdparty/vcpkg/downloads/tools/cmake-4.3.3-linux/cmake-4.3.3-linux-x86_64/share/cmake-4.3/Modules/Platform/Android-Clang.cmake:23 (include)
  /home/runner/workspace/thirdparty/vcpkg/downloads/tools/cmake-4.3.3-linux/cmake-4.3.3-linux-x86_64/share/cmake-4.3/Modules/Platform/Android-Clang-C.cmake:1 (include)
  /home/runner/workspace/thirdparty/vcpkg/downloads/tools/cmake-4.3.3-linux/cmake-4.3.3-linux-x86_64/share/cmake-4.3/Modules/CMakeCInformation.cmake:48 (include)
  /home/runner/workspace/thirdparty/vcpkg/buildtrees/curl/arm64-android-dbg/CMakeFiles/CMakeScratch/TryCompile-fLZz72/CMakeLists.txt:5 (project)


-- Check size of long long - done
-- Check size of long
CMake Deprecation Warning at /home/runner/workspace/.ndk-tools/android-ndk-r27c/build/cmake/android.toolchain.cmake:35 (cmake_minimum_required):
  Compatibility with CMake < 3.10 will be removed from a future version of
  CMake.

  Update the VERSION argument <min> value.  Or, use the <min>...<max> syntax
  to tell CMake that the project requires at least <min> but has been updated
  to work with policies introduced by <max> or earlier.
Call Stack (most recent call first):
  /home/runner/workspace/thirdparty/vcpkg/scripts/toolchains/android.cmake:32 (include)
  /home/runner/workspace/thirdparty/vcpkg/scripts/buildsystems/vcpkg.cmake:210 (include)
  /home/runner/workspace/thirdparty/vcpkg/buildtrees/curl/arm64-android-dbg/CMakeFiles/4.3.3/CMakeSystem.cmake:6 (include)
  /home/runner/workspace/thirdparty/vcpkg/buildtrees/curl/arm64-android-dbg/CMakeFiles/CMakeScratch/TryCompile-nK7MXw/CMakeLists.txt:5 (project)


CMake Deprecation Warning at /home/runner/workspace/.ndk-tools/android-ndk-r27c/build/cmake/android-legacy.toolchain.cmake:35 (cmake_minimum_required):
  Compatibility with CMake < 3.10 will be removed from a future version of
  CMake.

  Update the VERSION argument <min> value.  Or, use the <min>...<max> syntax
  to tell CMake that the project requires at least <min> but has been updated
  to work with policies introduced by <max> or earlier.
Call Stack (most recent call first):
  /home/runner/workspace/.ndk-tools/android-ndk-r27c/build/cmake/android.toolchain.cmake:55 (include)
  /home/runner/workspace/thirdparty/vcpkg/scripts/toolchains/android.cmake:32 (include)
  /home/runner/workspace/thirdparty/vcpkg/scripts/buildsystems/vcpkg.cmake:210 (include)
  /home/runner/workspace/thirdparty/vcpkg/buildtrees/curl/arm64-android-dbg/CMakeFiles/4.3.3/CMakeSystem.cmake:6 (include)
  /home/runner/workspace/thirdparty/vcpkg/buildtrees/curl/arm64-android-dbg/CMakeFiles/CMakeScratch/TryCompile-nK7MXw/CMakeLists.txt:5 (project)


CMake Deprecation Warning at /home/runner/workspace/.ndk-tools/android-ndk-r27c/build/cmake/flags.cmake:18 (cmake_minimum_required):
  Compatibility with CMake < 3.10 will be removed from a future version of
  CMake.

  Update the VERSION argument <min> value.  Or, use the <min>...<max> syntax
  to tell CMake that the project requires at least <min> but has been updated
  to work with policies introduced by <max> or earlier.
Call Stack (most recent call first):
  /home/runner/workspace/thirdparty/vcpkg/downloads/tools/cmake-4.3.3-linux/cmake-4.3.3-linux-x86_64/share/cmake-4.3/Modules/Platform/Android-Clang.cmake:23 (include)
  /home/runner/workspace/thirdparty/vcpkg/downloads/tools/cmake-4.3.3-linux/cmake-4.3.3-linux-x86_64/share/cmake-4.3/Modules/Platform/Android-Clang-C.cmake:1 (include)
  /home/runner/workspace/thirdparty/vcpkg/downloads/tools/cmake-4.3.3-linux/cmake-4.3.3-linux-x86_64/share/cmake-4.3/Modules/CMakeCInformation.cmake:48 (include)
  /home/runner/workspace/thirdparty/vcpkg/buildtrees/curl/arm64-android-dbg/CMakeFiles/CMakeScratch/TryCompile-nK7MXw/CMakeLists.txt:5 (project)


-- Check size of long - done
-- Check size of int
CMake Deprecation Warning at /home/runner/workspace/.ndk-tools/android-ndk-r27c/build/cmake/android.toolchain.cmake:35 (cmake_minimum_required):
  Compatibility with CMake < 3.10 will be removed from a future version of
  CMake.

  Update the VERSION argument <min> value.  Or, use the <min>...<max> syntax
  to tell CMake that the project requires at least <min> but has been updated
  to work with policies introduced by <max> or earlier.
Call Stack (most recent call first):
  /home/runner/workspace/thirdparty/vcpkg/scripts/toolchains/android.cmake:32 (include)
  /home/runner/workspace/thirdparty/vcpkg/scripts/buildsystems/vcpkg.cmake:210 (include)
  /home/runner/workspace/thirdparty/vcpkg/buildtrees/curl/arm64-android-dbg/CMakeFiles/4.3.3/CMakeSystem.cmake:6 (include)
  /home/runner/workspace/thirdparty/vcpkg/buildtrees/curl/arm64-android-dbg/CMakeFiles/CMakeScratch/TryCompile-8V92fh/CMakeLists.txt:5 (project)


CMake Deprecation Warning at /home/runner/workspace/.ndk-tools/android-ndk-r27c/build/cmake/android-legacy.toolchain.cmake:35 (cmake_minimum_required):
  Compatibility with CMake < 3.10 will be removed from a future version of
  CMake.

  Update the VERSION argument <min> value.  Or, use the <min>...<max> syntax
  to tell CMake that the project requires at least <min> but has been updated
  to work with policies introduced by <max> or earlier.
Call Stack (most recent call first):
  /home/runner/workspace/.ndk-tools/android-ndk-r27c/build/cmake/android.toolchain.cmake:55 (include)
  /home/runner/workspace/thirdparty/vcpkg/scripts/toolchains/android.cmake:32 (include)
  /home/runner/workspace/thirdparty/vcpkg/scripts/buildsystems/vcpkg.cmake:210 (include)
  /home/runner/workspace/thirdparty/vcpkg/buildtrees/curl/arm64-android-dbg/CMakeFiles/4.3.3/CMakeSystem.cmake:6 (include)
  /home/runner/workspace/thirdparty/vcpkg/buildtrees/curl/arm64-android-dbg/CMakeFiles/CMakeScratch/TryCompile-8V92fh/CMakeLists.txt:5 (project)


CMake Deprecation Warning at /home/runner/workspace/.ndk-tools/android-ndk-r27c/build/cmake/flags.cmake:18 (cmake_minimum_required):
  Compatibility with CMake < 3.10 will be removed from a future version of
  CMake.

  Update the VERSION argument <min> value.  Or, use the <min>...<max> syntax
  to tell CMake that the project requires at least <min> but has been updated
  to work with policies introduced by <max> or earlier.
Call Stack (most recent call first):
  /home/runner/workspace/thirdparty/vcpkg/downloads/tools/cmake-4.3.3-linux/cmake-4.3.3-linux-x86_64/share/cmake-4.3/Modules/Platform/Android-Clang.cmake:23 (include)
  /home/runner/workspace/thirdparty/vcpkg/downloads/tools/cmake-4.3.3-linux/cmake-4.3.3-linux-x86_64/share/cmake-4.3/Modules/Platform/Android-Clang-C.cmake:1 (include)
  /home/runner/workspace/thirdparty/vcpkg/downloads/tools/cmake-4.3.3-linux/cmake-4.3.3-linux-x86_64/share/cmake-4.3/Modules/CMakeCInformation.cmake:48 (include)
  /home/runner/workspace/thirdparty/vcpkg/buildtrees/curl/arm64-android-dbg/CMakeFiles/CMakeScratch/TryCompile-8V92fh/CMakeLists.txt:5 (project)


-- Check size of int - done
-- Check size of __int64
CMake Deprecation Warning at /home/runner/workspace/.ndk-tools/android-ndk-r27c/build/cmake/android.toolchain.cmake:35 (cmake_minimum_required):
  Compatibility with CMake < 3.10 will be removed from a future version of
  CMake.

  Update the VERSION argument <min> value.  Or, use the <min>...<max> syntax
  to tell CMake that the project requires at least <min> but has been updated
  to work with policies introduced by <max> or earlier.
Call Stack (most recent call first):
  /home/runner/workspace/thirdparty/vcpkg/scripts/toolchains/android.cmake:32 (include)
  /home/runner/workspace/thirdparty/vcpkg/scripts/buildsystems/vcpkg.cmake:210 (include)
  /home/runner/workspace/thirdparty/vcpkg/buildtrees/curl/arm64-android-dbg/CMakeFiles/4.3.3/CMakeSystem.cmake:6 (include)
  /home/runner/workspace/thirdparty/vcpkg/buildtrees/curl/arm64-android-dbg/CMakeFiles/CMakeScratch/TryCompile-AcWtR6/CMakeLists.txt:5 (project)


CMake Deprecation Warning at /home/runner/workspace/.ndk-tools/android-ndk-r27c/build/cmake/android-legacy.toolchain.cmake:35 (cmake_minimum_required):
  Compatibility with CMake < 3.10 will be removed from a future version of
  CMake.

  Update the VERSION argument <min> value.  Or, use the <min>...<max> syntax
  to tell CMake that the project requires at least <min> but has been updated
  to work with policies introduced by <max> or earlier.
Call Stack (most recent call first):
  /home/runner/workspace/.ndk-tools/android-ndk-r27c/build/cmake/android.toolchain.cmake:55 (include)
  /home/runner/workspace/thirdparty/vcpkg/scripts/toolchains/android.cmake:32 (include)
  /home/runner/workspace/thirdparty/vcpkg/scripts/buildsystems/vcpkg.cmake:210 (include)
  /home/runner/workspace/thirdparty/vcpkg/buildtrees/curl/arm64-android-dbg/CMakeFiles/4.3.3/CMakeSystem.cmake:6 (include)
  /home/runner/workspace/thirdparty/vcpkg/buildtrees/curl/arm64-android-dbg/CMakeFiles/CMakeScratch/TryCompile-AcWtR6/CMakeLists.txt:5 (project)


CMake Deprecation Warning at /home/runner/workspace/.ndk-tools/android-ndk-r27c/build/cmake/flags.cmake:18 (cmake_minimum_required):
  Compatibility with CMake < 3.10 will be removed from a future version of
  CMake.

  Update the VERSION argument <min> value.  Or, use the <min>...<max> syntax
  to tell CMake that the project requires at least <min> but has been updated
  to work with policies introduced by <max> or earlier.
Call Stack (most recent call first):
  /home/runner/workspace/thirdparty/vcpkg/downloads/tools/cmake-4.3.3-linux/cmake-4.3.3-linux-x86_64/share/cmake-4.3/Modules/Platform/Android-Clang.cmake:23 (include)
  /home/runner/workspace/thirdparty/vcpkg/downloads/tools/cmake-4.3.3-linux/cmake-4.3.3-linux-x86_64/share/cmake-4.3/Modules/Platform/Android-Clang-C.cmake:1 (include)
  /home/runner/workspace/thirdparty/vcpkg/downloads/tools/cmake-4.3.3-linux/cmake-4.3.3-linux-x86_64/share/cmake-4.3/Modules/CMakeCInformation.cmake:48 (include)
  /home/runner/workspace/thirdparty/vcpkg/buildtrees/curl/arm64-android-dbg/CMakeFiles/CMakeScratch/TryCompile-AcWtR6/CMakeLists.txt:5 (project)


-- Check size of __int64 - failed
-- Check size of time_t
CMake Deprecation Warning at /home/runner/workspace/.ndk-tools/android-ndk-r27c/build/cmake/android.toolchain.cmake:35 (cmake_minimum_required):
  Compatibility with CMake < 3.10 will be removed from a future version of
  CMake.

  Update the VERSION argument <min> value.  Or, use the <min>...<max> syntax
  to tell CMake that the project requires at least <min> but has been updated
  to work with policies introduced by <max> or earlier.
Call Stack (most recent call first):
  /home/runner/workspace/thirdparty/vcpkg/scripts/toolchains/android.cmake:32 (include)
  /home/runner/workspace/thirdparty/vcpkg/scripts/buildsystems/vcpkg.cmake:210 (include)
  /home/runner/workspace/thirdparty/vcpkg/buildtrees/curl/arm64-android-dbg/CMakeFiles/4.3.3/CMakeSystem.cmake:6 (include)
  /home/runner/workspace/thirdparty/vcpkg/buildtrees/curl/arm64-android-dbg/CMakeFiles/CMakeScratch/TryCompile-6Ibk8w/CMakeLists.txt:5 (project)


CMake Deprecation Warning at /home/runner/workspace/.ndk-tools/android-ndk-r27c/build/cmake/android-legacy.toolchain.cmake:35 (cmake_minimum_required):
  Compatibility with CMake < 3.10 will be removed from a future version of
  CMake.

  Update the VERSION argument <min> value.  Or, use the <min>...<max> syntax
  to tell CMake that the project requires at least <min> but has been updated
  to work with policies introduced by <max> or earlier.
Call Stack (most recent call first):
  /home/runner/workspace/.ndk-tools/android-ndk-r27c/build/cmake/android.toolchain.cmake:55 (include)
  /home/runner/workspace/thirdparty/vcpkg/scripts/toolchains/android.cmake:32 (include)
  /home/runner/workspace/thirdparty/vcpkg/scripts/buildsystems/vcpkg.cmake:210 (include)
  /home/runner/workspace/thirdparty/vcpkg/buildtrees/curl/arm64-android-dbg/CMakeFiles/4.3.3/CMakeSystem.cmake:6 (include)
  /home/runner/workspace/thirdparty/vcpkg/buildtrees/curl/arm64-android-dbg/CMakeFiles/CMakeScratch/TryCompile-6Ibk8w/CMakeLists.txt:5 (project)


CMake Deprecation Warning at /home/runner/workspace/.ndk-tools/android-ndk-r27c/build/cmake/flags.cmake:18 (cmake_minimum_required):
  Compatibility with CMake < 3.10 will be removed from a future version of
  CMake.

  Update the VERSION argument <min> value.  Or, use the <min>...<max> syntax
  to tell CMake that the project requires at least <min> but has been updated
  to work with policies introduced by <max> or earlier.
Call Stack (most recent call first):
  /home/runner/workspace/thirdparty/vcpkg/downloads/tools/cmake-4.3.3-linux/cmake-4.3.3-linux-x86_64/share/cmake-4.3/Modules/Platform/Android-Clang.cmake:23 (include)
  /home/runner/workspace/thirdparty/vcpkg/downloads/tools/cmake-4.3.3-linux/cmake-4.3.3-linux-x86_64/share/cmake-4.3/Modules/Platform/Android-Clang-C.cmake:1 (include)
  /home/runner/workspace/thirdparty/vcpkg/downloads/tools/cmake-4.3.3-linux/cmake-4.3.3-linux-x86_64/share/cmake-4.3/Modules/CMakeCInformation.cmake:48 (include)
  /home/runner/workspace/thirdparty/vcpkg/buildtrees/curl/arm64-android-dbg/CMakeFiles/CMakeScratch/TryCompile-6Ibk8w/CMakeLists.txt:5 (project)


-- Check size of time_t - done
-- Check size of suseconds_t
CMake Deprecation Warning at /home/runner/workspace/.ndk-tools/android-ndk-r27c/build/cmake/android.toolchain.cmake:35 (cmake_minimum_required):
  Compatibility with CMake < 3.10 will be removed from a future version of
  CMake.

  Update the VERSION argument <min> value.  Or, use the <min>...<max> syntax
  to tell CMake that the project requires at least <min> but has been updated
  to work with policies introduced by <max> or earlier.
Call Stack (most recent call first):
  /home/runner/workspace/thirdparty/vcpkg/scripts/toolchains/android.cmake:32 (include)
  /home/runner/workspace/thirdparty/vcpkg/scripts/buildsystems/vcpkg.cmake:210 (include)
  /home/runner/workspace/thirdparty/vcpkg/buildtrees/curl/arm64-android-dbg/CMakeFiles/4.3.3/CMakeSystem.cmake:6 (include)
  /home/runner/workspace/thirdparty/vcpkg/buildtrees/curl/arm64-android-dbg/CMakeFiles/CMakeScratch/TryCompile-g9b58v/CMakeLists.txt:5 (project)


CMake Deprecation Warning at /home/runner/workspace/.ndk-tools/android-ndk-r27c/build/cmake/android-legacy.toolchain.cmake:35 (cmake_minimum_required):
  Compatibility with CMake < 3.10 will be removed from a future version of
  CMake.

  Update the VERSION argument <min> value.  Or, use the <min>...<max> syntax
  to tell CMake that the project requires at least <min> but has been updated
  to work with policies introduced by <max> or earlier.
Call Stack (most recent call first):
  /home/runner/workspace/.ndk-tools/android-ndk-r27c/build/cmake/android.toolchain.cmake:55 (include)
  /home/runner/workspace/thirdparty/vcpkg/scripts/toolchains/android.cmake:32 (include)
  /home/runner/workspace/thirdparty/vcpkg/scripts/buildsystems/vcpkg.cmake:210 (include)
  /home/runner/workspace/thirdparty/vcpkg/buildtrees/curl/arm64-android-dbg/CMakeFiles/4.3.3/CMakeSystem.cmake:6 (include)
  /home/runner/workspace/thirdparty/vcpkg/buildtrees/curl/arm64-android-dbg/CMakeFiles/CMakeScratch/TryCompile-g9b58v/CMakeLists.txt:5 (project)


CMake Deprecation Warning at /home/runner/workspace/.ndk-tools/android-ndk-r27c/build/cmake/flags.cmake:18 (cmake_minimum_required):
  Compatibility with CMake < 3.10 will be removed from a future version of
  CMake.

  Update the VERSION argument <min> value.  Or, use the <min>...<max> syntax
  to tell CMake that the project requires at least <min> but has been updated
  to work with policies introduced by <max> or earlier.
Call Stack (most recent call first):
  /home/runner/workspace/thirdparty/vcpkg/downloads/tools/cmake-4.3.3-linux/cmake-4.3.3-linux-x86_64/share/cmake-4.3/Modules/Platform/Android-Clang.cmake:23 (include)
  /home/runner/workspace/thirdparty/vcpkg/downloads/tools/cmake-4.3.3-linux/cmake-4.3.3-linux-x86_64/share/cmake-4.3/Modules/Platform/Android-Clang-C.cmake:1 (include)
  /home/runner/workspace/thirdparty/vcpkg/downloads/tools/cmake-4.3.3-linux/cmake-4.3.3-linux-x86_64/share/cmake-4.3/Modules/CMakeCInformation.cmake:48 (include)
  /home/runner/workspace/thirdparty/vcpkg/buildtrees/curl/arm64-android-dbg/CMakeFiles/CMakeScratch/TryCompile-g9b58v/CMakeLists.txt:5 (project)


-- Check size of suseconds_t - done
-- Looking for fnmatch
CMake Deprecation Warning at /home/runner/workspace/.ndk-tools/android-ndk-r27c/build/cmake/android.toolchain.cmake:35 (cmake_minimum_required):
  Compatibility with CMake < 3.10 will be removed from a future version of
  CMake.

  Update the VERSION argument <min> value.  Or, use the <min>...<max> syntax
  to tell CMake that the project requires at least <min> but has been updated
  to work with policies introduced by <max> or earlier.
Call Stack (most recent call first):
  /home/runner/workspace/thirdparty/vcpkg/scripts/toolchains/android.cmake:32 (include)
  /home/runner/workspace/thirdparty/vcpkg/scripts/buildsystems/vcpkg.cmake:210 (include)
  /home/runner/workspace/thirdparty/vcpkg/buildtrees/curl/arm64-android-dbg/CMakeFiles/4.3.3/CMakeSystem.cmake:6 (include)
  /home/runner/workspace/thirdparty/vcpkg/buildtrees/curl/arm64-android-dbg/CMakeFiles/CMakeScratch/TryCompile-6HCFgj/CMakeLists.txt:5 (project)


CMake Deprecation Warning at /home/runner/workspace/.ndk-tools/android-ndk-r27c/build/cmake/android-legacy.toolchain.cmake:35 (cmake_minimum_required):
  Compatibility with CMake < 3.10 will be removed from a future version of
  CMake.

  Update the VERSION argument <min> value.  Or, use the <min>...<max> syntax
  to tell CMake that the project requires at least <min> but has been updated
  to work with policies introduced by <max> or earlier.
Call Stack (most recent call first):
  /home/runner/workspace/.ndk-tools/android-ndk-r27c/build/cmake/android.toolchain.cmake:55 (include)
  /home/runner/workspace/thirdparty/vcpkg/scripts/toolchains/android.cmake:32 (include)
  /home/runner/workspace/thirdparty/vcpkg/scripts/buildsystems/vcpkg.cmake:210 (include)
  /home/runner/workspace/thirdparty/vcpkg/buildtrees/curl/arm64-android-dbg/CMakeFiles/4.3.3/CMakeSystem.cmake:6 (include)
  /home/runner/workspace/thirdparty/vcpkg/buildtrees/curl/arm64-android-dbg/CMakeFiles/CMakeScratch/TryCompile-6HCFgj/CMakeLists.txt:5 (project)


CMake Deprecation Warning at /home/runner/workspace/.ndk-tools/android-ndk-r27c/build/cmake/flags.cmake:18 (cmake_minimum_required):
  Compatibility with CMake < 3.10 will be removed from a future version of
  CMake.

  Update the VERSION argument <min> value.  Or, use the <min>...<max> syntax
  to tell CMake that the project requires at least <min> but has been updated
  to work with policies introduced by <max> or earlier.
Call Stack (most recent call first):
  /home/runner/workspace/thirdparty/vcpkg/downloads/tools/cmake-4.3.3-linux/cmake-4.3.3-linux-x86_64/share/cmake-4.3/Modules/Platform/Android-Clang.cmake:23 (include)
  /home/runner/workspace/thirdparty/vcpkg/downloads/tools/cmake-4.3.3-linux/cmake-4.3.3-linux-x86_64/share/cmake-4.3/Modules/Platform/Android-Clang-C.cmake:1 (include)
  /home/runner/workspace/thirdparty/vcpkg/downloads/tools/cmake-4.3.3-linux/cmake-4.3.3-linux-x86_64/share/cmake-4.3/Modules/CMakeCInformation.cmake:48 (include)
  /home/runner/workspace/thirdparty/vcpkg/buildtrees/curl/arm64-android-dbg/CMakeFiles/CMakeScratch/TryCompile-6HCFgj/CMakeLists.txt:5 (project)


-- Looking for fnmatch - found
-- Looking for basename
CMake Deprecation Warning at /home/runner/workspace/.ndk-tools/android-ndk-r27c/build/cmake/android.toolchain.cmake:35 (cmake_minimum_required):
  Compatibility with CMake < 3.10 will be removed from a future version of
  CMake.

  Update the VERSION argument <min> value.  Or, use the <min>...<max> syntax
  to tell CMake that the project requires at least <min> but has been updated
  to work with policies introduced by <max> or earlier.
Call Stack (most recent call first):
  /home/runner/workspace/thirdparty/vcpkg/scripts/toolchains/android.cmake:32 (include)
  /home/runner/workspace/thirdparty/vcpkg/scripts/buildsystems/vcpkg.cmake:210 (include)
  /home/runner/workspace/thirdparty/vcpkg/buildtrees/curl/arm64-android-dbg/CMakeFiles/4.3.3/CMakeSystem.cmake:6 (include)
  /home/runner/workspace/thirdparty/vcpkg/buildtrees/curl/arm64-android-dbg/CMakeFiles/CMakeScratch/TryCompile-RWrtxV/CMakeLists.txt:5 (project)


CMake Deprecation Warning at /home/runner/workspace/.ndk-tools/android-ndk-r27c/build/cmake/android-legacy.toolchain.cmake:35 (cmake_minimum_required):
  Compatibility with CMake < 3.10 will be removed from a future version of
  CMake.

  Update the VERSION argument <min> value.  Or, use the <min>...<max> syntax
  to tell CMake that the project requires at least <min> but has been updated
  to work with policies introduced by <max> or earlier.
Call Stack (most recent call first):
  /home/runner/workspace/.ndk-tools/android-ndk-r27c/build/cmake/android.toolchain.cmake:55 (include)
  /home/runner/workspace/thirdparty/vcpkg/scripts/toolchains/android.cmake:32 (include)
  /home/runner/workspace/thirdparty/vcpkg/scripts/buildsystems/vcpkg.cmake:210 (include)
  /home/runner/workspace/thirdparty/vcpkg/buildtrees/curl/arm64-android-dbg/CMakeFiles/4.3.3/CMakeSystem.cmake:6 (include)
  /home/runner/workspace/thirdparty/vcpkg/buildtrees/curl/arm64-android-dbg/CMakeFiles/CMakeScratch/TryCompile-RWrtxV/CMakeLists.txt:5 (project)


CMake Deprecation Warning at /home/runner/workspace/.ndk-tools/android-ndk-r27c/build/cmake/flags.cmake:18 (cmake_minimum_required):
  Compatibility with CMake < 3.10 will be removed from a future version of
  CMake.

  Update the VERSION argument <min> value.  Or, use the <min>...<max> syntax
  to tell CMake that the project requires at least <min> but has been updated
  to work with policies introduced by <max> or earlier.
Call Stack (most recent call first):
  /home/runner/workspace/thirdparty/vcpkg/downloads/tools/cmake-4.3.3-linux/cmake-4.3.3-linux-x86_64/share/cmake-4.3/Modules/Platform/Android-Clang.cmake:23 (include)
  /home/runner/workspace/thirdparty/vcpkg/downloads/tools/cmake-4.3.3-linux/cmake-4.3.3-linux-x86_64/share/cmake-4.3/Modules/Platform/Android-Clang-C.cmake:1 (include)
  /home/runner/workspace/thirdparty/vcpkg/downloads/tools/cmake-4.3.3-linux/cmake-4.3.3-linux-x86_64/share/cmake-4.3/Modules/CMakeCInformation.cmake:48 (include)
  /home/runner/workspace/thirdparty/vcpkg/buildtrees/curl/arm64-android-dbg/CMakeFiles/CMakeScratch/TryCompile-RWrtxV/CMakeLists.txt:5 (project)


-- Looking for basename - found
-- Looking for opendir
CMake Deprecation Warning at /home/runner/workspace/.ndk-tools/android-ndk-r27c/build/cmake/android.toolchain.cmake:35 (cmake_minimum_required):
  Compatibility with CMake < 3.10 will be removed from a future version of
  CMake.

  Update the VERSION argument <min> value.  Or, use the <min>...<max> syntax
  to tell CMake that the project requires at least <min> but has been updated
  to work with policies introduced by <max> or earlier.
Call Stack (most recent call first):
  /home/runner/workspace/thirdparty/vcpkg/scripts/toolchains/android.cmake:32 (include)
  /home/runner/workspace/thirdparty/vcpkg/scripts/buildsystems/vcpkg.cmake:210 (include)
  /home/runner/workspace/thirdparty/vcpkg/buildtrees/curl/arm64-android-dbg/CMakeFiles/4.3.3/CMakeSystem.cmake:6 (include)
  /home/runner/workspace/thirdparty/vcpkg/buildtrees/curl/arm64-android-dbg/CMakeFiles/CMakeScratch/TryCompile-GShEt2/CMakeLists.txt:5 (project)


CMake Deprecation Warning at /home/runner/workspace/.ndk-tools/android-ndk-r27c/build/cmake/android-legacy.toolchain.cmake:35 (cmake_minimum_required):
  Compatibility with CMake < 3.10 will be removed from a future version of
  CMake.

  Update the VERSION argument <min> value.  Or, use the <min>...<max> syntax
  to tell CMake that the project requires at least <min> but has been updated
  to work with policies introduced by <max> or earlier.
Call Stack (most recent call first):
  /home/runner/workspace/.ndk-tools/android-ndk-r27c/build/cmake/android.toolchain.cmake:55 (include)
  /home/runner/workspace/thirdparty/vcpkg/scripts/toolchains/android.cmake:32 (include)
  /home/runner/workspace/thirdparty/vcpkg/scripts/buildsystems/vcpkg.cmake:210 (include)
  /home/runner/workspace/thirdparty/vcpkg/buildtrees/curl/arm64-android-dbg/CMakeFiles/4.3.3/CMakeSystem.cmake:6 (include)
  /home/runner/workspace/thirdparty/vcpkg/buildtrees/curl/arm64-android-dbg/CMakeFiles/CMakeScratch/TryCompile-GShEt2/CMakeLists.txt:5 (project)


CMake Deprecation Warning at /home/runner/workspace/.ndk-tools/android-ndk-r27c/build/cmake/flags.cmake:18 (cmake_minimum_required):
  Compatibility with CMake < 3.10 will be removed from a future version of
  CMake.

  Update the VERSION argument <min> value.  Or, use the <min>...<max> syntax
  to tell CMake that the project requires at least <min> but has been updated
  to work with policies introduced by <max> or earlier.
Call Stack (most recent call first):
  /home/runner/workspace/thirdparty/vcpkg/downloads/tools/cmake-4.3.3-linux/cmake-4.3.3-linux-x86_64/share/cmake-4.3/Modules/Platform/Android-Clang.cmake:23 (include)
  /home/runner/workspace/thirdparty/vcpkg/downloads/tools/cmake-4.3.3-linux/cmake-4.3.3-linux-x86_64/share/cmake-4.3/Modules/Platform/Android-Clang-C.cmake:1 (include)
  /home/runner/workspace/thirdparty/vcpkg/downloads/tools/cmake-4.3.3-linux/cmake-4.3.3-linux-x86_64/share/cmake-4.3/Modules/CMakeCInformation.cmake:48 (include)
  /home/runner/workspace/thirdparty/vcpkg/buildtrees/curl/arm64-android-dbg/CMakeFiles/CMakeScratch/TryCompile-GShEt2/CMakeLists.txt:5 (project)


-- Looking for opendir - found
-- Looking for poll
CMake Deprecation Warning at /home/runner/workspace/.ndk-tools/android-ndk-r27c/build/cmake/android.toolchain.cmake:35 (cmake_minimum_required):
  Compatibility with CMake < 3.10 will be removed from a future version of
  CMake.

  Update the VERSION argument <min> value.  Or, use the <min>...<max> syntax
  to tell CMake that the project requires at least <min> but has been updated
  to work with policies introduced by <max> or earlier.
Call Stack (most recent call first):
  /home/runner/workspace/thirdparty/vcpkg/scripts/toolchains/android.cmake:32 (include)
  /home/runner/workspace/thirdparty/vcpkg/scripts/buildsystems/vcpkg.cmake:210 (include)
  /home/runner/workspace/thirdparty/vcpkg/buildtrees/curl/arm64-android-dbg/CMakeFiles/4.3.3/CMakeSystem.cmake:6 (include)
  /home/runner/workspace/thirdparty/vcpkg/buildtrees/curl/arm64-android-dbg/CMakeFiles/CMakeScratch/TryCompile-2ri38M/CMakeLists.txt:5 (project)


CMake Deprecation Warning at /home/runner/workspace/.ndk-tools/android-ndk-r27c/build/cmake/android-legacy.toolchain.cmake:35 (cmake_minimum_required):
  Compatibility with CMake < 3.10 will be removed from a future version of
  CMake.

  Update the VERSION argument <min> value.  Or, use the <min>...<max> syntax
  to tell CMake that the project requires at least <min> but has been updated
  to work with policies introduced by <max> or earlier.
Call Stack (most recent call first):
  /home/runner/workspace/.ndk-tools/android-ndk-r27c/build/cmake/android.toolchain.cmake:55 (include)
  /home/runner/workspace/thirdparty/vcpkg/scripts/toolchains/android.cmake:32 (include)
  /home/runner/workspace/thirdparty/vcpkg/scripts/buildsystems/vcpkg.cmake:210 (include)
  /home/runner/workspace/thirdparty/vcpkg/buildtrees/curl/arm64-android-dbg/CMakeFiles/4.3.3/CMakeSystem.cmake:6 (include)
  /home/runner/workspace/thirdparty/vcpkg/buildtrees/curl/arm64-android-dbg/CMakeFiles/CMakeScratch/TryCompile-2ri38M/CMakeLists.txt:5 (project)


CMake Deprecation Warning at /home/runner/workspace/.ndk-tools/android-ndk-r27c/build/cmake/flags.cmake:18 (cmake_minimum_required):
  Compatibility with CMake < 3.10 will be removed from a future version of
  CMake.

  Update the VERSION argument <min> value.  Or, use the <min>...<max> syntax
  to tell CMake that the project requires at least <min> but has been updated
  to work with policies introduced by <max> or earlier.
Call Stack (most recent call first):
  /home/runner/workspace/thirdparty/vcpkg/downloads/tools/cmake-4.3.3-linux/cmake-4.3.3-linux-x86_64/share/cmake-4.3/Modules/Platform/Android-Clang.cmake:23 (include)
  /home/runner/workspace/thirdparty/vcpkg/downloads/tools/cmake-4.3.3-linux/cmake-4.3.3-linux-x86_64/share/cmake-4.3/Modules/Platform/Android-Clang-C.cmake:1 (include)
  /home/runner/workspace/thirdparty/vcpkg/downloads/tools/cmake-4.3.3-linux/cmake-4.3.3-linux-x86_64/share/cmake-4.3/Modules/CMakeCInformation.cmake:48 (include)
  /home/runner/workspace/thirdparty/vcpkg/buildtrees/curl/arm64-android-dbg/CMakeFiles/CMakeScratch/TryCompile-2ri38M/CMakeLists.txt:5 (project)


-- Looking for poll - found
-- Looking for socket
CMake Deprecation Warning at /home/runner/workspace/.ndk-tools/android-ndk-r27c/build/cmake/android.toolchain.cmake:35 (cmake_minimum_required):
  Compatibility with CMake < 3.10 will be removed from a future version of
  CMake.

  Update the VERSION argument <min> value.  Or, use the <min>...<max> syntax
  to tell CMake that the project requires at least <min> but has been updated
  to work with policies introduced by <max> or earlier.
Call Stack (most recent call first):
  /home/runner/workspace/thirdparty/vcpkg/scripts/toolchains/android.cmake:32 (include)
  /home/runner/workspace/thirdparty/vcpkg/scripts/buildsystems/vcpkg.cmake:210 (include)
  /home/runner/workspace/thirdparty/vcpkg/buildtrees/curl/arm64-android-dbg/CMakeFiles/4.3.3/CMakeSystem.cmake:6 (include)
  /home/runner/workspace/thirdparty/vcpkg/buildtrees/curl/arm64-android-dbg/CMakeFiles/CMakeScratch/TryCompile-8iJu3b/CMakeLists.txt:5 (project)


CMake Deprecation Warning at /home/runner/workspace/.ndk-tools/android-ndk-r27c/build/cmake/android-legacy.toolchain.cmake:35 (cmake_minimum_required):
  Compatibility with CMake < 3.10 will be removed from a future version of
  CMake.

  Update the VERSION argument <min> value.  Or, use the <min>...<max> syntax
  to tell CMake that the project requires at least <min> but has been updated
  to work with policies introduced by <max> or earlier.
Call Stack (most recent call first):
  /home/runner/workspace/.ndk-tools/android-ndk-r27c/build/cmake/android.toolchain.cmake:55 (include)
  /home/runner/workspace/thirdparty/vcpkg/scripts/toolchains/android.cmake:32 (include)
  /home/runner/workspace/thirdparty/vcpkg/scripts/buildsystems/vcpkg.cmake:210 (include)
  /home/runner/workspace/thirdparty/vcpkg/buildtrees/curl/arm64-android-dbg/CMakeFiles/4.3.3/CMakeSystem.cmake:6 (include)
  /home/runner/workspace/thirdparty/vcpkg/buildtrees/curl/arm64-android-dbg/CMakeFiles/CMakeScratch/TryCompile-8iJu3b/CMakeLists.txt:5 (project)


CMake Deprecation Warning at /home/runner/workspace/.ndk-tools/android-ndk-r27c/build/cmake/flags.cmake:18 (cmake_minimum_required):
  Compatibility with CMake < 3.10 will be removed from a future version of
  CMake.

  Update the VERSION argument <min> value.  Or, use the <min>...<max> syntax
  to tell CMake that the project requires at least <min> but has been updated
  to work with policies introduced by <max> or earlier.
Call Stack (most recent call first):
  /home/runner/workspace/thirdparty/vcpkg/downloads/tools/cmake-4.3.3-linux/cmake-4.3.3-linux-x86_64/share/cmake-4.3/Modules/Platform/Android-Clang.cmake:23 (include)
  /home/runner/workspace/thirdparty/vcpkg/downloads/tools/cmake-4.3.3-linux/cmake-4.3.3-linux-x86_64/share/cmake-4.3/Modules/Platform/Android-Clang-C.cmake:1 (include)
  /home/runner/workspace/thirdparty/vcpkg/downloads/tools/cmake-4.3.3-linux/cmake-4.3.3-linux-x86_64/share/cmake-4.3/Modules/CMakeCInformation.cmake:48 (include)
  /home/runner/workspace/thirdparty/vcpkg/buildtrees/curl/arm64-android-dbg/CMakeFiles/CMakeScratch/TryCompile-8iJu3b/CMakeLists.txt:5 (project)


-- Looking for socket - found
-- Looking for sched_yield
CMake Deprecation Warning at /home/runner/workspace/.ndk-tools/android-ndk-r27c/build/cmake/android.toolchain.cmake:35 (cmake_minimum_required):
  Compatibility with CMake < 3.10 will be removed from a future version of
  CMake.

  Update the VERSION argument <min> value.  Or, use the <min>...<max> syntax
  to tell CMake that the project requires at least <min> but has been updated
  to work with policies introduced by <max> or earlier.
Call Stack (most recent call first):
  /home/runner/workspace/thirdparty/vcpkg/scripts/toolchains/android.cmake:32 (include)
  /home/runner/workspace/thirdparty/vcpkg/scripts/buildsystems/vcpkg.cmake:210 (include)
  /home/runner/workspace/thirdparty/vcpkg/buildtrees/curl/arm64-android-dbg/CMakeFiles/4.3.3/CMakeSystem.cmake:6 (include)
  /home/runner/workspace/thirdparty/vcpkg/buildtrees/curl/arm64-android-dbg/CMakeFiles/CMakeScratch/TryCompile-mcyb9s/CMakeLists.txt:5 (project)


CMake Deprecation Warning at /home/runner/workspace/.ndk-tools/android-ndk-r27c/build/cmake/android-legacy.toolchain.cmake:35 (cmake_minimum_required):
  Compatibility with CMake < 3.10 will be removed from a future version of
  CMake.

  Update the VERSION argument <min> value.  Or, use the <min>...<max> syntax
  to tell CMake that the project requires at least <min> but has been updated
  to work with policies introduced by <max> or earlier.
Call Stack (most recent call first):
  /home/runner/workspace/.ndk-tools/android-ndk-r27c/build/cmake/android.toolchain.cmake:55 (include)
  /home/runner/workspace/thirdparty/vcpkg/scripts/toolchains/android.cmake:32 (include)
  /home/runner/workspace/thirdparty/vcpkg/scripts/buildsystems/vcpkg.cmake:210 (include)
  /home/runner/workspace/thirdparty/vcpkg/buildtrees/curl/arm64-android-dbg/CMakeFiles/4.3.3/CMakeSystem.cmake:6 (include)
  /home/runner/workspace/thirdparty/vcpkg/buildtrees/curl/arm64-android-dbg/CMakeFiles/CMakeScratch/TryCompile-mcyb9s/CMakeLists.txt:5 (project)


CMake Deprecation Warning at /home/runner/workspace/.ndk-tools/android-ndk-r27c/build/cmake/flags.cmake:18 (cmake_minimum_required):
  Compatibility with CMake < 3.10 will be removed from a future version of
  CMake.

  Update the VERSION argument <min> value.  Or, use the <min>...<max> syntax
  to tell CMake that the project requires at least <min> but has been updated
  to work with policies introduced by <max> or earlier.
Call Stack (most recent call first):
  /home/runner/workspace/thirdparty/vcpkg/downloads/tools/cmake-4.3.3-linux/cmake-4.3.3-linux-x86_64/share/cmake-4.3/Modules/Platform/Android-Clang.cmake:23 (include)
  /home/runner/workspace/thirdparty/vcpkg/downloads/tools/cmake-4.3.3-linux/cmake-4.3.3-linux-x86_64/share/cmake-4.3/Modules/Platform/Android-Clang-C.cmake:1 (include)
  /home/runner/workspace/thirdparty/vcpkg/downloads/tools/cmake-4.3.3-linux/cmake-4.3.3-linux-x86_64/share/cmake-4.3/Modules/CMakeCInformation.cmake:48 (include)
  /home/runner/workspace/thirdparty/vcpkg/buildtrees/curl/arm64-android-dbg/CMakeFiles/CMakeScratch/TryCompile-mcyb9s/CMakeLists.txt:5 (project)


-- Looking for sched_yield - found
-- Looking for socketpair
CMake Deprecation Warning at /home/runner/workspace/.ndk-tools/android-ndk-r27c/build/cmake/android.toolchain.cmake:35 (cmake_minimum_required):
  Compatibility with CMake < 3.10 will be removed from a future version of
  CMake.

  Update the VERSION argument <min> value.  Or, use the <min>...<max> syntax
  to tell CMake that the project requires at least <min> but has been updated
  to work with policies introduced by <max> or earlier.
Call Stack (most recent call first):
  /home/runner/workspace/thirdparty/vcpkg/scripts/toolchains/android.cmake:32 (include)
  /home/runner/workspace/thirdparty/vcpkg/scripts/buildsystems/vcpkg.cmake:210 (include)
  /home/runner/workspace/thirdparty/vcpkg/buildtrees/curl/arm64-android-dbg/CMakeFiles/4.3.3/CMakeSystem.cmake:6 (include)
  /home/runner/workspace/thirdparty/vcpkg/buildtrees/curl/arm64-android-dbg/CMakeFiles/CMakeScratch/TryCompile-suR5ft/CMakeLists.txt:5 (project)


CMake Deprecation Warning at /home/runner/workspace/.ndk-tools/android-ndk-r27c/build/cmake/android-legacy.toolchain.cmake:35 (cmake_minimum_required):
  Compatibility with CMake < 3.10 will be removed from a future version of
  CMake.

  Update the VERSION argument <min> value.  Or, use the <min>...<max> syntax
  to tell CMake that the project requires at least <min> but has been updated
  to work with policies introduced by <max> or earlier.
Call Stack (most recent call first):
  /home/runner/workspace/.ndk-tools/android-ndk-r27c/build/cmake/android.toolchain.cmake:55 (include)
  /home/runner/workspace/thirdparty/vcpkg/scripts/toolchains/android.cmake:32 (include)
  /home/runner/workspace/thirdparty/vcpkg/scripts/buildsystems/vcpkg.cmake:210 (include)
  /home/runner/workspace/thirdparty/vcpkg/buildtrees/curl/arm64-android-dbg/CMakeFiles/4.3.3/CMakeSystem.cmake:6 (include)
  /home/runner/workspace/thirdparty/vcpkg/buildtrees/curl/arm64-android-dbg/CMakeFiles/CMakeScratch/TryCompile-suR5ft/CMakeLists.txt:5 (project)


CMake Deprecation Warning at /home/runner/workspace/.ndk-tools/android-ndk-r27c/build/cmake/flags.cmake:18 (cmake_minimum_required):
  Compatibility with CMake < 3.10 will be removed from a future version of
  CMake.

  Update the VERSION argument <min> value.  Or, use the <min>...<max> syntax
  to tell CMake that the project requires at least <min> but has been updated
  to work with policies introduced by <max> or earlier.
Call Stack (most recent call first):
  /home/runner/workspace/thirdparty/vcpkg/downloads/tools/cmake-4.3.3-linux/cmake-4.3.3-linux-x86_64/share/cmake-4.3/Modules/Platform/Android-Clang.cmake:23 (include)
  /home/runner/workspace/thirdparty/vcpkg/downloads/tools/cmake-4.3.3-linux/cmake-4.3.3-linux-x86_64/share/cmake-4.3/Modules/Platform/Android-Clang-C.cmake:1 (include)
  /home/runner/workspace/thirdparty/vcpkg/downloads/tools/cmake-4.3.3-linux/cmake-4.3.3-linux-x86_64/share/cmake-4.3/Modules/CMakeCInformation.cmake:48 (include)
  /home/runner/workspace/thirdparty/vcpkg/buildtrees/curl/arm64-android-dbg/CMakeFiles/CMakeScratch/TryCompile-suR5ft/CMakeLists.txt:5 (project)


-- Looking for socketpair - found
-- Looking for recv
CMake Deprecation Warning at /home/runner/workspace/.ndk-tools/android-ndk-r27c/build/cmake/android.toolchain.cmake:35 (cmake_minimum_required):
  Compatibility with CMake < 3.10 will be removed from a future version of
  CMake.

  Update the VERSION argument <min> value.  Or, use the <min>...<max> syntax
  to tell CMake that the project requires at least <min> but has been updated
  to work with policies introduced by <max> or earlier.
Call Stack (most recent call first):
  /home/runner/workspace/thirdparty/vcpkg/scripts/toolchains/android.cmake:32 (include)
  /home/runner/workspace/thirdparty/vcpkg/scripts/buildsystems/vcpkg.cmake:210 (include)
  /home/runner/workspace/thirdparty/vcpkg/buildtrees/curl/arm64-android-dbg/CMakeFiles/4.3.3/CMakeSystem.cmake:6 (include)
  /home/runner/workspace/thirdparty/vcpkg/buildtrees/curl/arm64-android-dbg/CMakeFiles/CMakeScratch/TryCompile-ayLLZq/CMakeLists.txt:5 (project)


CMake Deprecation Warning at /home/runner/workspace/.ndk-tools/android-ndk-r27c/build/cmake/android-legacy.toolchain.cmake:35 (cmake_minimum_required):
  Compatibility with CMake < 3.10 will be removed from a future version of
  CMake.

  Update the VERSION argument <min> value.  Or, use the <min>...<max> syntax
  to tell CMake that the project requires at least <min> but has been updated
  to work with policies introduced by <max> or earlier.
Call Stack (most recent call first):
  /home/runner/workspace/.ndk-tools/android-ndk-r27c/build/cmake/android.toolchain.cmake:55 (include)
  /home/runner/workspace/thirdparty/vcpkg/scripts/toolchains/android.cmake:32 (include)
  /home/runner/workspace/thirdparty/vcpkg/scripts/buildsystems/vcpkg.cmake:210 (include)
  /home/runner/workspace/thirdparty/vcpkg/buildtrees/curl/arm64-android-dbg/CMakeFiles/4.3.3/CMakeSystem.cmake:6 (include)
  /home/runner/workspace/thirdparty/vcpkg/buildtrees/curl/arm64-android-dbg/CMakeFiles/CMakeScratch/TryCompile-ayLLZq/CMakeLists.txt:5 (project)


CMake Deprecation Warning at /home/runner/workspace/.ndk-tools/android-ndk-r27c/build/cmake/flags.cmake:18 (cmake_minimum_required):
  Compatibility with CMake < 3.10 will be removed from a future version of
  CMake.

  Update the VERSION argument <min> value.  Or, use the <min>...<max> syntax
  to tell CMake that the project requires at least <min> but has been updated
  to work with policies introduced by <max> or earlier.
Call Stack (most recent call first):
  /home/runner/workspace/thirdparty/vcpkg/downloads/tools/cmake-4.3.3-linux/cmake-4.3.3-linux-x86_64/share/cmake-4.3/Modules/Platform/Android-Clang.cmake:23 (include)
  /home/runner/workspace/thirdparty/vcpkg/downloads/tools/cmake-4.3.3-linux/cmake-4.3.3-linux-x86_64/share/cmake-4.3/Modules/Platform/Android-Clang-C.cmake:1 (include)
  /home/runner/workspace/thirdparty/vcpkg/downloads/tools/cmake-4.3.3-linux/cmake-4.3.3-linux-x86_64/share/cmake-4.3/Modules/CMakeCInformation.cmake:48 (include)
  /home/runner/workspace/thirdparty/vcpkg/buildtrees/curl/arm64-android-dbg/CMakeFiles/CMakeScratch/TryCompile-ayLLZq/CMakeLists.txt:5 (project)


-- Looking for recv - found
-- Looking for send
CMake Deprecation Warning at /home/runner/workspace/.ndk-tools/android-ndk-r27c/build/cmake/android.toolchain.cmake:35 (cmake_minimum_required):
  Compatibility with CMake < 3.10 will be removed from a future version of
  CMake.

  Update the VERSION argument <min> value.  Or, use the <min>...<max> syntax
  to tell CMake that the project requires at least <min> but has been updated
  to work with policies introduced by <max> or earlier.
Call Stack (most recent call first):
  /home/runner/workspace/thirdparty/vcpkg/scripts/toolchains/android.cmake:32 (include)
  /home/runner/workspace/thirdparty/vcpkg/scripts/buildsystems/vcpkg.cmake:210 (include)
  /home/runner/workspace/thirdparty/vcpkg/buildtrees/curl/arm64-android-dbg/CMakeFiles/4.3.3/CMakeSystem.cmake:6 (include)
  /home/runner/workspace/thirdparty/vcpkg/buildtrees/curl/arm64-android-dbg/CMakeFiles/CMakeScratch/TryCompile-RfLgAH/CMakeLists.txt:5 (project)


CMake Deprecation Warning at /home/runner/workspace/.ndk-tools/android-ndk-r27c/build/cmake/android-legacy.toolchain.cmake:35 (cmake_minimum_required):
  Compatibility with CMake < 3.10 will be removed from a future version of
  CMake.

  Update the VERSION argument <min> value.  Or, use the <min>...<max> syntax
  to tell CMake that the project requires at least <min> but has been updated
  to work with policies introduced by <max> or earlier.
Call Stack (most recent call first):
  /home/runner/workspace/.ndk-tools/android-ndk-r27c/build/cmake/android.toolchain.cmake:55 (include)
  /home/runner/workspace/thirdparty/vcpkg/scripts/toolchains/android.cmake:32 (include)
  /home/runner/workspace/thirdparty/vcpkg/scripts/buildsystems/vcpkg.cmake:210 (include)
  /home/runner/workspace/thirdparty/vcpkg/buildtrees/curl/arm64-android-dbg/CMakeFiles/4.3.3/CMakeSystem.cmake:6 (include)
  /home/runner/workspace/thirdparty/vcpkg/buildtrees/curl/arm64-android-dbg/CMakeFiles/CMakeScratch/TryCompile-RfLgAH/CMakeLists.txt:5 (project)


CMake Deprecation Warning at /home/runner/workspace/.ndk-tools/android-ndk-r27c/build/cmake/flags.cmake:18 (cmake_minimum_required):
  Compatibility with CMake < 3.10 will be removed from a future version of
  CMake.

  Update the VERSION argument <min> value.  Or, use the <min>...<max> syntax
  to tell CMake that the project requires at least <min> but has been updated
  to work with policies introduced by <max> or earlier.
Call Stack (most recent call first):
  /home/runner/workspace/thirdparty/vcpkg/downloads/tools/cmake-4.3.3-linux/cmake-4.3.3-linux-x86_64/share/cmake-4.3/Modules/Platform/Android-Clang.cmake:23 (include)
  /home/runner/workspace/thirdparty/vcpkg/downloads/tools/cmake-4.3.3-linux/cmake-4.3.3-linux-x86_64/share/cmake-4.3/Modules/Platform/Android-Clang-C.cmake:1 (include)
  /home/runner/workspace/thirdparty/vcpkg/downloads/tools/cmake-4.3.3-linux/cmake-4.3.3-linux-x86_64/share/cmake-4.3/Modules/CMakeCInformation.cmake:48 (include)
  /home/runner/workspace/thirdparty/vcpkg/buildtrees/curl/arm64-android-dbg/CMakeFiles/CMakeScratch/TryCompile-RfLgAH/CMakeLists.txt:5 (project)


-- Looking for send - found
-- Looking for sendmsg
CMake Deprecation Warning at /home/runner/workspace/.ndk-tools/android-ndk-r27c/build/cmake/android.toolchain.cmake:35 (cmake_minimum_required):
  Compatibility with CMake < 3.10 will be removed from a future version of
  CMake.

  Update the VERSION argument <min> value.  Or, use the <min>...<max> syntax
  to tell CMake that the project requires at least <min> but has been updated
  to work with policies introduced by <max> or earlier.
Call Stack (most recent call first):
  /home/runner/workspace/thirdparty/vcpkg/scripts/toolchains/android.cmake:32 (include)
  /home/runner/workspace/thirdparty/vcpkg/scripts/buildsystems/vcpkg.cmake:210 (include)
  /home/runner/workspace/thirdparty/vcpkg/buildtrees/curl/arm64-android-dbg/CMakeFiles/4.3.3/CMakeSystem.cmake:6 (include)
  /home/runner/workspace/thirdparty/vcpkg/buildtrees/curl/arm64-android-dbg/CMakeFiles/CMakeScratch/TryCompile-pfITm0/CMakeLists.txt:5 (project)


CMake Deprecation Warning at /home/runner/workspace/.ndk-tools/android-ndk-r27c/build/cmake/android-legacy.toolchain.cmake:35 (cmake_minimum_required):
  Compatibility with CMake < 3.10 will be removed from a future version of
  CMake.

  Update the VERSION argument <min> value.  Or, use the <min>...<max> syntax
  to tell CMake that the project requires at least <min> but has been updated
  to work with policies introduced by <max> or earlier.
Call Stack (most recent call first):
  /home/runner/workspace/.ndk-tools/android-ndk-r27c/build/cmake/android.toolchain.cmake:55 (include)
  /home/runner/workspace/thirdparty/vcpkg/scripts/toolchains/android.cmake:32 (include)
  /home/runner/workspace/thirdparty/vcpkg/scripts/buildsystems/vcpkg.cmake:210 (include)
  /home/runner/workspace/thirdparty/vcpkg/buildtrees/curl/arm64-android-dbg/CMakeFiles/4.3.3/CMakeSystem.cmake:6 (include)
  /home/runner/workspace/thirdparty/vcpkg/buildtrees/curl/arm64-android-dbg/CMakeFiles/CMakeScratch/TryCompile-pfITm0/CMakeLists.txt:5 (project)


CMake Deprecation Warning at /home/runner/workspace/.ndk-tools/android-ndk-r27c/build/cmake/flags.cmake:18 (cmake_minimum_required):
  Compatibility with CMake < 3.10 will be removed from a future version of
  CMake.

  Update the VERSION argument <min> value.  Or, use the <min>...<max> syntax
  to tell CMake that the project requires at least <min> but has been updated
  to work with policies introduced by <max> or earlier.
Call Stack (most recent call first):
  /home/runner/workspace/thirdparty/vcpkg/downloads/tools/cmake-4.3.3-linux/cmake-4.3.3-linux-x86_64/share/cmake-4.3/Modules/Platform/Android-Clang.cmake:23 (include)
  /home/runner/workspace/thirdparty/vcpkg/downloads/tools/cmake-4.3.3-linux/cmake-4.3.3-linux-x86_64/share/cmake-4.3/Modules/Platform/Android-Clang-C.cmake:1 (include)
  /home/runner/workspace/thirdparty/vcpkg/downloads/tools/cmake-4.3.3-linux/cmake-4.3.3-linux-x86_64/share/cmake-4.3/Modules/CMakeCInformation.cmake:48 (include)
  /home/runner/workspace/thirdparty/vcpkg/buildtrees/curl/arm64-android-dbg/CMakeFiles/CMakeScratch/TryCompile-pfITm0/CMakeLists.txt:5 (project)


-- Looking for sendmsg - found
-- Looking for sendmmsg
CMake Deprecation Warning at /home/runner/workspace/.ndk-tools/android-ndk-r27c/build/cmake/android.toolchain.cmake:35 (cmake_minimum_required):
  Compatibility with CMake < 3.10 will be removed from a future version of
  CMake.

  Update the VERSION argument <min> value.  Or, use the <min>...<max> syntax
  to tell CMake that the project requires at least <min> but has been updated
  to work with policies introduced by <max> or earlier.
Call Stack (most recent call first):
  /home/runner/workspace/thirdparty/vcpkg/scripts/toolchains/android.cmake:32 (include)
  /home/runner/workspace/thirdparty/vcpkg/scripts/buildsystems/vcpkg.cmake:210 (include)
  /home/runner/workspace/thirdparty/vcpkg/buildtrees/curl/arm64-android-dbg/CMakeFiles/4.3.3/CMakeSystem.cmake:6 (include)
  /home/runner/workspace/thirdparty/vcpkg/buildtrees/curl/arm64-android-dbg/CMakeFiles/CMakeScratch/TryCompile-b10cBE/CMakeLists.txt:5 (project)


CMake Deprecation Warning at /home/runner/workspace/.ndk-tools/android-ndk-r27c/build/cmake/android-legacy.toolchain.cmake:35 (cmake_minimum_required):
  Compatibility with CMake < 3.10 will be removed from a future version of
  CMake.

  Update the VERSION argument <min> value.  Or, use the <min>...<max> syntax
  to tell CMake that the project requires at least <min> but has been updated
  to work with policies introduced by <max> or earlier.
Call Stack (most recent call first):
  /home/runner/workspace/.ndk-tools/android-ndk-r27c/build/cmake/android.toolchain.cmake:55 (include)
  /home/runner/workspace/thirdparty/vcpkg/scripts/toolchains/android.cmake:32 (include)
  /home/runner/workspace/thirdparty/vcpkg/scripts/buildsystems/vcpkg.cmake:210 (include)
  /home/runner/workspace/thirdparty/vcpkg/buildtrees/curl/arm64-android-dbg/CMakeFiles/4.3.3/CMakeSystem.cmake:6 (include)
  /home/runner/workspace/thirdparty/vcpkg/buildtrees/curl/arm64-android-dbg/CMakeFiles/CMakeScratch/TryCompile-b10cBE/CMakeLists.txt:5 (project)


CMake Deprecation Warning at /home/runner/workspace/.ndk-tools/android-ndk-r27c/build/cmake/flags.cmake:18 (cmake_minimum_required):
  Compatibility with CMake < 3.10 will be removed from a future version of
  CMake.

  Update the VERSION argument <min> value.  Or, use the <min>...<max> syntax
  to tell CMake that the project requires at least <min> but has been updated
  to work with policies introduced by <max> or earlier.
Call Stack (most recent call first):
  /home/runner/workspace/thirdparty/vcpkg/downloads/tools/cmake-4.3.3-linux/cmake-4.3.3-linux-x86_64/share/cmake-4.3/Modules/Platform/Android-Clang.cmake:23 (include)
  /home/runner/workspace/thirdparty/vcpkg/downloads/tools/cmake-4.3.3-linux/cmake-4.3.3-linux-x86_64/share/cmake-4.3/Modules/Platform/Android-Clang-C.cmake:1 (include)
  /home/runner/workspace/thirdparty/vcpkg/downloads/tools/cmake-4.3.3-linux/cmake-4.3.3-linux-x86_64/share/cmake-4.3/Modules/CMakeCInformation.cmake:48 (include)
  /home/runner/workspace/thirdparty/vcpkg/buildtrees/curl/arm64-android-dbg/CMakeFiles/CMakeScratch/TryCompile-b10cBE/CMakeLists.txt:5 (project)


-- Looking for sendmmsg - found
-- Looking for select
CMake Deprecation Warning at /home/runner/workspace/.ndk-tools/android-ndk-r27c/build/cmake/android.toolchain.cmake:35 (cmake_minimum_required):
  Compatibility with CMake < 3.10 will be removed from a future version of
  CMake.

  Update the VERSION argument <min> value.  Or, use the <min>...<max> syntax
  to tell CMake that the project requires at least <min> but has been updated
  to work with policies introduced by <max> or earlier.
Call Stack (most recent call first):
  /home/runner/workspace/thirdparty/vcpkg/scripts/toolchains/android.cmake:32 (include)
  /home/runner/workspace/thirdparty/vcpkg/scripts/buildsystems/vcpkg.cmake:210 (include)
  /home/runner/workspace/thirdparty/vcpkg/buildtrees/curl/arm64-android-dbg/CMakeFiles/4.3.3/CMakeSystem.cmake:6 (include)
  /home/runner/workspace/thirdparty/vcpkg/buildtrees/curl/arm64-android-dbg/CMakeFiles/CMakeScratch/TryCompile-ATUqDZ/CMakeLists.txt:5 (project)


CMake Deprecation Warning at /home/runner/workspace/.ndk-tools/android-ndk-r27c/build/cmake/android-legacy.toolchain.cmake:35 (cmake_minimum_required):
  Compatibility with CMake < 3.10 will be removed from a future version of
  CMake.

  Update the VERSION argument <min> value.  Or, use the <min>...<max> syntax
  to tell CMake that the project requires at least <min> but has been updated
  to work with policies introduced by <max> or earlier.
Call Stack (most recent call first):
  /home/runner/workspace/.ndk-tools/android-ndk-r27c/build/cmake/android.toolchain.cmake:55 (include)
  /home/runner/workspace/thirdparty/vcpkg/scripts/toolchains/android.cmake:32 (include)
  /home/runner/workspace/thirdparty/vcpkg/scripts/buildsystems/vcpkg.cmake:210 (include)
  /home/runner/workspace/thirdparty/vcpkg/buildtrees/curl/arm64-android-dbg/CMakeFiles/4.3.3/CMakeSystem.cmake:6 (include)
  /home/runner/workspace/thirdparty/vcpkg/buildtrees/curl/arm64-android-dbg/CMakeFiles/CMakeScratch/TryCompile-ATUqDZ/CMakeLists.txt:5 (project)


CMake Deprecation Warning at /home/runner/workspace/.ndk-tools/android-ndk-r27c/build/cmake/flags.cmake:18 (cmake_minimum_required):
  Compatibility with CMake < 3.10 will be removed from a future version of
  CMake.

  Update the VERSION argument <min> value.  Or, use the <min>...<max> syntax
  to tell CMake that the project requires at least <min> but has been updated
  to work with policies introduced by <max> or earlier.
Call Stack (most recent call first):
  /home/runner/workspace/thirdparty/vcpkg/downloads/tools/cmake-4.3.3-linux/cmake-4.3.3-linux-x86_64/share/cmake-4.3/Modules/Platform/Android-Clang.cmake:23 (include)
  /home/runner/workspace/thirdparty/vcpkg/downloads/tools/cmake-4.3.3-linux/cmake-4.3.3-linux-x86_64/share/cmake-4.3/Modules/Platform/Android-Clang-C.cmake:1 (include)
  /home/runner/workspace/thirdparty/vcpkg/downloads/tools/cmake-4.3.3-linux/cmake-4.3.3-linux-x86_64/share/cmake-4.3/Modules/CMakeCInformation.cmake:48 (include)
  /home/runner/workspace/thirdparty/vcpkg/buildtrees/curl/arm64-android-dbg/CMakeFiles/CMakeScratch/TryCompile-ATUqDZ/CMakeLists.txt:5 (project)


-- Looking for select - found
-- Looking for strdup
CMake Deprecation Warning at /home/runner/workspace/.ndk-tools/android-ndk-r27c/build/cmake/android.toolchain.cmake:35 (cmake_minimum_required):
  Compatibility with CMake < 3.10 will be removed from a future version of
  CMake.

  Update the VERSION argument <min> value.  Or, use the <min>...<max> syntax
  to tell CMake that the project requires at least <min> but has been updated
  to work with policies introduced by <max> or earlier.
Call Stack (most recent call first):
  /home/runner/workspace/thirdparty/vcpkg/scripts/toolchains/android.cmake:32 (include)
  /home/runner/workspace/thirdparty/vcpkg/scripts/buildsystems/vcpkg.cmake:210 (include)
  /home/runner/workspace/thirdparty/vcpkg/buildtrees/curl/arm64-android-dbg/CMakeFiles/4.3.3/CMakeSystem.cmake:6 (include)
  /home/runner/workspace/thirdparty/vcpkg/buildtrees/curl/arm64-android-dbg/CMakeFiles/CMakeScratch/TryCompile-Jv0hHV/CMakeLists.txt:5 (project)


CMake Deprecation Warning at /home/runner/workspace/.ndk-tools/android-ndk-r27c/build/cmake/android-legacy.toolchain.cmake:35 (cmake_minimum_required):
  Compatibility with CMake < 3.10 will be removed from a future version of
  CMake.

  Update the VERSION argument <min> value.  Or, use the <min>...<max> syntax
  to tell CMake that the project requires at least <min> but has been updated
  to work with policies introduced by <max> or earlier.
Call Stack (most recent call first):
  /home/runner/workspace/.ndk-tools/android-ndk-r27c/build/cmake/android.toolchain.cmake:55 (include)
  /home/runner/workspace/thirdparty/vcpkg/scripts/toolchains/android.cmake:32 (include)
  /home/runner/workspace/thirdparty/vcpkg/scripts/buildsystems/vcpkg.cmake:210 (include)
  /home/runner/workspace/thirdparty/vcpkg/buildtrees/curl/arm64-android-dbg/CMakeFiles/4.3.3/CMakeSystem.cmake:6 (include)
  /home/runner/workspace/thirdparty/vcpkg/buildtrees/curl/arm64-android-dbg/CMakeFiles/CMakeScratch/TryCompile-Jv0hHV/CMakeLists.txt:5 (project)


CMake Deprecation Warning at /home/runner/workspace/.ndk-tools/android-ndk-r27c/build/cmake/flags.cmake:18 (cmake_minimum_required):
  Compatibility with CMake < 3.10 will be removed from a future version of
  CMake.

  Update the VERSION argument <min> value.  Or, use the <min>...<max> syntax
  to tell CMake that the project requires at least <min> but has been updated
  to work with policies introduced by <max> or earlier.
Call Stack (most recent call first):
  /home/runner/workspace/thirdparty/vcpkg/downloads/tools/cmake-4.3.3-linux/cmake-4.3.3-linux-x86_64/share/cmake-4.3/Modules/Platform/Android-Clang.cmake:23 (include)
  /home/runner/workspace/thirdparty/vcpkg/downloads/tools/cmake-4.3.3-linux/cmake-4.3.3-linux-x86_64/share/cmake-4.3/Modules/Platform/Android-Clang-C.cmake:1 (include)
  /home/runner/workspace/thirdparty/vcpkg/downloads/tools/cmake-4.3.3-linux/cmake-4.3.3-linux-x86_64/share/cmake-4.3/Modules/CMakeCInformation.cmake:48 (include)
  /home/runner/workspace/thirdparty/vcpkg/buildtrees/curl/arm64-android-dbg/CMakeFiles/CMakeScratch/TryCompile-Jv0hHV/CMakeLists.txt:5 (project)


-- Looking for strdup - found
-- Looking for strtok_r
CMake Deprecation Warning at /home/runner/workspace/.ndk-tools/android-ndk-r27c/build/cmake/android.toolchain.cmake:35 (cmake_minimum_required):
  Compatibility with CMake < 3.10 will be removed from a future version of
  CMake.

  Update the VERSION argument <min> value.  Or, use the <min>...<max> syntax
  to tell CMake that the project requires at least <min> but has been updated
  to work with policies introduced by <max> or earlier.
Call Stack (most recent call first):
  /home/runner/workspace/thirdparty/vcpkg/scripts/toolchains/android.cmake:32 (include)
  /home/runner/workspace/thirdparty/vcpkg/scripts/buildsystems/vcpkg.cmake:210 (include)
  /home/runner/workspace/thirdparty/vcpkg/buildtrees/curl/arm64-android-dbg/CMakeFiles/4.3.3/CMakeSystem.cmake:6 (include)
  /home/runner/workspace/thirdparty/vcpkg/buildtrees/curl/arm64-android-dbg/CMakeFiles/CMakeScratch/TryCompile-QGRuUD/CMakeLists.txt:5 (project)


CMake Deprecation Warning at /home/runner/workspace/.ndk-tools/android-ndk-r27c/build/cmake/android-legacy.toolchain.cmake:35 (cmake_minimum_required):
  Compatibility with CMake < 3.10 will be removed from a future version of
  CMake.

  Update the VERSION argument <min> value.  Or, use the <min>...<max> syntax
  to tell CMake that the project requires at least <min> but has been updated
  to work with policies introduced by <max> or earlier.
Call Stack (most recent call first):
  /home/runner/workspace/.ndk-tools/android-ndk-r27c/build/cmake/android.toolchain.cmake:55 (include)
  /home/runner/workspace/thirdparty/vcpkg/scripts/toolchains/android.cmake:32 (include)
  /home/runner/workspace/thirdparty/vcpkg/scripts/buildsystems/vcpkg.cmake:210 (include)
  /home/runner/workspace/thirdparty/vcpkg/buildtrees/curl/arm64-android-dbg/CMakeFiles/4.3.3/CMakeSystem.cmake:6 (include)
  /home/runner/workspace/thirdparty/vcpkg/buildtrees/curl/arm64-android-dbg/CMakeFiles/CMakeScratch/TryCompile-QGRuUD/CMakeLists.txt:5 (project)


CMake Deprecation Warning at /home/runner/workspace/.ndk-tools/android-ndk-r27c/build/cmake/flags.cmake:18 (cmake_minimum_required):
  Compatibility with CMake < 3.10 will be removed from a future version of
  CMake.

  Update the VERSION argument <min> value.  Or, use the <min>...<max> syntax
  to tell CMake that the project requires at least <min> but has been updated
  to work with policies introduced by <max> or earlier.
Call Stack (most recent call first):
  /home/runner/workspace/thirdparty/vcpkg/downloads/tools/cmake-4.3.3-linux/cmake-4.3.3-linux-x86_64/share/cmake-4.3/Modules/Platform/Android-Clang.cmake:23 (include)
  /home/runner/workspace/thirdparty/vcpkg/downloads/tools/cmake-4.3.3-linux/cmake-4.3.3-linux-x86_64/share/cmake-4.3/Modules/Platform/Android-Clang-C.cmake:1 (include)
  /home/runner/workspace/thirdparty/vcpkg/downloads/tools/cmake-4.3.3-linux/cmake-4.3.3-linux-x86_64/share/cmake-4.3/Modules/CMakeCInformation.cmake:48 (include)
  /home/runner/workspace/thirdparty/vcpkg/buildtrees/curl/arm64-android-dbg/CMakeFiles/CMakeScratch/TryCompile-QGRuUD/CMakeLists.txt:5 (project)


-- Looking for strtok_r - found
-- Looking for strcasecmp
CMake Deprecation Warning at /home/runner/workspace/.ndk-tools/android-ndk-r27c/build/cmake/android.toolchain.cmake:35 (cmake_minimum_required):
  Compatibility with CMake < 3.10 will be removed from a future version of
  CMake.

  Update the VERSION argument <min> value.  Or, use the <min>...<max> syntax
  to tell CMake that the project requires at least <min> but has been updated
  to work with policies introduced by <max> or earlier.
Call Stack (most recent call first):
  /home/runner/workspace/thirdparty/vcpkg/scripts/toolchains/android.cmake:32 (include)
  /home/runner/workspace/thirdparty/vcpkg/scripts/buildsystems/vcpkg.cmake:210 (include)
  /home/runner/workspace/thirdparty/vcpkg/buildtrees/curl/arm64-android-dbg/CMakeFiles/4.3.3/CMakeSystem.cmake:6 (include)
  /home/runner/workspace/thirdparty/vcpkg/buildtrees/curl/arm64-android-dbg/CMakeFiles/CMakeScratch/TryCompile-0s7Uum/CMakeLists.txt:5 (project)


CMake Deprecation Warning at /home/runner/workspace/.ndk-tools/android-ndk-r27c/build/cmake/android-legacy.toolchain.cmake:35 (cmake_minimum_required):
  Compatibility with CMake < 3.10 will be removed from a future version of
  CMake.

  Update the VERSION argument <min> value.  Or, use the <min>...<max> syntax
  to tell CMake that the project requires at least <min> but has been updated
  to work with policies introduced by <max> or earlier.
Call Stack (most recent call first):
  /home/runner/workspace/.ndk-tools/android-ndk-r27c/build/cmake/android.toolchain.cmake:55 (include)
  /home/runner/workspace/thirdparty/vcpkg/scripts/toolchains/android.cmake:32 (include)
  /home/runner/workspace/thirdparty/vcpkg/scripts/buildsystems/vcpkg.cmake:210 (include)
  /home/runner/workspace/thirdparty/vcpkg/buildtrees/curl/arm64-android-dbg/CMakeFiles/4.3.3/CMakeSystem.cmake:6 (include)
  /home/runner/workspace/thirdparty/vcpkg/buildtrees/curl/arm64-android-dbg/CMakeFiles/CMakeScratch/TryCompile-0s7Uum/CMakeLists.txt:5 (project)


CMake Deprecation Warning at /home/runner/workspace/.ndk-tools/android-ndk-r27c/build/cmake/flags.cmake:18 (cmake_minimum_required):
  Compatibility with CMake < 3.10 will be removed from a future version of
  CMake.

  Update the VERSION argument <min> value.  Or, use the <min>...<max> syntax
  to tell CMake that the project requires at least <min> but has been updated
  to work with policies introduced by <max> or earlier.
Call Stack (most recent call first):
  /home/runner/workspace/thirdparty/vcpkg/downloads/tools/cmake-4.3.3-linux/cmake-4.3.3-linux-x86_64/share/cmake-4.3/Modules/Platform/Android-Clang.cmake:23 (include)
  /home/runner/workspace/thirdparty/vcpkg/downloads/tools/cmake-4.3.3-linux/cmake-4.3.3-linux-x86_64/share/cmake-4.3/Modules/Platform/Android-Clang-C.cmake:1 (include)
  /home/runner/workspace/thirdparty/vcpkg/downloads/tools/cmake-4.3.3-linux/cmake-4.3.3-linux-x86_64/share/cmake-4.3/Modules/CMakeCInformation.cmake:48 (include)
  /home/runner/workspace/thirdparty/vcpkg/buildtrees/curl/arm64-android-dbg/CMakeFiles/CMakeScratch/TryCompile-0s7Uum/CMakeLists.txt:5 (project)


-- Looking for strcasecmp - found
-- Looking for stricmp
CMake Deprecation Warning at /home/runner/workspace/.ndk-tools/android-ndk-r27c/build/cmake/android.toolchain.cmake:35 (cmake_minimum_required):
  Compatibility with CMake < 3.10 will be removed from a future version of
  CMake.

  Update the VERSION argument <min> value.  Or, use the <min>...<max> syntax
  to tell CMake that the project requires at least <min> but has been updated
  to work with policies introduced by <max> or earlier.
Call Stack (most recent call first):
  /home/runner/workspace/thirdparty/vcpkg/scripts/toolchains/android.cmake:32 (include)
  /home/runner/workspace/thirdparty/vcpkg/scripts/buildsystems/vcpkg.cmake:210 (include)
  /home/runner/workspace/thirdparty/vcpkg/buildtrees/curl/arm64-android-dbg/CMakeFiles/4.3.3/CMakeSystem.cmake:6 (include)
  /home/runner/workspace/thirdparty/vcpkg/buildtrees/curl/arm64-android-dbg/CMakeFiles/CMakeScratch/TryCompile-Yas9QU/CMakeLists.txt:5 (project)


CMake Deprecation Warning at /home/runner/workspace/.ndk-tools/android-ndk-r27c/build/cmake/android-legacy.toolchain.cmake:35 (cmake_minimum_required):
  Compatibility with CMake < 3.10 will be removed from a future version of
  CMake.

  Update the VERSION argument <min> value.  Or, use the <min>...<max> syntax
  to tell CMake that the project requires at least <min> but has been updated
  to work with policies introduced by <max> or earlier.
Call Stack (most recent call first):
  /home/runner/workspace/.ndk-tools/android-ndk-r27c/build/cmake/android.toolchain.cmake:55 (include)
  /home/runner/workspace/thirdparty/vcpkg/scripts/toolchains/android.cmake:32 (include)
  /home/runner/workspace/thirdparty/vcpkg/scripts/buildsystems/vcpkg.cmake:210 (include)
  /home/runner/workspace/thirdparty/vcpkg/buildtrees/curl/arm64-android-dbg/CMakeFiles/4.3.3/CMakeSystem.cmake:6 (include)
  /home/runner/workspace/thirdparty/vcpkg/buildtrees/curl/arm64-android-dbg/CMakeFiles/CMakeScratch/TryCompile-Yas9QU/CMakeLists.txt:5 (project)


CMake Deprecation Warning at /home/runner/workspace/.ndk-tools/android-ndk-r27c/build/cmake/flags.cmake:18 (cmake_minimum_required):
  Compatibility with CMake < 3.10 will be removed from a future version of
  CMake.

  Update the VERSION argument <min> value.  Or, use the <min>...<max> syntax
  to tell CMake that the project requires at least <min> but has been updated
  to work with policies introduced by <max> or earlier.
Call Stack (most recent call first):
  /home/runner/workspace/thirdparty/vcpkg/downloads/tools/cmake-4.3.3-linux/cmake-4.3.3-linux-x86_64/share/cmake-4.3/Modules/Platform/Android-Clang.cmake:23 (include)
  /home/runner/workspace/thirdparty/vcpkg/downloads/tools/cmake-4.3.3-linux/cmake-4.3.3-linux-x86_64/share/cmake-4.3/Modules/Platform/Android-Clang-C.cmake:1 (include)
  /home/runner/workspace/thirdparty/vcpkg/downloads/tools/cmake-4.3.3-linux/cmake-4.3.3-linux-x86_64/share/cmake-4.3/Modules/CMakeCInformation.cmake:48 (include)
  /home/runner/workspace/thirdparty/vcpkg/buildtrees/curl/arm64-android-dbg/CMakeFiles/CMakeScratch/TryCompile-Yas9QU/CMakeLists.txt:5 (project)


-- Looking for stricmp - not found
-- Looking for strcmpi
CMake Deprecation Warning at /home/runner/workspace/.ndk-tools/android-ndk-r27c/build/cmake/android.toolchain.cmake:35 (cmake_minimum_required):
  Compatibility with CMake < 3.10 will be removed from a future version of
  CMake.

  Update the VERSION argument <min> value.  Or, use the <min>...<max> syntax
  to tell CMake that the project requires at least <min> but has been updated
  to work with policies introduced by <max> or earlier.
Call Stack (most recent call first):
  /home/runner/workspace/thirdparty/vcpkg/scripts/toolchains/android.cmake:32 (include)
  /home/runner/workspace/thirdparty/vcpkg/scripts/buildsystems/vcpkg.cmake:210 (include)
  /home/runner/workspace/thirdparty/vcpkg/buildtrees/curl/arm64-android-dbg/CMakeFiles/4.3.3/CMakeSystem.cmake:6 (include)
  /home/runner/workspace/thirdparty/vcpkg/buildtrees/curl/arm64-android-dbg/CMakeFiles/CMakeScratch/TryCompile-tcCzz8/CMakeLists.txt:5 (project)


CMake Deprecation Warning at /home/runner/workspace/.ndk-tools/android-ndk-r27c/build/cmake/android-legacy.toolchain.cmake:35 (cmake_minimum_required):
  Compatibility with CMake < 3.10 will be removed from a future version of
  CMake.

  Update the VERSION argument <min> value.  Or, use the <min>...<max> syntax
  to tell CMake that the project requires at least <min> but has been updated
  to work with policies introduced by <max> or earlier.
Call Stack (most recent call first):
  /home/runner/workspace/.ndk-tools/android-ndk-r27c/build/cmake/android.toolchain.cmake:55 (include)
  /home/runner/workspace/thirdparty/vcpkg/scripts/toolchains/android.cmake:32 (include)
  /home/runner/workspace/thirdparty/vcpkg/scripts/buildsystems/vcpkg.cmake:210 (include)
  /home/runner/workspace/thirdparty/vcpkg/buildtrees/curl/arm64-android-dbg/CMakeFiles/4.3.3/CMakeSystem.cmake:6 (include)
  /home/runner/workspace/thirdparty/vcpkg/buildtrees/curl/arm64-android-dbg/CMakeFiles/CMakeScratch/TryCompile-tcCzz8/CMakeLists.txt:5 (project)


CMake Deprecation Warning at /home/runner/workspace/.ndk-tools/android-ndk-r27c/build/cmake/flags.cmake:18 (cmake_minimum_required):
  Compatibility with CMake < 3.10 will be removed from a future version of
  CMake.

  Update the VERSION argument <min> value.  Or, use the <min>...<max> syntax
  to tell CMake that the project requires at least <min> but has been updated
  to work with policies introduced by <max> or earlier.
Call Stack (most recent call first):
  /home/runner/workspace/thirdparty/vcpkg/downloads/tools/cmake-4.3.3-linux/cmake-4.3.3-linux-x86_64/share/cmake-4.3/Modules/Platform/Android-Clang.cmake:23 (include)
  /home/runner/workspace/thirdparty/vcpkg/downloads/tools/cmake-4.3.3-linux/cmake-4.3.3-linux-x86_64/share/cmake-4.3/Modules/Platform/Android-Clang-C.cmake:1 (include)
  /home/runner/workspace/thirdparty/vcpkg/downloads/tools/cmake-4.3.3-linux/cmake-4.3.3-linux-x86_64/share/cmake-4.3/Modules/CMakeCInformation.cmake:48 (include)
  /home/runner/workspace/thirdparty/vcpkg/buildtrees/curl/arm64-android-dbg/CMakeFiles/CMakeScratch/TryCompile-tcCzz8/CMakeLists.txt:5 (project)


-- Looking for strcmpi - not found
-- Looking for memrchr
CMake Deprecation Warning at /home/runner/workspace/.ndk-tools/android-ndk-r27c/build/cmake/android.toolchain.cmake:35 (cmake_minimum_required):
  Compatibility with CMake < 3.10 will be removed from a future version of
  CMake.

  Update the VERSION argument <min> value.  Or, use the <min>...<max> syntax
  to tell CMake that the project requires at least <min> but has been updated
  to work with policies introduced by <max> or earlier.
Call Stack (most recent call first):
  /home/runner/workspace/thirdparty/vcpkg/scripts/toolchains/android.cmake:32 (include)
  /home/runner/workspace/thirdparty/vcpkg/scripts/buildsystems/vcpkg.cmake:210 (include)
  /home/runner/workspace/thirdparty/vcpkg/buildtrees/curl/arm64-android-dbg/CMakeFiles/4.3.3/CMakeSystem.cmake:6 (include)
  /home/runner/workspace/thirdparty/vcpkg/buildtrees/curl/arm64-android-dbg/CMakeFiles/CMakeScratch/TryCompile-kK5HPb/CMakeLists.txt:5 (project)


CMake Deprecation Warning at /home/runner/workspace/.ndk-tools/android-ndk-r27c/build/cmake/android-legacy.toolchain.cmake:35 (cmake_minimum_required):
  Compatibility with CMake < 3.10 will be removed from a future version of
  CMake.

  Update the VERSION argument <min> value.  Or, use the <min>...<max> syntax
  to tell CMake that the project requires at least <min> but has been updated
  to work with policies introduced by <max> or earlier.
Call Stack (most recent call first):
  /home/runner/workspace/.ndk-tools/android-ndk-r27c/build/cmake/android.toolchain.cmake:55 (include)
  /home/runner/workspace/thirdparty/vcpkg/scripts/toolchains/android.cmake:32 (include)
  /home/runner/workspace/thirdparty/vcpkg/scripts/buildsystems/vcpkg.cmake:210 (include)
  /home/runner/workspace/thirdparty/vcpkg/buildtrees/curl/arm64-android-dbg/CMakeFiles/4.3.3/CMakeSystem.cmake:6 (include)
  /home/runner/workspace/thirdparty/vcpkg/buildtrees/curl/arm64-android-dbg/CMakeFiles/CMakeScratch/TryCompile-kK5HPb/CMakeLists.txt:5 (project)


CMake Deprecation Warning at /home/runner/workspace/.ndk-tools/android-ndk-r27c/build/cmake/flags.cmake:18 (cmake_minimum_required):
  Compatibility with CMake < 3.10 will be removed from a future version of
  CMake.

  Update the VERSION argument <min> value.  Or, use the <min>...<max> syntax
  to tell CMake that the project requires at least <min> but has been updated
  to work with policies introduced by <max> or earlier.
Call Stack (most recent call first):
  /home/runner/workspace/thirdparty/vcpkg/downloads/tools/cmake-4.3.3-linux/cmake-4.3.3-linux-x86_64/share/cmake-4.3/Modules/Platform/Android-Clang.cmake:23 (include)
  /home/runner/workspace/thirdparty/vcpkg/downloads/tools/cmake-4.3.3-linux/cmake-4.3.3-linux-x86_64/share/cmake-4.3/Modules/Platform/Android-Clang-C.cmake:1 (include)
  /home/runner/workspace/thirdparty/vcpkg/downloads/tools/cmake-4.3.3-linux/cmake-4.3.3-linux-x86_64/share/cmake-4.3/Modules/CMakeCInformation.cmake:48 (include)
  /home/runner/workspace/thirdparty/vcpkg/buildtrees/curl/arm64-android-dbg/CMakeFiles/CMakeScratch/TryCompile-kK5HPb/CMakeLists.txt:5 (project)


-- Looking for memrchr - found
-- Looking for alarm
CMake Deprecation Warning at /home/runner/workspace/.ndk-tools/android-ndk-r27c/build/cmake/android.toolchain.cmake:35 (cmake_minimum_required):
  Compatibility with CMake < 3.10 will be removed from a future version of
  CMake.

  Update the VERSION argument <min> value.  Or, use the <min>...<max> syntax
  to tell CMake that the project requires at least <min> but has been updated
  to work with policies introduced by <max> or earlier.
Call Stack (most recent call first):
  /home/runner/workspace/thirdparty/vcpkg/scripts/toolchains/android.cmake:32 (include)
  /home/runner/workspace/thirdparty/vcpkg/scripts/buildsystems/vcpkg.cmake:210 (include)
  /home/runner/workspace/thirdparty/vcpkg/buildtrees/curl/arm64-android-dbg/CMakeFiles/4.3.3/CMakeSystem.cmake:6 (include)
  /home/runner/workspace/thirdparty/vcpkg/buildtrees/curl/arm64-android-dbg/CMakeFiles/CMakeScratch/TryCompile-N2VTZf/CMakeLists.txt:5 (project)


CMake Deprecation Warning at /home/runner/workspace/.ndk-tools/android-ndk-r27c/build/cmake/android-legacy.toolchain.cmake:35 (cmake_minimum_required):
  Compatibility with CMake < 3.10 will be removed from a future version of
  CMake.

  Update the VERSION argument <min> value.  Or, use the <min>...<max> syntax
  to tell CMake that the project requires at least <min> but has been updated
  to work with policies introduced by <max> or earlier.
Call Stack (most recent call first):
  /home/runner/workspace/.ndk-tools/android-ndk-r27c/build/cmake/android.toolchain.cmake:55 (include)
  /home/runner/workspace/thirdparty/vcpkg/scripts/toolchains/android.cmake:32 (include)
  /home/runner/workspace/thirdparty/vcpkg/scripts/buildsystems/vcpkg.cmake:210 (include)
  /home/runner/workspace/thirdparty/vcpkg/buildtrees/curl/arm64-android-dbg/CMakeFiles/4.3.3/CMakeSystem.cmake:6 (include)
  /home/runner/workspace/thirdparty/vcpkg/buildtrees/curl/arm64-android-dbg/CMakeFiles/CMakeScratch/TryCompile-N2VTZf/CMakeLists.txt:5 (project)


CMake Deprecation Warning at /home/runner/workspace/.ndk-tools/android-ndk-r27c/build/cmake/flags.cmake:18 (cmake_minimum_required):
  Compatibility with CMake < 3.10 will be removed from a future version of
  CMake.

  Update the VERSION argument <min> value.  Or, use the <min>...<max> syntax
  to tell CMake that the project requires at least <min> but has been updated
  to work with policies introduced by <max> or earlier.
Call Stack (most recent call first):
  /home/runner/workspace/thirdparty/vcpkg/downloads/tools/cmake-4.3.3-linux/cmake-4.3.3-linux-x86_64/share/cmake-4.3/Modules/Platform/Android-Clang.cmake:23 (include)
  /home/runner/workspace/thirdparty/vcpkg/downloads/tools/cmake-4.3.3-linux/cmake-4.3.3-linux-x86_64/share/cmake-4.3/Modules/Platform/Android-Clang-C.cmake:1 (include)
  /home/runner/workspace/thirdparty/vcpkg/downloads/tools/cmake-4.3.3-linux/cmake-4.3.3-linux-x86_64/share/cmake-4.3/Modules/CMakeCInformation.cmake:48 (include)
  /home/runner/workspace/thirdparty/vcpkg/buildtrees/curl/arm64-android-dbg/CMakeFiles/CMakeScratch/TryCompile-N2VTZf/CMakeLists.txt:5 (project)


-- Looking for alarm - found
-- Looking for fcntl
CMake Deprecation Warning at /home/runner/workspace/.ndk-tools/android-ndk-r27c/build/cmake/android.toolchain.cmake:35 (cmake_minimum_required):
  Compatibility with CMake < 3.10 will be removed from a future version of
  CMake.

  Update the VERSION argument <min> value.  Or, use the <min>...<max> syntax
  to tell CMake that the project requires at least <min> but has been updated
  to work with policies introduced by <max> or earlier.
Call Stack (most recent call first):
  /home/runner/workspace/thirdparty/vcpkg/scripts/toolchains/android.cmake:32 (include)
  /home/runner/workspace/thirdparty/vcpkg/scripts/buildsystems/vcpkg.cmake:210 (include)
  /home/runner/workspace/thirdparty/vcpkg/buildtrees/curl/arm64-android-dbg/CMakeFiles/4.3.3/CMakeSystem.cmake:6 (include)
  /home/runner/workspace/thirdparty/vcpkg/buildtrees/curl/arm64-android-dbg/CMakeFiles/CMakeScratch/TryCompile-GIErxi/CMakeLists.txt:5 (project)


CMake Deprecation Warning at /home/runner/workspace/.ndk-tools/android-ndk-r27c/build/cmake/android-legacy.toolchain.cmake:35 (cmake_minimum_required):
  Compatibility with CMake < 3.10 will be removed from a future version of
  CMake.

  Update the VERSION argument <min> value.  Or, use the <min>...<max> syntax
  to tell CMake that the project requires at least <min> but has been updated
  to work with policies introduced by <max> or earlier.
Call Stack (most recent call first):
  /home/runner/workspace/.ndk-tools/android-ndk-r27c/build/cmake/android.toolchain.cmake:55 (include)
  /home/runner/workspace/thirdparty/vcpkg/scripts/toolchains/android.cmake:32 (include)
  /home/runner/workspace/thirdparty/vcpkg/scripts/buildsystems/vcpkg.cmake:210 (include)
  /home/runner/workspace/thirdparty/vcpkg/buildtrees/curl/arm64-android-dbg/CMakeFiles/4.3.3/CMakeSystem.cmake:6 (include)
  /home/runner/workspace/thirdparty/vcpkg/buildtrees/curl/arm64-android-dbg/CMakeFiles/CMakeScratch/TryCompile-GIErxi/CMakeLists.txt:5 (project)


CMake Deprecation Warning at /home/runner/workspace/.ndk-tools/android-ndk-r27c/build/cmake/flags.cmake:18 (cmake_minimum_required):
  Compatibility with CMake < 3.10 will be removed from a future version of
  CMake.

  Update the VERSION argument <min> value.  Or, use the <min>...<max> syntax
  to tell CMake that the project requires at least <min> but has been updated
  to work with policies introduced by <max> or earlier.
Call Stack (most recent call first):
  /home/runner/workspace/thirdparty/vcpkg/downloads/tools/cmake-4.3.3-linux/cmake-4.3.3-linux-x86_64/share/cmake-4.3/Modules/Platform/Android-Clang.cmake:23 (include)
  /home/runner/workspace/thirdparty/vcpkg/downloads/tools/cmake-4.3.3-linux/cmake-4.3.3-linux-x86_64/share/cmake-4.3/Modules/Platform/Android-Clang-C.cmake:1 (include)
  /home/runner/workspace/thirdparty/vcpkg/downloads/tools/cmake-4.3.3-linux/cmake-4.3.3-linux-x86_64/share/cmake-4.3/Modules/CMakeCInformation.cmake:48 (include)
  /home/runner/workspace/thirdparty/vcpkg/buildtrees/curl/arm64-android-dbg/CMakeFiles/CMakeScratch/TryCompile-GIErxi/CMakeLists.txt:5 (project)


-- Looking for fcntl - found
-- Looking for getppid
CMake Deprecation Warning at /home/runner/workspace/.ndk-tools/android-ndk-r27c/build/cmake/android.toolchain.cmake:35 (cmake_minimum_required):
  Compatibility with CMake < 3.10 will be removed from a future version of
  CMake.

  Update the VERSION argument <min> value.  Or, use the <min>...<max> syntax
  to tell CMake that the project requires at least <min> but has been updated
  to work with policies introduced by <max> or earlier.
Call Stack (most recent call first):
  /home/runner/workspace/thirdparty/vcpkg/scripts/toolchains/android.cmake:32 (include)
  /home/runner/workspace/thirdparty/vcpkg/scripts/buildsystems/vcpkg.cmake:210 (include)
  /home/runner/workspace/thirdparty/vcpkg/buildtrees/curl/arm64-android-dbg/CMakeFiles/4.3.3/CMakeSystem.cmake:6 (include)
  /home/runner/workspace/thirdparty/vcpkg/buildtrees/curl/arm64-android-dbg/CMakeFiles/CMakeScratch/TryCompile-fHaltA/CMakeLists.txt:5 (project)


CMake Deprecation Warning at /home/runner/workspace/.ndk-tools/android-ndk-r27c/build/cmake/android-legacy.toolchain.cmake:35 (cmake_minimum_required):
  Compatibility with CMake < 3.10 will be removed from a future version of
  CMake.

  Update the VERSION argument <min> value.  Or, use the <min>...<max> syntax
  to tell CMake that the project requires at least <min> but has been updated
  to work with policies introduced by <max> or earlier.
Call Stack (most recent call first):
  /home/runner/workspace/.ndk-tools/android-ndk-r27c/build/cmake/android.toolchain.cmake:55 (include)
  /home/runner/workspace/thirdparty/vcpkg/scripts/toolchains/android.cmake:32 (include)
  /home/runner/workspace/thirdparty/vcpkg/scripts/buildsystems/vcpkg.cmake:210 (include)
  /home/runner/workspace/thirdparty/vcpkg/buildtrees/curl/arm64-android-dbg/CMakeFiles/4.3.3/CMakeSystem.cmake:6 (include)
  /home/runner/workspace/thirdparty/vcpkg/buildtrees/curl/arm64-android-dbg/CMakeFiles/CMakeScratch/TryCompile-fHaltA/CMakeLists.txt:5 (project)


CMake Deprecation Warning at /home/runner/workspace/.ndk-tools/android-ndk-r27c/build/cmake/flags.cmake:18 (cmake_minimum_required):
  Compatibility with CMake < 3.10 will be removed from a future version of
  CMake.

  Update the VERSION argument <min> value.  Or, use the <min>...<max> syntax
  to tell CMake that the project requires at least <min> but has been updated
  to work with policies introduced by <max> or earlier.
Call Stack (most recent call first):
  /home/runner/workspace/thirdparty/vcpkg/downloads/tools/cmake-4.3.3-linux/cmake-4.3.3-linux-x86_64/share/cmake-4.3/Modules/Platform/Android-Clang.cmake:23 (include)
  /home/runner/workspace/thirdparty/vcpkg/downloads/tools/cmake-4.3.3-linux/cmake-4.3.3-linux-x86_64/share/cmake-4.3/Modules/Platform/Android-Clang-C.cmake:1 (include)
  /home/runner/workspace/thirdparty/vcpkg/downloads/tools/cmake-4.3.3-linux/cmake-4.3.3-linux-x86_64/share/cmake-4.3/Modules/CMakeCInformation.cmake:48 (include)
  /home/runner/workspace/thirdparty/vcpkg/buildtrees/curl/arm64-android-dbg/CMakeFiles/CMakeScratch/TryCompile-fHaltA/CMakeLists.txt:5 (project)


-- Looking for getppid - found
-- Looking for utimes
CMake Deprecation Warning at /home/runner/workspace/.ndk-tools/android-ndk-r27c/build/cmake/android.toolchain.cmake:35 (cmake_minimum_required):
  Compatibility with CMake < 3.10 will be removed from a future version of
  CMake.

  Update the VERSION argument <min> value.  Or, use the <min>...<max> syntax
  to tell CMake that the project requires at least <min> but has been updated
  to work with policies introduced by <max> or earlier.
Call Stack (most recent call first):
  /home/runner/workspace/thirdparty/vcpkg/scripts/toolchains/android.cmake:32 (include)
  /home/runner/workspace/thirdparty/vcpkg/scripts/buildsystems/vcpkg.cmake:210 (include)
  /home/runner/workspace/thirdparty/vcpkg/buildtrees/curl/arm64-android-dbg/CMakeFiles/4.3.3/CMakeSystem.cmake:6 (include)
  /home/runner/workspace/thirdparty/vcpkg/buildtrees/curl/arm64-android-dbg/CMakeFiles/CMakeScratch/TryCompile-sh8bXC/CMakeLists.txt:5 (project)


CMake Deprecation Warning at /home/runner/workspace/.ndk-tools/android-ndk-r27c/build/cmake/android-legacy.toolchain.cmake:35 (cmake_minimum_required):
  Compatibility with CMake < 3.10 will be removed from a future version of
  CMake.

  Update the VERSION argument <min> value.  Or, use the <min>...<max> syntax
  to tell CMake that the project requires at least <min> but has been updated
  to work with policies introduced by <max> or earlier.
Call Stack (most recent call first):
  /home/runner/workspace/.ndk-tools/android-ndk-r27c/build/cmake/android.toolchain.cmake:55 (include)
  /home/runner/workspace/thirdparty/vcpkg/scripts/toolchains/android.cmake:32 (include)
  /home/runner/workspace/thirdparty/vcpkg/scripts/buildsystems/vcpkg.cmake:210 (include)
  /home/runner/workspace/thirdparty/vcpkg/buildtrees/curl/arm64-android-dbg/CMakeFiles/4.3.3/CMakeSystem.cmake:6 (include)
  /home/runner/workspace/thirdparty/vcpkg/buildtrees/curl/arm64-android-dbg/CMakeFiles/CMakeScratch/TryCompile-sh8bXC/CMakeLists.txt:5 (project)


CMake Deprecation Warning at /home/runner/workspace/.ndk-tools/android-ndk-r27c/build/cmake/flags.cmake:18 (cmake_minimum_required):
  Compatibility with CMake < 3.10 will be removed from a future version of
  CMake.

  Update the VERSION argument <min> value.  Or, use the <min>...<max> syntax
  to tell CMake that the project requires at least <min> but has been updated
  to work with policies introduced by <max> or earlier.
Call Stack (most recent call first):
  /home/runner/workspace/thirdparty/vcpkg/downloads/tools/cmake-4.3.3-linux/cmake-4.3.3-linux-x86_64/share/cmake-4.3/Modules/Platform/Android-Clang.cmake:23 (include)
  /home/runner/workspace/thirdparty/vcpkg/downloads/tools/cmake-4.3.3-linux/cmake-4.3.3-linux-x86_64/share/cmake-4.3/Modules/Platform/Android-Clang-C.cmake:1 (include)
  /home/runner/workspace/thirdparty/vcpkg/downloads/tools/cmake-4.3.3-linux/cmake-4.3.3-linux-x86_64/share/cmake-4.3/Modules/CMakeCInformation.cmake:48 (include)
  /home/runner/workspace/thirdparty/vcpkg/buildtrees/curl/arm64-android-dbg/CMakeFiles/CMakeScratch/TryCompile-sh8bXC/CMakeLists.txt:5 (project)


-- Looking for utimes - found
-- Looking for gettimeofday
CMake Deprecation Warning at /home/runner/workspace/.ndk-tools/android-ndk-r27c/build/cmake/android.toolchain.cmake:35 (cmake_minimum_required):
  Compatibility with CMake < 3.10 will be removed from a future version of
  CMake.

  Update the VERSION argument <min> value.  Or, use the <min>...<max> syntax
  to tell CMake that the project requires at least <min> but has been updated
  to work with policies introduced by <max> or earlier.
Call Stack (most recent call first):
  /home/runner/workspace/thirdparty/vcpkg/scripts/toolchains/android.cmake:32 (include)
  /home/runner/workspace/thirdparty/vcpkg/scripts/buildsystems/vcpkg.cmake:210 (include)
  /home/runner/workspace/thirdparty/vcpkg/buildtrees/curl/arm64-android-dbg/CMakeFiles/4.3.3/CMakeSystem.cmake:6 (include)
  /home/runner/workspace/thirdparty/vcpkg/buildtrees/curl/arm64-android-dbg/CMakeFiles/CMakeScratch/TryCompile-chHLZ4/CMakeLists.txt:5 (project)


CMake Deprecation Warning at /home/runner/workspace/.ndk-tools/android-ndk-r27c/build/cmake/android-legacy.toolchain.cmake:35 (cmake_minimum_required):
  Compatibility with CMake < 3.10 will be removed from a future version of
  CMake.

  Update the VERSION argument <min> value.  Or, use the <min>...<max> syntax
  to tell CMake that the project requires at least <min> but has been updated
  to work with policies introduced by <max> or earlier.
Call Stack (most recent call first):
  /home/runner/workspace/.ndk-tools/android-ndk-r27c/build/cmake/android.toolchain.cmake:55 (include)
  /home/runner/workspace/thirdparty/vcpkg/scripts/toolchains/android.cmake:32 (include)
  /home/runner/workspace/thirdparty/vcpkg/scripts/buildsystems/vcpkg.cmake:210 (include)
  /home/runner/workspace/thirdparty/vcpkg/buildtrees/curl/arm64-android-dbg/CMakeFiles/4.3.3/CMakeSystem.cmake:6 (include)
  /home/runner/workspace/thirdparty/vcpkg/buildtrees/curl/arm64-android-dbg/CMakeFiles/CMakeScratch/TryCompile-chHLZ4/CMakeLists.txt:5 (project)


CMake Deprecation Warning at /home/runner/workspace/.ndk-tools/android-ndk-r27c/build/cmake/flags.cmake:18 (cmake_minimum_required):
  Compatibility with CMake < 3.10 will be removed from a future version of
  CMake.

  Update the VERSION argument <min> value.  Or, use the <min>...<max> syntax
  to tell CMake that the project requires at least <min> but has been updated
  to work with policies introduced by <max> or earlier.
Call Stack (most recent call first):
  /home/runner/workspace/thirdparty/vcpkg/downloads/tools/cmake-4.3.3-linux/cmake-4.3.3-linux-x86_64/share/cmake-4.3/Modules/Platform/Android-Clang.cmake:23 (include)
  /home/runner/workspace/thirdparty/vcpkg/downloads/tools/cmake-4.3.3-linux/cmake-4.3.3-linux-x86_64/share/cmake-4.3/Modules/Platform/Android-Clang-C.cmake:1 (include)
  /home/runner/workspace/thirdparty/vcpkg/downloads/tools/cmake-4.3.3-linux/cmake-4.3.3-linux-x86_64/share/cmake-4.3/Modules/CMakeCInformation.cmake:48 (include)
  /home/runner/workspace/thirdparty/vcpkg/buildtrees/curl/arm64-android-dbg/CMakeFiles/CMakeScratch/TryCompile-chHLZ4/CMakeLists.txt:5 (project)


-- Looking for gettimeofday - found
-- Looking for closesocket
CMake Deprecation Warning at /home/runner/workspace/.ndk-tools/android-ndk-r27c/build/cmake/android.toolchain.cmake:35 (cmake_minimum_required):
  Compatibility with CMake < 3.10 will be removed from a future version of
  CMake.

  Update the VERSION argument <min> value.  Or, use the <min>...<max> syntax
  to tell CMake that the project requires at least <min> but has been updated
  to work with policies introduced by <max> or earlier.
Call Stack (most recent call first):
  /home/runner/workspace/thirdparty/vcpkg/scripts/toolchains/android.cmake:32 (include)
  /home/runner/workspace/thirdparty/vcpkg/scripts/buildsystems/vcpkg.cmake:210 (include)
  /home/runner/workspace/thirdparty/vcpkg/buildtrees/curl/arm64-android-dbg/CMakeFiles/4.3.3/CMakeSystem.cmake:6 (include)
  /home/runner/workspace/thirdparty/vcpkg/buildtrees/curl/arm64-android-dbg/CMakeFiles/CMakeScratch/TryCompile-hp01ji/CMakeLists.txt:5 (project)


CMake Deprecation Warning at /home/runner/workspace/.ndk-tools/android-ndk-r27c/build/cmake/android-legacy.toolchain.cmake:35 (cmake_minimum_required):
  Compatibility with CMake < 3.10 will be removed from a future version of
  CMake.

  Update the VERSION argument <min> value.  Or, use the <min>...<max> syntax
  to tell CMake that the project requires at least <min> but has been updated
  to work with policies introduced by <max> or earlier.
Call Stack (most recent call first):
  /home/runner/workspace/.ndk-tools/android-ndk-r27c/build/cmake/android.toolchain.cmake:55 (include)
  /home/runner/workspace/thirdparty/vcpkg/scripts/toolchains/android.cmake:32 (include)
  /home/runner/workspace/thirdparty/vcpkg/scripts/buildsystems/vcpkg.cmake:210 (include)
  /home/runner/workspace/thirdparty/vcpkg/buildtrees/curl/arm64-android-dbg/CMakeFiles/4.3.3/CMakeSystem.cmake:6 (include)
  /home/runner/workspace/thirdparty/vcpkg/buildtrees/curl/arm64-android-dbg/CMakeFiles/CMakeScratch/TryCompile-hp01ji/CMakeLists.txt:5 (project)


CMake Deprecation Warning at /home/runner/workspace/.ndk-tools/android-ndk-r27c/build/cmake/flags.cmake:18 (cmake_minimum_required):
  Compatibility with CMake < 3.10 will be removed from a future version of
  CMake.

  Update the VERSION argument <min> value.  Or, use the <min>...<max> syntax
  to tell CMake that the project requires at least <min> but has been updated
  to work with policies introduced by <max> or earlier.
Call Stack (most recent call first):
  /home/runner/workspace/thirdparty/vcpkg/downloads/tools/cmake-4.3.3-linux/cmake-4.3.3-linux-x86_64/share/cmake-4.3/Modules/Platform/Android-Clang.cmake:23 (include)
  /home/runner/workspace/thirdparty/vcpkg/downloads/tools/cmake-4.3.3-linux/cmake-4.3.3-linux-x86_64/share/cmake-4.3/Modules/Platform/Android-Clang-C.cmake:1 (include)
  /home/runner/workspace/thirdparty/vcpkg/downloads/tools/cmake-4.3.3-linux/cmake-4.3.3-linux-x86_64/share/cmake-4.3/Modules/CMakeCInformation.cmake:48 (include)
  /home/runner/workspace/thirdparty/vcpkg/buildtrees/curl/arm64-android-dbg/CMakeFiles/CMakeScratch/TryCompile-hp01ji/CMakeLists.txt:5 (project)


-- Looking for closesocket - not found
-- Looking for sigsetjmp
CMake Deprecation Warning at /home/runner/workspace/.ndk-tools/android-ndk-r27c/build/cmake/android.toolchain.cmake:35 (cmake_minimum_required):
  Compatibility with CMake < 3.10 will be removed from a future version of
  CMake.

  Update the VERSION argument <min> value.  Or, use the <min>...<max> syntax
  to tell CMake that the project requires at least <min> but has been updated
  to work with policies introduced by <max> or earlier.
Call Stack (most recent call first):
  /home/runner/workspace/thirdparty/vcpkg/scripts/toolchains/android.cmake:32 (include)
  /home/runner/workspace/thirdparty/vcpkg/scripts/buildsystems/vcpkg.cmake:210 (include)
  /home/runner/workspace/thirdparty/vcpkg/buildtrees/curl/arm64-android-dbg/CMakeFiles/4.3.3/CMakeSystem.cmake:6 (include)
  /home/runner/workspace/thirdparty/vcpkg/buildtrees/curl/arm64-android-dbg/CMakeFiles/CMakeScratch/TryCompile-6LPwmM/CMakeLists.txt:5 (project)


CMake Deprecation Warning at /home/runner/workspace/.ndk-tools/android-ndk-r27c/build/cmake/android-legacy.toolchain.cmake:35 (cmake_minimum_required):
  Compatibility with CMake < 3.10 will be removed from a future version of
  CMake.

  Update the VERSION argument <min> value.  Or, use the <min>...<max> syntax
  to tell CMake that the project requires at least <min> but has been updated
  to work with policies introduced by <max> or earlier.
Call Stack (most recent call first):
  /home/runner/workspace/.ndk-tools/android-ndk-r27c/build/cmake/android.toolchain.cmake:55 (include)
  /home/runner/workspace/thirdparty/vcpkg/scripts/toolchains/android.cmake:32 (include)
  /home/runner/workspace/thirdparty/vcpkg/scripts/buildsystems/vcpkg.cmake:210 (include)
  /home/runner/workspace/thirdparty/vcpkg/buildtrees/curl/arm64-android-dbg/CMakeFiles/4.3.3/CMakeSystem.cmake:6 (include)
  /home/runner/workspace/thirdparty/vcpkg/buildtrees/curl/arm64-android-dbg/CMakeFiles/CMakeScratch/TryCompile-6LPwmM/CMakeLists.txt:5 (project)


CMake Deprecation Warning at /home/runner/workspace/.ndk-tools/android-ndk-r27c/build/cmake/flags.cmake:18 (cmake_minimum_required):
  Compatibility with CMake < 3.10 will be removed from a future version of
  CMake.

  Update the VERSION argument <min> value.  Or, use the <min>...<max> syntax
  to tell CMake that the project requires at least <min> but has been updated
  to work with policies introduced by <max> or earlier.
Call Stack (most recent call first):
  /home/runner/workspace/thirdparty/vcpkg/downloads/tools/cmake-4.3.3-linux/cmake-4.3.3-linux-x86_64/share/cmake-4.3/Modules/Platform/Android-Clang.cmake:23 (include)
  /home/runner/workspace/thirdparty/vcpkg/downloads/tools/cmake-4.3.3-linux/cmake-4.3.3-linux-x86_64/share/cmake-4.3/Modules/Platform/Android-Clang-C.cmake:1 (include)
  /home/runner/workspace/thirdparty/vcpkg/downloads/tools/cmake-4.3.3-linux/cmake-4.3.3-linux-x86_64/share/cmake-4.3/Modules/CMakeCInformation.cmake:48 (include)
  /home/runner/workspace/thirdparty/vcpkg/buildtrees/curl/arm64-android-dbg/CMakeFiles/CMakeScratch/TryCompile-6LPwmM/CMakeLists.txt:5 (project)


-- Looking for sigsetjmp - found
-- Looking for getpass_r
CMake Deprecation Warning at /home/runner/workspace/.ndk-tools/android-ndk-r27c/build/cmake/android.toolchain.cmake:35 (cmake_minimum_required):
  Compatibility with CMake < 3.10 will be removed from a future version of
  CMake.

  Update the VERSION argument <min> value.  Or, use the <min>...<max> syntax
  to tell CMake that the project requires at least <min> but has been updated
  to work with policies introduced by <max> or earlier.
Call Stack (most recent call first):
  /home/runner/workspace/thirdparty/vcpkg/scripts/toolchains/android.cmake:32 (include)
  /home/runner/workspace/thirdparty/vcpkg/scripts/buildsystems/vcpkg.cmake:210 (include)
  /home/runner/workspace/thirdparty/vcpkg/buildtrees/curl/arm64-android-dbg/CMakeFiles/4.3.3/CMakeSystem.cmake:6 (include)
  /home/runner/workspace/thirdparty/vcpkg/buildtrees/curl/arm64-android-dbg/CMakeFiles/CMakeScratch/TryCompile-UGLZ9Y/CMakeLists.txt:5 (project)


CMake Deprecation Warning at /home/runner/workspace/.ndk-tools/android-ndk-r27c/build/cmake/android-legacy.toolchain.cmake:35 (cmake_minimum_required):
  Compatibility with CMake < 3.10 will be removed from a future version of
  CMake.

  Update the VERSION argument <min> value.  Or, use the <min>...<max> syntax
  to tell CMake that the project requires at least <min> but has been updated
  to work with policies introduced by <max> or earlier.
Call Stack (most recent call first):
  /home/runner/workspace/.ndk-tools/android-ndk-r27c/build/cmake/android.toolchain.cmake:55 (include)
  /home/runner/workspace/thirdparty/vcpkg/scripts/toolchains/android.cmake:32 (include)
  /home/runner/workspace/thirdparty/vcpkg/scripts/buildsystems/vcpkg.cmake:210 (include)
  /home/runner/workspace/thirdparty/vcpkg/buildtrees/curl/arm64-android-dbg/CMakeFiles/4.3.3/CMakeSystem.cmake:6 (include)
  /home/runner/workspace/thirdparty/vcpkg/buildtrees/curl/arm64-android-dbg/CMakeFiles/CMakeScratch/TryCompile-UGLZ9Y/CMakeLists.txt:5 (project)


CMake Deprecation Warning at /home/runner/workspace/.ndk-tools/android-ndk-r27c/build/cmake/flags.cmake:18 (cmake_minimum_required):
  Compatibility with CMake < 3.10 will be removed from a future version of
  CMake.

  Update the VERSION argument <min> value.  Or, use the <min>...<max> syntax
  to tell CMake that the project requires at least <min> but has been updated
  to work with policies introduced by <max> or earlier.
Call Stack (most recent call first):
  /home/runner/workspace/thirdparty/vcpkg/downloads/tools/cmake-4.3.3-linux/cmake-4.3.3-linux-x86_64/share/cmake-4.3/Modules/Platform/Android-Clang.cmake:23 (include)
  /home/runner/workspace/thirdparty/vcpkg/downloads/tools/cmake-4.3.3-linux/cmake-4.3.3-linux-x86_64/share/cmake-4.3/Modules/Platform/Android-Clang-C.cmake:1 (include)
  /home/runner/workspace/thirdparty/vcpkg/downloads/tools/cmake-4.3.3-linux/cmake-4.3.3-linux-x86_64/share/cmake-4.3/Modules/CMakeCInformation.cmake:48 (include)
  /home/runner/workspace/thirdparty/vcpkg/buildtrees/curl/arm64-android-dbg/CMakeFiles/CMakeScratch/TryCompile-UGLZ9Y/CMakeLists.txt:5 (project)


-- Looking for getpass_r - not found
-- Looking for getpwuid
CMake Deprecation Warning at /home/runner/workspace/.ndk-tools/android-ndk-r27c/build/cmake/android.toolchain.cmake:35 (cmake_minimum_required):
  Compatibility with CMake < 3.10 will be removed from a future version of
  CMake.

  Update the VERSION argument <min> value.  Or, use the <min>...<max> syntax
  to tell CMake that the project requires at least <min> but has been updated
  to work with policies introduced by <max> or earlier.
Call Stack (most recent call first):
  /home/runner/workspace/thirdparty/vcpkg/scripts/toolchains/android.cmake:32 (include)
  /home/runner/workspace/thirdparty/vcpkg/scripts/buildsystems/vcpkg.cmake:210 (include)
  /home/runner/workspace/thirdparty/vcpkg/buildtrees/curl/arm64-android-dbg/CMakeFiles/4.3.3/CMakeSystem.cmake:6 (include)
  /home/runner/workspace/thirdparty/vcpkg/buildtrees/curl/arm64-android-dbg/CMakeFiles/CMakeScratch/TryCompile-KaxzCP/CMakeLists.txt:5 (project)


CMake Deprecation Warning at /home/runner/workspace/.ndk-tools/android-ndk-r27c/build/cmake/android-legacy.toolchain.cmake:35 (cmake_minimum_required):
  Compatibility with CMake < 3.10 will be removed from a future version of
  CMake.

  Update the VERSION argument <min> value.  Or, use the <min>...<max> syntax
  to tell CMake that the project requires at least <min> but has been updated
  to work with policies introduced by <max> or earlier.
Call Stack (most recent call first):
  /home/runner/workspace/.ndk-tools/android-ndk-r27c/build/cmake/android.toolchain.cmake:55 (include)
  /home/runner/workspace/thirdparty/vcpkg/scripts/toolchains/android.cmake:32 (include)
  /home/runner/workspace/thirdparty/vcpkg/scripts/buildsystems/vcpkg.cmake:210 (include)
  /home/runner/workspace/thirdparty/vcpkg/buildtrees/curl/arm64-android-dbg/CMakeFiles/4.3.3/CMakeSystem.cmake:6 (include)
  /home/runner/workspace/thirdparty/vcpkg/buildtrees/curl/arm64-android-dbg/CMakeFiles/CMakeScratch/TryCompile-KaxzCP/CMakeLists.txt:5 (project)


CMake Deprecation Warning at /home/runner/workspace/.ndk-tools/android-ndk-r27c/build/cmake/flags.cmake:18 (cmake_minimum_required):
  Compatibility with CMake < 3.10 will be removed from a future version of
  CMake.

  Update the VERSION argument <min> value.  Or, use the <min>...<max> syntax
  to tell CMake that the project requires at least <min> but has been updated
  to work with policies introduced by <max> or earlier.
Call Stack (most recent call first):
  /home/runner/workspace/thirdparty/vcpkg/downloads/tools/cmake-4.3.3-linux/cmake-4.3.3-linux-x86_64/share/cmake-4.3/Modules/Platform/Android-Clang.cmake:23 (include)
  /home/runner/workspace/thirdparty/vcpkg/downloads/tools/cmake-4.3.3-linux/cmake-4.3.3-linux-x86_64/share/cmake-4.3/Modules/Platform/Android-Clang-C.cmake:1 (include)
  /home/runner/workspace/thirdparty/vcpkg/downloads/tools/cmake-4.3.3-linux/cmake-4.3.3-linux-x86_64/share/cmake-4.3/Modules/CMakeCInformation.cmake:48 (include)
  /home/runner/workspace/thirdparty/vcpkg/buildtrees/curl/arm64-android-dbg/CMakeFiles/CMakeScratch/TryCompile-KaxzCP/CMakeLists.txt:5 (project)


-- Looking for getpwuid - found
-- Looking for getpwuid_r
CMake Deprecation Warning at /home/runner/workspace/.ndk-tools/android-ndk-r27c/build/cmake/android.toolchain.cmake:35 (cmake_minimum_required):
  Compatibility with CMake < 3.10 will be removed from a future version of
  CMake.

  Update the VERSION argument <min> value.  Or, use the <min>...<max> syntax
  to tell CMake that the project requires at least <min> but has been updated
  to work with policies introduced by <max> or earlier.
Call Stack (most recent call first):
  /home/runner/workspace/thirdparty/vcpkg/scripts/toolchains/android.cmake:32 (include)
  /home/runner/workspace/thirdparty/vcpkg/scripts/buildsystems/vcpkg.cmake:210 (include)
  /home/runner/workspace/thirdparty/vcpkg/buildtrees/curl/arm64-android-dbg/CMakeFiles/4.3.3/CMakeSystem.cmake:6 (include)
  /home/runner/workspace/thirdparty/vcpkg/buildtrees/curl/arm64-android-dbg/CMakeFiles/CMakeScratch/TryCompile-Qm9cHq/CMakeLists.txt:5 (project)


CMake Deprecation Warning at /home/runner/workspace/.ndk-tools/android-ndk-r27c/build/cmake/android-legacy.toolchain.cmake:35 (cmake_minimum_required):
  Compatibility with CMake < 3.10 will be removed from a future version of
  CMake.

  Update the VERSION argument <min> value.  Or, use the <min>...<max> syntax
  to tell CMake that the project requires at least <min> but has been updated
  to work with policies introduced by <max> or earlier.
Call Stack (most recent call first):
  /home/runner/workspace/.ndk-tools/android-ndk-r27c/build/cmake/android.toolchain.cmake:55 (include)
  /home/runner/workspace/thirdparty/vcpkg/scripts/toolchains/android.cmake:32 (include)
  /home/runner/workspace/thirdparty/vcpkg/scripts/buildsystems/vcpkg.cmake:210 (include)
  /home/runner/workspace/thirdparty/vcpkg/buildtrees/curl/arm64-android-dbg/CMakeFiles/4.3.3/CMakeSystem.cmake:6 (include)
  /home/runner/workspace/thirdparty/vcpkg/buildtrees/curl/arm64-android-dbg/CMakeFiles/CMakeScratch/TryCompile-Qm9cHq/CMakeLists.txt:5 (project)


CMake Deprecation Warning at /home/runner/workspace/.ndk-tools/android-ndk-r27c/build/cmake/flags.cmake:18 (cmake_minimum_required):
  Compatibility with CMake < 3.10 will be removed from a future version of
  CMake.

  Update the VERSION argument <min> value.  Or, use the <min>...<max> syntax
  to tell CMake that the project requires at least <min> but has been updated
  to work with policies introduced by <max> or earlier.
Call Stack (most recent call first):
  /home/runner/workspace/thirdparty/vcpkg/downloads/tools/cmake-4.3.3-linux/cmake-4.3.3-linux-x86_64/share/cmake-4.3/Modules/Platform/Android-Clang.cmake:23 (include)
  /home/runner/workspace/thirdparty/vcpkg/downloads/tools/cmake-4.3.3-linux/cmake-4.3.3-linux-x86_64/share/cmake-4.3/Modules/Platform/Android-Clang-C.cmake:1 (include)
  /home/runner/workspace/thirdparty/vcpkg/downloads/tools/cmake-4.3.3-linux/cmake-4.3.3-linux-x86_64/share/cmake-4.3/Modules/CMakeCInformation.cmake:48 (include)
  /home/runner/workspace/thirdparty/vcpkg/buildtrees/curl/arm64-android-dbg/CMakeFiles/CMakeScratch/TryCompile-Qm9cHq/CMakeLists.txt:5 (project)


-- Looking for getpwuid_r - found
-- Looking for geteuid
CMake Deprecation Warning at /home/runner/workspace/.ndk-tools/android-ndk-r27c/build/cmake/android.toolchain.cmake:35 (cmake_minimum_required):
  Compatibility with CMake < 3.10 will be removed from a future version of
  CMake.

  Update the VERSION argument <min> value.  Or, use the <min>...<max> syntax
  to tell CMake that the project requires at least <min> but has been updated
  to work with policies introduced by <max> or earlier.
Call Stack (most recent call first):
  /home/runner/workspace/thirdparty/vcpkg/scripts/toolchains/android.cmake:32 (include)
  /home/runner/workspace/thirdparty/vcpkg/scripts/buildsystems/vcpkg.cmake:210 (include)
  /home/runner/workspace/thirdparty/vcpkg/buildtrees/curl/arm64-android-dbg/CMakeFiles/4.3.3/CMakeSystem.cmake:6 (include)
  /home/runner/workspace/thirdparty/vcpkg/buildtrees/curl/arm64-android-dbg/CMakeFiles/CMakeScratch/TryCompile-PGtfuh/CMakeLists.txt:5 (project)


CMake Deprecation Warning at /home/runner/workspace/.ndk-tools/android-ndk-r27c/build/cmake/android-legacy.toolchain.cmake:35 (cmake_minimum_required):
  Compatibility with CMake < 3.10 will be removed from a future version of
  CMake.

  Update the VERSION argument <min> value.  Or, use the <min>...<max> syntax
  to tell CMake that the project requires at least <min> but has been updated
  to work with policies introduced by <max> or earlier.
Call Stack (most recent call first):
  /home/runner/workspace/.ndk-tools/android-ndk-r27c/build/cmake/android.toolchain.cmake:55 (include)
  /home/runner/workspace/thirdparty/vcpkg/scripts/toolchains/android.cmake:32 (include)
  /home/runner/workspace/thirdparty/vcpkg/scripts/buildsystems/vcpkg.cmake:210 (include)
  /home/runner/workspace/thirdparty/vcpkg/buildtrees/curl/arm64-android-dbg/CMakeFiles/4.3.3/CMakeSystem.cmake:6 (include)
  /home/runner/workspace/thirdparty/vcpkg/buildtrees/curl/arm64-android-dbg/CMakeFiles/CMakeScratch/TryCompile-PGtfuh/CMakeLists.txt:5 (project)


CMake Deprecation Warning at /home/runner/workspace/.ndk-tools/android-ndk-r27c/build/cmake/flags.cmake:18 (cmake_minimum_required):
  Compatibility with CMake < 3.10 will be removed from a future version of
  CMake.

  Update the VERSION argument <min> value.  Or, use the <min>...<max> syntax
  to tell CMake that the project requires at least <min> but has been updated
  to work with policies introduced by <max> or earlier.
Call Stack (most recent call first):
  /home/runner/workspace/thirdparty/vcpkg/downloads/tools/cmake-4.3.3-linux/cmake-4.3.3-linux-x86_64/share/cmake-4.3/Modules/Platform/Android-Clang.cmake:23 (include)
  /home/runner/workspace/thirdparty/vcpkg/downloads/tools/cmake-4.3.3-linux/cmake-4.3.3-linux-x86_64/share/cmake-4.3/Modules/Platform/Android-Clang-C.cmake:1 (include)
  /home/runner/workspace/thirdparty/vcpkg/downloads/tools/cmake-4.3.3-linux/cmake-4.3.3-linux-x86_64/share/cmake-4.3/Modules/CMakeCInformation.cmake:48 (include)
  /home/runner/workspace/thirdparty/vcpkg/buildtrees/curl/arm64-android-dbg/CMakeFiles/CMakeScratch/TryCompile-PGtfuh/CMakeLists.txt:5 (project)


-- Looking for geteuid - found
-- Looking for utime
CMake Deprecation Warning at /home/runner/workspace/.ndk-tools/android-ndk-r27c/build/cmake/android.toolchain.cmake:35 (cmake_minimum_required):
  Compatibility with CMake < 3.10 will be removed from a future version of
  CMake.

  Update the VERSION argument <min> value.  Or, use the <min>...<max> syntax
  to tell CMake that the project requires at least <min> but has been updated
  to work with policies introduced by <max> or earlier.
Call Stack (most recent call first):
  /home/runner/workspace/thirdparty/vcpkg/scripts/toolchains/android.cmake:32 (include)
  /home/runner/workspace/thirdparty/vcpkg/scripts/buildsystems/vcpkg.cmake:210 (include)
  /home/runner/workspace/thirdparty/vcpkg/buildtrees/curl/arm64-android-dbg/CMakeFiles/4.3.3/CMakeSystem.cmake:6 (include)
  /home/runner/workspace/thirdparty/vcpkg/buildtrees/curl/arm64-android-dbg/CMakeFiles/CMakeScratch/TryCompile-meH11K/CMakeLists.txt:5 (project)


CMake Deprecation Warning at /home/runner/workspace/.ndk-tools/android-ndk-r27c/build/cmake/android-legacy.toolchain.cmake:35 (cmake_minimum_required):
  Compatibility with CMake < 3.10 will be removed from a future version of
  CMake.

  Update the VERSION argument <min> value.  Or, use the <min>...<max> syntax
  to tell CMake that the project requires at least <min> but has been updated
  to work with policies introduced by <max> or earlier.
Call Stack (most recent call first):
  /home/runner/workspace/.ndk-tools/android-ndk-r27c/build/cmake/android.toolchain.cmake:55 (include)
  /home/runner/workspace/thirdparty/vcpkg/scripts/toolchains/android.cmake:32 (include)
  /home/runner/workspace/thirdparty/vcpkg/scripts/buildsystems/vcpkg.cmake:210 (include)
  /home/runner/workspace/thirdparty/vcpkg/buildtrees/curl/arm64-android-dbg/CMakeFiles/4.3.3/CMakeSystem.cmake:6 (include)
  /home/runner/workspace/thirdparty/vcpkg/buildtrees/curl/arm64-android-dbg/CMakeFiles/CMakeScratch/TryCompile-meH11K/CMakeLists.txt:5 (project)


CMake Deprecation Warning at /home/runner/workspace/.ndk-tools/android-ndk-r27c/build/cmake/flags.cmake:18 (cmake_minimum_required):
  Compatibility with CMake < 3.10 will be removed from a future version of
  CMake.

  Update the VERSION argument <min> value.  Or, use the <min>...<max> syntax
  to tell CMake that the project requires at least <min> but has been updated
  to work with policies introduced by <max> or earlier.
Call Stack (most recent call first):
  /home/runner/workspace/thirdparty/vcpkg/downloads/tools/cmake-4.3.3-linux/cmake-4.3.3-linux-x86_64/share/cmake-4.3/Modules/Platform/Android-Clang.cmake:23 (include)
  /home/runner/workspace/thirdparty/vcpkg/downloads/tools/cmake-4.3.3-linux/cmake-4.3.3-linux-x86_64/share/cmake-4.3/Modules/Platform/Android-Clang-C.cmake:1 (include)
  /home/runner/workspace/thirdparty/vcpkg/downloads/tools/cmake-4.3.3-linux/cmake-4.3.3-linux-x86_64/share/cmake-4.3/Modules/CMakeCInformation.cmake:48 (include)
  /home/runner/workspace/thirdparty/vcpkg/buildtrees/curl/arm64-android-dbg/CMakeFiles/CMakeScratch/TryCompile-meH11K/CMakeLists.txt:5 (project)


-- Looking for utime - found
-- Looking for gmtime_r
CMake Deprecation Warning at /home/runner/workspace/.ndk-tools/android-ndk-r27c/build/cmake/android.toolchain.cmake:35 (cmake_minimum_required):
  Compatibility with CMake < 3.10 will be removed from a future version of
  CMake.

  Update the VERSION argument <min> value.  Or, use the <min>...<max> syntax
  to tell CMake that the project requires at least <min> but has been updated
  to work with policies introduced by <max> or earlier.
Call Stack (most recent call first):
  /home/runner/workspace/thirdparty/vcpkg/scripts/toolchains/android.cmake:32 (include)
  /home/runner/workspace/thirdparty/vcpkg/scripts/buildsystems/vcpkg.cmake:210 (include)
  /home/runner/workspace/thirdparty/vcpkg/buildtrees/curl/arm64-android-dbg/CMakeFiles/4.3.3/CMakeSystem.cmake:6 (include)
  /home/runner/workspace/thirdparty/vcpkg/buildtrees/curl/arm64-android-dbg/CMakeFiles/CMakeScratch/TryCompile-wADPnB/CMakeLists.txt:5 (project)


CMake Deprecation Warning at /home/runner/workspace/.ndk-tools/android-ndk-r27c/build/cmake/android-legacy.toolchain.cmake:35 (cmake_minimum_required):
  Compatibility with CMake < 3.10 will be removed from a future version of
  CMake.

  Update the VERSION argument <min> value.  Or, use the <min>...<max> syntax
  to tell CMake that the project requires at least <min> but has been updated
  to work with policies introduced by <max> or earlier.
Call Stack (most recent call first):
  /home/runner/workspace/.ndk-tools/android-ndk-r27c/build/cmake/android.toolchain.cmake:55 (include)
  /home/runner/workspace/thirdparty/vcpkg/scripts/toolchains/android.cmake:32 (include)
  /home/runner/workspace/thirdparty/vcpkg/scripts/buildsystems/vcpkg.cmake:210 (include)
  /home/runner/workspace/thirdparty/vcpkg/buildtrees/curl/arm64-android-dbg/CMakeFiles/4.3.3/CMakeSystem.cmake:6 (include)
  /home/runner/workspace/thirdparty/vcpkg/buildtrees/curl/arm64-android-dbg/CMakeFiles/CMakeScratch/TryCompile-wADPnB/CMakeLists.txt:5 (project)


CMake Deprecation Warning at /home/runner/workspace/.ndk-tools/android-ndk-r27c/build/cmake/flags.cmake:18 (cmake_minimum_required):
  Compatibility with CMake < 3.10 will be removed from a future version of
  CMake.

  Update the VERSION argument <min> value.  Or, use the <min>...<max> syntax
  to tell CMake that the project requires at least <min> but has been updated
  to work with policies introduced by <max> or earlier.
Call Stack (most recent call first):
  /home/runner/workspace/thirdparty/vcpkg/downloads/tools/cmake-4.3.3-linux/cmake-4.3.3-linux-x86_64/share/cmake-4.3/Modules/Platform/Android-Clang.cmake:23 (include)
  /home/runner/workspace/thirdparty/vcpkg/downloads/tools/cmake-4.3.3-linux/cmake-4.3.3-linux-x86_64/share/cmake-4.3/Modules/Platform/Android-Clang-C.cmake:1 (include)
  /home/runner/workspace/thirdparty/vcpkg/downloads/tools/cmake-4.3.3-linux/cmake-4.3.3-linux-x86_64/share/cmake-4.3/Modules/CMakeCInformation.cmake:48 (include)
  /home/runner/workspace/thirdparty/vcpkg/buildtrees/curl/arm64-android-dbg/CMakeFiles/CMakeScratch/TryCompile-wADPnB/CMakeLists.txt:5 (project)


-- Looking for gmtime_r - found
-- Looking for gethostbyname_r
CMake Deprecation Warning at /home/runner/workspace/.ndk-tools/android-ndk-r27c/build/cmake/android.toolchain.cmake:35 (cmake_minimum_required):
  Compatibility with CMake < 3.10 will be removed from a future version of
  CMake.

  Update the VERSION argument <min> value.  Or, use the <min>...<max> syntax
  to tell CMake that the project requires at least <min> but has been updated
  to work with policies introduced by <max> or earlier.
Call Stack (most recent call first):
  /home/runner/workspace/thirdparty/vcpkg/scripts/toolchains/android.cmake:32 (include)
  /home/runner/workspace/thirdparty/vcpkg/scripts/buildsystems/vcpkg.cmake:210 (include)
  /home/runner/workspace/thirdparty/vcpkg/buildtrees/curl/arm64-android-dbg/CMakeFiles/4.3.3/CMakeSystem.cmake:6 (include)
  /home/runner/workspace/thirdparty/vcpkg/buildtrees/curl/arm64-android-dbg/CMakeFiles/CMakeScratch/TryCompile-0ofbwu/CMakeLists.txt:5 (project)


CMake Deprecation Warning at /home/runner/workspace/.ndk-tools/android-ndk-r27c/build/cmake/android-legacy.toolchain.cmake:35 (cmake_minimum_required):
  Compatibility with CMake < 3.10 will be removed from a future version of
  CMake.

  Update the VERSION argument <min> value.  Or, use the <min>...<max> syntax
  to tell CMake that the project requires at least <min> but has been updated
  to work with policies introduced by <max> or earlier.
Call Stack (most recent call first):
  /home/runner/workspace/.ndk-tools/android-ndk-r27c/build/cmake/android.toolchain.cmake:55 (include)
  /home/runner/workspace/thirdparty/vcpkg/scripts/toolchains/android.cmake:32 (include)
  /home/runner/workspace/thirdparty/vcpkg/scripts/buildsystems/vcpkg.cmake:210 (include)
  /home/runner/workspace/thirdparty/vcpkg/buildtrees/curl/arm64-android-dbg/CMakeFiles/4.3.3/CMakeSystem.cmake:6 (include)
  /home/runner/workspace/thirdparty/vcpkg/buildtrees/curl/arm64-android-dbg/CMakeFiles/CMakeScratch/TryCompile-0ofbwu/CMakeLists.txt:5 (project)


CMake Deprecation Warning at /home/runner/workspace/.ndk-tools/android-ndk-r27c/build/cmake/flags.cmake:18 (cmake_minimum_required):
  Compatibility with CMake < 3.10 will be removed from a future version of
  CMake.

  Update the VERSION argument <min> value.  Or, use the <min>...<max> syntax
  to tell CMake that the project requires at least <min> but has been updated
  to work with policies introduced by <max> or earlier.
Call Stack (most recent call first):
  /home/runner/workspace/thirdparty/vcpkg/downloads/tools/cmake-4.3.3-linux/cmake-4.3.3-linux-x86_64/share/cmake-4.3/Modules/Platform/Android-Clang.cmake:23 (include)
  /home/runner/workspace/thirdparty/vcpkg/downloads/tools/cmake-4.3.3-linux/cmake-4.3.3-linux-x86_64/share/cmake-4.3/Modules/Platform/Android-Clang-C.cmake:1 (include)
  /home/runner/workspace/thirdparty/vcpkg/downloads/tools/cmake-4.3.3-linux/cmake-4.3.3-linux-x86_64/share/cmake-4.3/Modules/CMakeCInformation.cmake:48 (include)
  /home/runner/workspace/thirdparty/vcpkg/buildtrees/curl/arm64-android-dbg/CMakeFiles/CMakeScratch/TryCompile-0ofbwu/CMakeLists.txt:5 (project)


-- Looking for gethostbyname_r - found
-- Looking for signal
CMake Deprecation Warning at /home/runner/workspace/.ndk-tools/android-ndk-r27c/build/cmake/android.toolchain.cmake:35 (cmake_minimum_required):
  Compatibility with CMake < 3.10 will be removed from a future version of
  CMake.

  Update the VERSION argument <min> value.  Or, use the <min>...<max> syntax
  to tell CMake that the project requires at least <min> but has been updated
  to work with policies introduced by <max> or earlier.
Call Stack (most recent call first):
  /home/runner/workspace/thirdparty/vcpkg/scripts/toolchains/android.cmake:32 (include)
  /home/runner/workspace/thirdparty/vcpkg/scripts/buildsystems/vcpkg.cmake:210 (include)
  /home/runner/workspace/thirdparty/vcpkg/buildtrees/curl/arm64-android-dbg/CMakeFiles/4.3.3/CMakeSystem.cmake:6 (include)
  /home/runner/workspace/thirdparty/vcpkg/buildtrees/curl/arm64-android-dbg/CMakeFiles/CMakeScratch/TryCompile-5ZFtBf/CMakeLists.txt:5 (project)


CMake Deprecation Warning at /home/runner/workspace/.ndk-tools/android-ndk-r27c/build/cmake/android-legacy.toolchain.cmake:35 (cmake_minimum_required):
  Compatibility with CMake < 3.10 will be removed from a future version of
  CMake.

  Update the VERSION argument <min> value.  Or, use the <min>...<max> syntax
  to tell CMake that the project requires at least <min> but has been updated
  to work with policies introduced by <max> or earlier.
Call Stack (most recent call first):
  /home/runner/workspace/.ndk-tools/android-ndk-r27c/build/cmake/android.toolchain.cmake:55 (include)
  /home/runner/workspace/thirdparty/vcpkg/scripts/toolchains/android.cmake:32 (include)
  /home/runner/workspace/thirdparty/vcpkg/scripts/buildsystems/vcpkg.cmake:210 (include)
  /home/runner/workspace/thirdparty/vcpkg/buildtrees/curl/arm64-android-dbg/CMakeFiles/4.3.3/CMakeSystem.cmake:6 (include)
  /home/runner/workspace/thirdparty/vcpkg/buildtrees/curl/arm64-android-dbg/CMakeFiles/CMakeScratch/TryCompile-5ZFtBf/CMakeLists.txt:5 (project)


CMake Deprecation Warning at /home/runner/workspace/.ndk-tools/android-ndk-r27c/build/cmake/flags.cmake:18 (cmake_minimum_required):
  Compatibility with CMake < 3.10 will be removed from a future version of
  CMake.

  Update the VERSION argument <min> value.  Or, use the <min>...<max> syntax
  to tell CMake that the project requires at least <min> but has been updated
  to work with policies introduced by <max> or earlier.
Call Stack (most recent call first):
  /home/runner/workspace/thirdparty/vcpkg/downloads/tools/cmake-4.3.3-linux/cmake-4.3.3-linux-x86_64/share/cmake-4.3/Modules/Platform/Android-Clang.cmake:23 (include)
  /home/runner/workspace/thirdparty/vcpkg/downloads/tools/cmake-4.3.3-linux/cmake-4.3.3-linux-x86_64/share/cmake-4.3/Modules/Platform/Android-Clang-C.cmake:1 (include)
  /home/runner/workspace/thirdparty/vcpkg/downloads/tools/cmake-4.3.3-linux/cmake-4.3.3-linux-x86_64/share/cmake-4.3/Modules/CMakeCInformation.cmake:48 (include)
  /home/runner/workspace/thirdparty/vcpkg/buildtrees/curl/arm64-android-dbg/CMakeFiles/CMakeScratch/TryCompile-5ZFtBf/CMakeLists.txt:5 (project)


-- Looking for signal - found
-- Looking for strtoll
CMake Deprecation Warning at /home/runner/workspace/.ndk-tools/android-ndk-r27c/build/cmake/android.toolchain.cmake:35 (cmake_minimum_required):
  Compatibility with CMake < 3.10 will be removed from a future version of
  CMake.

  Update the VERSION argument <min> value.  Or, use the <min>...<max> syntax
  to tell CMake that the project requires at least <min> but has been updated
  to work with policies introduced by <max> or earlier.
Call Stack (most recent call first):
  /home/runner/workspace/thirdparty/vcpkg/scripts/toolchains/android.cmake:32 (include)
  /home/runner/workspace/thirdparty/vcpkg/scripts/buildsystems/vcpkg.cmake:210 (include)
  /home/runner/workspace/thirdparty/vcpkg/buildtrees/curl/arm64-android-dbg/CMakeFiles/4.3.3/CMakeSystem.cmake:6 (include)
  /home/runner/workspace/thirdparty/vcpkg/buildtrees/curl/arm64-android-dbg/CMakeFiles/CMakeScratch/TryCompile-Dd3VPB/CMakeLists.txt:5 (project)


CMake Deprecation Warning at /home/runner/workspace/.ndk-tools/android-ndk-r27c/build/cmake/android-legacy.toolchain.cmake:35 (cmake_minimum_required):
  Compatibility with CMake < 3.10 will be removed from a future version of
  CMake.

  Update the VERSION argument <min> value.  Or, use the <min>...<max> syntax
  to tell CMake that the project requires at least <min> but has been updated
  to work with policies introduced by <max> or earlier.
Call Stack (most recent call first):
  /home/runner/workspace/.ndk-tools/android-ndk-r27c/build/cmake/android.toolchain.cmake:55 (include)
  /home/runner/workspace/thirdparty/vcpkg/scripts/toolchains/android.cmake:32 (include)
  /home/runner/workspace/thirdparty/vcpkg/scripts/buildsystems/vcpkg.cmake:210 (include)
  /home/runner/workspace/thirdparty/vcpkg/buildtrees/curl/arm64-android-dbg/CMakeFiles/4.3.3/CMakeSystem.cmake:6 (include)
  /home/runner/workspace/thirdparty/vcpkg/buildtrees/curl/arm64-android-dbg/CMakeFiles/CMakeScratch/TryCompile-Dd3VPB/CMakeLists.txt:5 (project)


CMake Deprecation Warning at /home/runner/workspace/.ndk-tools/android-ndk-r27c/build/cmake/flags.cmake:18 (cmake_minimum_required):
  Compatibility with CMake < 3.10 will be removed from a future version of
  CMake.

  Update the VERSION argument <min> value.  Or, use the <min>...<max> syntax
  to tell CMake that the project requires at least <min> but has been updated
  to work with policies introduced by <max> or earlier.
Call Stack (most recent call first):
  /home/runner/workspace/thirdparty/vcpkg/downloads/tools/cmake-4.3.3-linux/cmake-4.3.3-linux-x86_64/share/cmake-4.3/Modules/Platform/Android-Clang.cmake:23 (include)
  /home/runner/workspace/thirdparty/vcpkg/downloads/tools/cmake-4.3.3-linux/cmake-4.3.3-linux-x86_64/share/cmake-4.3/Modules/Platform/Android-Clang-C.cmake:1 (include)
  /home/runner/workspace/thirdparty/vcpkg/downloads/tools/cmake-4.3.3-linux/cmake-4.3.3-linux-x86_64/share/cmake-4.3/Modules/CMakeCInformation.cmake:48 (include)
  /home/runner/workspace/thirdparty/vcpkg/buildtrees/curl/arm64-android-dbg/CMakeFiles/CMakeScratch/TryCompile-Dd3VPB/CMakeLists.txt:5 (project)


-- Looking for strtoll - found
-- Looking for strerror_r
CMake Deprecation Warning at /home/runner/workspace/.ndk-tools/android-ndk-r27c/build/cmake/android.toolchain.cmake:35 (cmake_minimum_required):
  Compatibility with CMake < 3.10 will be removed from a future version of
  CMake.

  Update the VERSION argument <min> value.  Or, use the <min>...<max> syntax
  to tell CMake that the project requires at least <min> but has been updated
  to work with policies introduced by <max> or earlier.
Call Stack (most recent call first):
  /home/runner/workspace/thirdparty/vcpkg/scripts/toolchains/android.cmake:32 (include)
  /home/runner/workspace/thirdparty/vcpkg/scripts/buildsystems/vcpkg.cmake:210 (include)
  /home/runner/workspace/thirdparty/vcpkg/buildtrees/curl/arm64-android-dbg/CMakeFiles/4.3.3/CMakeSystem.cmake:6 (include)
  /home/runner/workspace/thirdparty/vcpkg/buildtrees/curl/arm64-android-dbg/CMakeFiles/CMakeScratch/TryCompile-XCjmkj/CMakeLists.txt:5 (project)


CMake Deprecation Warning at /home/runner/workspace/.ndk-tools/android-ndk-r27c/build/cmake/android-legacy.toolchain.cmake:35 (cmake_minimum_required):
  Compatibility with CMake < 3.10 will be removed from a future version of
  CMake.

  Update the VERSION argument <min> value.  Or, use the <min>...<max> syntax
  to tell CMake that the project requires at least <min> but has been updated
  to work with policies introduced by <max> or earlier.
Call Stack (most recent call first):
  /home/runner/workspace/.ndk-tools/android-ndk-r27c/build/cmake/android.toolchain.cmake:55 (include)
  /home/runner/workspace/thirdparty/vcpkg/scripts/toolchains/android.cmake:32 (include)
  /home/runner/workspace/thirdparty/vcpkg/scripts/buildsystems/vcpkg.cmake:210 (include)
  /home/runner/workspace/thirdparty/vcpkg/buildtrees/curl/arm64-android-dbg/CMakeFiles/4.3.3/CMakeSystem.cmake:6 (include)
  /home/runner/workspace/thirdparty/vcpkg/buildtrees/curl/arm64-android-dbg/CMakeFiles/CMakeScratch/TryCompile-XCjmkj/CMakeLists.txt:5 (project)


CMake Deprecation Warning at /home/runner/workspace/.ndk-tools/android-ndk-r27c/build/cmake/flags.cmake:18 (cmake_minimum_required):
  Compatibility with CMake < 3.10 will be removed from a future version of
  CMake.

  Update the VERSION argument <min> value.  Or, use the <min>...<max> syntax
  to tell CMake that the project requires at least <min> but has been updated
  to work with policies introduced by <max> or earlier.
Call Stack (most recent call first):
  /home/runner/workspace/thirdparty/vcpkg/downloads/tools/cmake-4.3.3-linux/cmake-4.3.3-linux-x86_64/share/cmake-4.3/Modules/Platform/Android-Clang.cmake:23 (include)
  /home/runner/workspace/thirdparty/vcpkg/downloads/tools/cmake-4.3.3-linux/cmake-4.3.3-linux-x86_64/share/cmake-4.3/Modules/Platform/Android-Clang-C.cmake:1 (include)
  /home/runner/workspace/thirdparty/vcpkg/downloads/tools/cmake-4.3.3-linux/cmake-4.3.3-linux-x86_64/share/cmake-4.3/Modules/CMakeCInformation.cmake:48 (include)
  /home/runner/workspace/thirdparty/vcpkg/buildtrees/curl/arm64-android-dbg/CMakeFiles/CMakeScratch/TryCompile-XCjmkj/CMakeLists.txt:5 (project)


-- Looking for strerror_r - found
-- Looking for sigaction
CMake Deprecation Warning at /home/runner/workspace/.ndk-tools/android-ndk-r27c/build/cmake/android.toolchain.cmake:35 (cmake_minimum_required):
  Compatibility with CMake < 3.10 will be removed from a future version of
  CMake.

  Update the VERSION argument <min> value.  Or, use the <min>...<max> syntax
  to tell CMake that the project requires at least <min> but has been updated
  to work with policies introduced by <max> or earlier.
Call Stack (most recent call first):
  /home/runner/workspace/thirdparty/vcpkg/scripts/toolchains/android.cmake:32 (include)
  /home/runner/workspace/thirdparty/vcpkg/scripts/buildsystems/vcpkg.cmake:210 (include)
  /home/runner/workspace/thirdparty/vcpkg/buildtrees/curl/arm64-android-dbg/CMakeFiles/4.3.3/CMakeSystem.cmake:6 (include)
  /home/runner/workspace/thirdparty/vcpkg/buildtrees/curl/arm64-android-dbg/CMakeFiles/CMakeScratch/TryCompile-aYkiLI/CMakeLists.txt:5 (project)


CMake Deprecation Warning at /home/runner/workspace/.ndk-tools/android-ndk-r27c/build/cmake/android-legacy.toolchain.cmake:35 (cmake_minimum_required):
  Compatibility with CMake < 3.10 will be removed from a future version of
  CMake.

  Update the VERSION argument <min> value.  Or, use the <min>...<max> syntax
  to tell CMake that the project requires at least <min> but has been updated
  to work with policies introduced by <max> or earlier.
Call Stack (most recent call first):
  /home/runner/workspace/.ndk-tools/android-ndk-r27c/build/cmake/android.toolchain.cmake:55 (include)
  /home/runner/workspace/thirdparty/vcpkg/scripts/toolchains/android.cmake:32 (include)
  /home/runner/workspace/thirdparty/vcpkg/scripts/buildsystems/vcpkg.cmake:210 (include)
  /home/runner/workspace/thirdparty/vcpkg/buildtrees/curl/arm64-android-dbg/CMakeFiles/4.3.3/CMakeSystem.cmake:6 (include)
  /home/runner/workspace/thirdparty/vcpkg/buildtrees/curl/arm64-android-dbg/CMakeFiles/CMakeScratch/TryCompile-aYkiLI/CMakeLists.txt:5 (project)


CMake Deprecation Warning at /home/runner/workspace/.ndk-tools/android-ndk-r27c/build/cmake/flags.cmake:18 (cmake_minimum_required):
  Compatibility with CMake < 3.10 will be removed from a future version of
  CMake.

  Update the VERSION argument <min> value.  Or, use the <min>...<max> syntax
  to tell CMake that the project requires at least <min> but has been updated
  to work with policies introduced by <max> or earlier.
Call Stack (most recent call first):
  /home/runner/workspace/thirdparty/vcpkg/downloads/tools/cmake-4.3.3-linux/cmake-4.3.3-linux-x86_64/share/cmake-4.3/Modules/Platform/Android-Clang.cmake:23 (include)
  /home/runner/workspace/thirdparty/vcpkg/downloads/tools/cmake-4.3.3-linux/cmake-4.3.3-linux-x86_64/share/cmake-4.3/Modules/Platform/Android-Clang-C.cmake:1 (include)
  /home/runner/workspace/thirdparty/vcpkg/downloads/tools/cmake-4.3.3-linux/cmake-4.3.3-linux-x86_64/share/cmake-4.3/Modules/CMakeCInformation.cmake:48 (include)
  /home/runner/workspace/thirdparty/vcpkg/buildtrees/curl/arm64-android-dbg/CMakeFiles/CMakeScratch/TryCompile-aYkiLI/CMakeLists.txt:5 (project)


-- Looking for sigaction - found
-- Looking for siginterrupt
CMake Deprecation Warning at /home/runner/workspace/.ndk-tools/android-ndk-r27c/build/cmake/android.toolchain.cmake:35 (cmake_minimum_required):
  Compatibility with CMake < 3.10 will be removed from a future version of
  CMake.

  Update the VERSION argument <min> value.  Or, use the <min>...<max> syntax
  to tell CMake that the project requires at least <min> but has been updated
  to work with policies introduced by <max> or earlier.
Call Stack (most recent call first):
  /home/runner/workspace/thirdparty/vcpkg/scripts/toolchains/android.cmake:32 (include)
  /home/runner/workspace/thirdparty/vcpkg/scripts/buildsystems/vcpkg.cmake:210 (include)
  /home/runner/workspace/thirdparty/vcpkg/buildtrees/curl/arm64-android-dbg/CMakeFiles/4.3.3/CMakeSystem.cmake:6 (include)
  /home/runner/workspace/thirdparty/vcpkg/buildtrees/curl/arm64-android-dbg/CMakeFiles/CMakeScratch/TryCompile-mmxULP/CMakeLists.txt:5 (project)


CMake Deprecation Warning at /home/runner/workspace/.ndk-tools/android-ndk-r27c/build/cmake/android-legacy.toolchain.cmake:35 (cmake_minimum_required):
  Compatibility with CMake < 3.10 will be removed from a future version of
  CMake.

  Update the VERSION argument <min> value.  Or, use the <min>...<max> syntax
  to tell CMake that the project requires at least <min> but has been updated
  to work with policies introduced by <max> or earlier.
Call Stack (most recent call first):
  /home/runner/workspace/.ndk-tools/android-ndk-r27c/build/cmake/android.toolchain.cmake:55 (include)
  /home/runner/workspace/thirdparty/vcpkg/scripts/toolchains/android.cmake:32 (include)
  /home/runner/workspace/thirdparty/vcpkg/scripts/buildsystems/vcpkg.cmake:210 (include)
  /home/runner/workspace/thirdparty/vcpkg/buildtrees/curl/arm64-android-dbg/CMakeFiles/4.3.3/CMakeSystem.cmake:6 (include)
  /home/runner/workspace/thirdparty/vcpkg/buildtrees/curl/arm64-android-dbg/CMakeFiles/CMakeScratch/TryCompile-mmxULP/CMakeLists.txt:5 (project)


CMake Deprecation Warning at /home/runner/workspace/.ndk-tools/android-ndk-r27c/build/cmake/flags.cmake:18 (cmake_minimum_required):
  Compatibility with CMake < 3.10 will be removed from a future version of
  CMake.

  Update the VERSION argument <min> value.  Or, use the <min>...<max> syntax
  to tell CMake that the project requires at least <min> but has been updated
  to work with policies introduced by <max> or earlier.
Call Stack (most recent call first):
  /home/runner/workspace/thirdparty/vcpkg/downloads/tools/cmake-4.3.3-linux/cmake-4.3.3-linux-x86_64/share/cmake-4.3/Modules/Platform/Android-Clang.cmake:23 (include)
  /home/runner/workspace/thirdparty/vcpkg/downloads/tools/cmake-4.3.3-linux/cmake-4.3.3-linux-x86_64/share/cmake-4.3/Modules/Platform/Android-Clang-C.cmake:1 (include)
  /home/runner/workspace/thirdparty/vcpkg/downloads/tools/cmake-4.3.3-linux/cmake-4.3.3-linux-x86_64/share/cmake-4.3/Modules/CMakeCInformation.cmake:48 (include)
  /home/runner/workspace/thirdparty/vcpkg/buildtrees/curl/arm64-android-dbg/CMakeFiles/CMakeScratch/TryCompile-mmxULP/CMakeLists.txt:5 (project)


-- Looking for siginterrupt - found
-- Looking for getaddrinfo
CMake Deprecation Warning at /home/runner/workspace/.ndk-tools/android-ndk-r27c/build/cmake/android.toolchain.cmake:35 (cmake_minimum_required):
  Compatibility with CMake < 3.10 will be removed from a future version of
  CMake.

  Update the VERSION argument <min> value.  Or, use the <min>...<max> syntax
  to tell CMake that the project requires at least <min> but has been updated
  to work with policies introduced by <max> or earlier.
Call Stack (most recent call first):
  /home/runner/workspace/thirdparty/vcpkg/scripts/toolchains/android.cmake:32 (include)
  /home/runner/workspace/thirdparty/vcpkg/scripts/buildsystems/vcpkg.cmake:210 (include)
  /home/runner/workspace/thirdparty/vcpkg/buildtrees/curl/arm64-android-dbg/CMakeFiles/4.3.3/CMakeSystem.cmake:6 (include)
  /home/runner/workspace/thirdparty/vcpkg/buildtrees/curl/arm64-android-dbg/CMakeFiles/CMakeScratch/TryCompile-mP4rLg/CMakeLists.txt:5 (project)


CMake Deprecation Warning at /home/runner/workspace/.ndk-tools/android-ndk-r27c/build/cmake/android-legacy.toolchain.cmake:35 (cmake_minimum_required):
  Compatibility with CMake < 3.10 will be removed from a future version of
  CMake.

  Update the VERSION argument <min> value.  Or, use the <min>...<max> syntax
  to tell CMake that the project requires at least <min> but has been updated
  to work with policies introduced by <max> or earlier.
Call Stack (most recent call first):
  /home/runner/workspace/.ndk-tools/android-ndk-r27c/build/cmake/android.toolchain.cmake:55 (include)
  /home/runner/workspace/thirdparty/vcpkg/scripts/toolchains/android.cmake:32 (include)
  /home/runner/workspace/thirdparty/vcpkg/scripts/buildsystems/vcpkg.cmake:210 (include)
  /home/runner/workspace/thirdparty/vcpkg/buildtrees/curl/arm64-android-dbg/CMakeFiles/4.3.3/CMakeSystem.cmake:6 (include)
  /home/runner/workspace/thirdparty/vcpkg/buildtrees/curl/arm64-android-dbg/CMakeFiles/CMakeScratch/TryCompile-mP4rLg/CMakeLists.txt:5 (project)


CMake Deprecation Warning at /home/runner/workspace/.ndk-tools/android-ndk-r27c/build/cmake/flags.cmake:18 (cmake_minimum_required):
  Compatibility with CMake < 3.10 will be removed from a future version of
  CMake.

  Update the VERSION argument <min> value.  Or, use the <min>...<max> syntax
  to tell CMake that the project requires at least <min> but has been updated
  to work with policies introduced by <max> or earlier.
Call Stack (most recent call first):
  /home/runner/workspace/thirdparty/vcpkg/downloads/tools/cmake-4.3.3-linux/cmake-4.3.3-linux-x86_64/share/cmake-4.3/Modules/Platform/Android-Clang.cmake:23 (include)
  /home/runner/workspace/thirdparty/vcpkg/downloads/tools/cmake-4.3.3-linux/cmake-4.3.3-linux-x86_64/share/cmake-4.3/Modules/Platform/Android-Clang-C.cmake:1 (include)
  /home/runner/workspace/thirdparty/vcpkg/downloads/tools/cmake-4.3.3-linux/cmake-4.3.3-linux-x86_64/share/cmake-4.3/Modules/CMakeCInformation.cmake:48 (include)
  /home/runner/workspace/thirdparty/vcpkg/buildtrees/curl/arm64-android-dbg/CMakeFiles/CMakeScratch/TryCompile-mP4rLg/CMakeLists.txt:5 (project)


-- Looking for getaddrinfo - found
-- Looking for getifaddrs
CMake Deprecation Warning at /home/runner/workspace/.ndk-tools/android-ndk-r27c/build/cmake/android.toolchain.cmake:35 (cmake_minimum_required):
  Compatibility with CMake < 3.10 will be removed from a future version of
  CMake.

  Update the VERSION argument <min> value.  Or, use the <min>...<max> syntax
  to tell CMake that the project requires at least <min> but has been updated
  to work with policies introduced by <max> or earlier.
Call Stack (most recent call first):
  /home/runner/workspace/thirdparty/vcpkg/scripts/toolchains/android.cmake:32 (include)
  /home/runner/workspace/thirdparty/vcpkg/scripts/buildsystems/vcpkg.cmake:210 (include)
  /home/runner/workspace/thirdparty/vcpkg/buildtrees/curl/arm64-android-dbg/CMakeFiles/4.3.3/CMakeSystem.cmake:6 (include)
  /home/runner/workspace/thirdparty/vcpkg/buildtrees/curl/arm64-android-dbg/CMakeFiles/CMakeScratch/TryCompile-9PC4zQ/CMakeLists.txt:5 (project)


CMake Deprecation Warning at /home/runner/workspace/.ndk-tools/android-ndk-r27c/build/cmake/android-legacy.toolchain.cmake:35 (cmake_minimum_required):
  Compatibility with CMake < 3.10 will be removed from a future version of
  CMake.

  Update the VERSION argument <min> value.  Or, use the <min>...<max> syntax
  to tell CMake that the project requires at least <min> but has been updated
  to work with policies introduced by <max> or earlier.
Call Stack (most recent call first):
  /home/runner/workspace/.ndk-tools/android-ndk-r27c/build/cmake/android.toolchain.cmake:55 (include)
  /home/runner/workspace/thirdparty/vcpkg/scripts/toolchains/android.cmake:32 (include)
  /home/runner/workspace/thirdparty/vcpkg/scripts/buildsystems/vcpkg.cmake:210 (include)
  /home/runner/workspace/thirdparty/vcpkg/buildtrees/curl/arm64-android-dbg/CMakeFiles/4.3.3/CMakeSystem.cmake:6 (include)
  /home/runner/workspace/thirdparty/vcpkg/buildtrees/curl/arm64-android-dbg/CMakeFiles/CMakeScratch/TryCompile-9PC4zQ/CMakeLists.txt:5 (project)


CMake Deprecation Warning at /home/runner/workspace/.ndk-tools/android-ndk-r27c/build/cmake/flags.cmake:18 (cmake_minimum_required):
  Compatibility with CMake < 3.10 will be removed from a future version of
  CMake.

  Update the VERSION argument <min> value.  Or, use the <min>...<max> syntax
  to tell CMake that the project requires at least <min> but has been updated
  to work with policies introduced by <max> or earlier.
Call Stack (most recent call first):
  /home/runner/workspace/thirdparty/vcpkg/downloads/tools/cmake-4.3.3-linux/cmake-4.3.3-linux-x86_64/share/cmake-4.3/Modules/Platform/Android-Clang.cmake:23 (include)
  /home/runner/workspace/thirdparty/vcpkg/downloads/tools/cmake-4.3.3-linux/cmake-4.3.3-linux-x86_64/share/cmake-4.3/Modules/Platform/Android-Clang-C.cmake:1 (include)
  /home/runner/workspace/thirdparty/vcpkg/downloads/tools/cmake-4.3.3-linux/cmake-4.3.3-linux-x86_64/share/cmake-4.3/Modules/CMakeCInformation.cmake:48 (include)
  /home/runner/workspace/thirdparty/vcpkg/buildtrees/curl/arm64-android-dbg/CMakeFiles/CMakeScratch/TryCompile-9PC4zQ/CMakeLists.txt:5 (project)


-- Looking for getifaddrs - found
-- Looking for freeaddrinfo
CMake Deprecation Warning at /home/runner/workspace/.ndk-tools/android-ndk-r27c/build/cmake/android.toolchain.cmake:35 (cmake_minimum_required):
  Compatibility with CMake < 3.10 will be removed from a future version of
  CMake.

  Update the VERSION argument <min> value.  Or, use the <min>...<max> syntax
  to tell CMake that the project requires at least <min> but has been updated
  to work with policies introduced by <max> or earlier.
Call Stack (most recent call first):
  /home/runner/workspace/thirdparty/vcpkg/scripts/toolchains/android.cmake:32 (include)
  /home/runner/workspace/thirdparty/vcpkg/scripts/buildsystems/vcpkg.cmake:210 (include)
  /home/runner/workspace/thirdparty/vcpkg/buildtrees/curl/arm64-android-dbg/CMakeFiles/4.3.3/CMakeSystem.cmake:6 (include)
  /home/runner/workspace/thirdparty/vcpkg/buildtrees/curl/arm64-android-dbg/CMakeFiles/CMakeScratch/TryCompile-q5q4i6/CMakeLists.txt:5 (project)


CMake Deprecation Warning at /home/runner/workspace/.ndk-tools/android-ndk-r27c/build/cmake/android-legacy.toolchain.cmake:35 (cmake_minimum_required):
  Compatibility with CMake < 3.10 will be removed from a future version of
  CMake.

  Update the VERSION argument <min> value.  Or, use the <min>...<max> syntax
  to tell CMake that the project requires at least <min> but has been updated
  to work with policies introduced by <max> or earlier.
Call Stack (most recent call first):
  /home/runner/workspace/.ndk-tools/android-ndk-r27c/build/cmake/android.toolchain.cmake:55 (include)
  /home/runner/workspace/thirdparty/vcpkg/scripts/toolchains/android.cmake:32 (include)
  /home/runner/workspace/thirdparty/vcpkg/scripts/buildsystems/vcpkg.cmake:210 (include)
  /home/runner/workspace/thirdparty/vcpkg/buildtrees/curl/arm64-android-dbg/CMakeFiles/4.3.3/CMakeSystem.cmake:6 (include)
  /home/runner/workspace/thirdparty/vcpkg/buildtrees/curl/arm64-android-dbg/CMakeFiles/CMakeScratch/TryCompile-q5q4i6/CMakeLists.txt:5 (project)


CMake Deprecation Warning at /home/runner/workspace/.ndk-tools/android-ndk-r27c/build/cmake/flags.cmake:18 (cmake_minimum_required):
  Compatibility with CMake < 3.10 will be removed from a future version of
  CMake.

  Update the VERSION argument <min> value.  Or, use the <min>...<max> syntax
  to tell CMake that the project requires at least <min> but has been updated
  to work with policies introduced by <max> or earlier.
Call Stack (most recent call first):
  /home/runner/workspace/thirdparty/vcpkg/downloads/tools/cmake-4.3.3-linux/cmake-4.3.3-linux-x86_64/share/cmake-4.3/Modules/Platform/Android-Clang.cmake:23 (include)
  /home/runner/workspace/thirdparty/vcpkg/downloads/tools/cmake-4.3.3-linux/cmake-4.3.3-linux-x86_64/share/cmake-4.3/Modules/Platform/Android-Clang-C.cmake:1 (include)
  /home/runner/workspace/thirdparty/vcpkg/downloads/tools/cmake-4.3.3-linux/cmake-4.3.3-linux-x86_64/share/cmake-4.3/Modules/CMakeCInformation.cmake:48 (include)
  /home/runner/workspace/thirdparty/vcpkg/buildtrees/curl/arm64-android-dbg/CMakeFiles/CMakeScratch/TryCompile-q5q4i6/CMakeLists.txt:5 (project)


-- Looking for freeaddrinfo - found
-- Looking for pipe
CMake Deprecation Warning at /home/runner/workspace/.ndk-tools/android-ndk-r27c/build/cmake/android.toolchain.cmake:35 (cmake_minimum_required):
  Compatibility with CMake < 3.10 will be removed from a future version of
  CMake.

  Update the VERSION argument <min> value.  Or, use the <min>...<max> syntax
  to tell CMake that the project requires at least <min> but has been updated
  to work with policies introduced by <max> or earlier.
Call Stack (most recent call first):
  /home/runner/workspace/thirdparty/vcpkg/scripts/toolchains/android.cmake:32 (include)
  /home/runner/workspace/thirdparty/vcpkg/scripts/buildsystems/vcpkg.cmake:210 (include)
  /home/runner/workspace/thirdparty/vcpkg/buildtrees/curl/arm64-android-dbg/CMakeFiles/4.3.3/CMakeSystem.cmake:6 (include)
  /home/runner/workspace/thirdparty/vcpkg/buildtrees/curl/arm64-android-dbg/CMakeFiles/CMakeScratch/TryCompile-JQ2SNu/CMakeLists.txt:5 (project)


CMake Deprecation Warning at /home/runner/workspace/.ndk-tools/android-ndk-r27c/build/cmake/android-legacy.toolchain.cmake:35 (cmake_minimum_required):
  Compatibility with CMake < 3.10 will be removed from a future version of
  CMake.

  Update the VERSION argument <min> value.  Or, use the <min>...<max> syntax
  to tell CMake that the project requires at least <min> but has been updated
  to work with policies introduced by <max> or earlier.
Call Stack (most recent call first):
  /home/runner/workspace/.ndk-tools/android-ndk-r27c/build/cmake/android.toolchain.cmake:55 (include)
  /home/runner/workspace/thirdparty/vcpkg/scripts/toolchains/android.cmake:32 (include)
  /home/runner/workspace/thirdparty/vcpkg/scripts/buildsystems/vcpkg.cmake:210 (include)
  /home/runner/workspace/thirdparty/vcpkg/buildtrees/curl/arm64-android-dbg/CMakeFiles/4.3.3/CMakeSystem.cmake:6 (include)
  /home/runner/workspace/thirdparty/vcpkg/buildtrees/curl/arm64-android-dbg/CMakeFiles/CMakeScratch/TryCompile-JQ2SNu/CMakeLists.txt:5 (project)


CMake Deprecation Warning at /home/runner/workspace/.ndk-tools/android-ndk-r27c/build/cmake/flags.cmake:18 (cmake_minimum_required):
  Compatibility with CMake < 3.10 will be removed from a future version of
  CMake.

  Update the VERSION argument <min> value.  Or, use the <min>...<max> syntax
  to tell CMake that the project requires at least <min> but has been updated
  to work with policies introduced by <max> or earlier.
Call Stack (most recent call first):
  /home/runner/workspace/thirdparty/vcpkg/downloads/tools/cmake-4.3.3-linux/cmake-4.3.3-linux-x86_64/share/cmake-4.3/Modules/Platform/Android-Clang.cmake:23 (include)
  /home/runner/workspace/thirdparty/vcpkg/downloads/tools/cmake-4.3.3-linux/cmake-4.3.3-linux-x86_64/share/cmake-4.3/Modules/Platform/Android-Clang-C.cmake:1 (include)
  /home/runner/workspace/thirdparty/vcpkg/downloads/tools/cmake-4.3.3-linux/cmake-4.3.3-linux-x86_64/share/cmake-4.3/Modules/CMakeCInformation.cmake:48 (include)
  /home/runner/workspace/thirdparty/vcpkg/buildtrees/curl/arm64-android-dbg/CMakeFiles/CMakeScratch/TryCompile-JQ2SNu/CMakeLists.txt:5 (project)


-- Looking for pipe - found
-- Looking for eventfd
CMake Deprecation Warning at /home/runner/workspace/.ndk-tools/android-ndk-r27c/build/cmake/android.toolchain.cmake:35 (cmake_minimum_required):
  Compatibility with CMake < 3.10 will be removed from a future version of
  CMake.

  Update the VERSION argument <min> value.  Or, use the <min>...<max> syntax
  to tell CMake that the project requires at least <min> but has been updated
  to work with policies introduced by <max> or earlier.
Call Stack (most recent call first):
  /home/runner/workspace/thirdparty/vcpkg/scripts/toolchains/android.cmake:32 (include)
  /home/runner/workspace/thirdparty/vcpkg/scripts/buildsystems/vcpkg.cmake:210 (include)
  /home/runner/workspace/thirdparty/vcpkg/buildtrees/curl/arm64-android-dbg/CMakeFiles/4.3.3/CMakeSystem.cmake:6 (include)
  /home/runner/workspace/thirdparty/vcpkg/buildtrees/curl/arm64-android-dbg/CMakeFiles/CMakeScratch/TryCompile-DpXWGD/CMakeLists.txt:5 (project)


CMake Deprecation Warning at /home/runner/workspace/.ndk-tools/android-ndk-r27c/build/cmake/android-legacy.toolchain.cmake:35 (cmake_minimum_required):
  Compatibility with CMake < 3.10 will be removed from a future version of
  CMake.

  Update the VERSION argument <min> value.  Or, use the <min>...<max> syntax
  to tell CMake that the project requires at least <min> but has been updated
  to work with policies introduced by <max> or earlier.
Call Stack (most recent call first):
  /home/runner/workspace/.ndk-tools/android-ndk-r27c/build/cmake/android.toolchain.cmake:55 (include)
  /home/runner/workspace/thirdparty/vcpkg/scripts/toolchains/android.cmake:32 (include)
  /home/runner/workspace/thirdparty/vcpkg/scripts/buildsystems/vcpkg.cmake:210 (include)
  /home/runner/workspace/thirdparty/vcpkg/buildtrees/curl/arm64-android-dbg/CMakeFiles/4.3.3/CMakeSystem.cmake:6 (include)
  /home/runner/workspace/thirdparty/vcpkg/buildtrees/curl/arm64-android-dbg/CMakeFiles/CMakeScratch/TryCompile-DpXWGD/CMakeLists.txt:5 (project)


CMake Deprecation Warning at /home/runner/workspace/.ndk-tools/android-ndk-r27c/build/cmake/flags.cmake:18 (cmake_minimum_required):
  Compatibility with CMake < 3.10 will be removed from a future version of
  CMake.

  Update the VERSION argument <min> value.  Or, use the <min>...<max> syntax
  to tell CMake that the project requires at least <min> but has been updated
  to work with policies introduced by <max> or earlier.
Call Stack (most recent call first):
  /home/runner/workspace/thirdparty/vcpkg/downloads/tools/cmake-4.3.3-linux/cmake-4.3.3-linux-x86_64/share/cmake-4.3/Modules/Platform/Android-Clang.cmake:23 (include)
  /home/runner/workspace/thirdparty/vcpkg/downloads/tools/cmake-4.3.3-linux/cmake-4.3.3-linux-x86_64/share/cmake-4.3/Modules/Platform/Android-Clang-C.cmake:1 (include)
  /home/runner/workspace/thirdparty/vcpkg/downloads/tools/cmake-4.3.3-linux/cmake-4.3.3-linux-x86_64/share/cmake-4.3/Modules/CMakeCInformation.cmake:48 (include)
  /home/runner/workspace/thirdparty/vcpkg/buildtrees/curl/arm64-android-dbg/CMakeFiles/CMakeScratch/TryCompile-DpXWGD/CMakeLists.txt:5 (project)


-- Looking for eventfd - found
-- Looking for ftruncate
CMake Deprecation Warning at /home/runner/workspace/.ndk-tools/android-ndk-r27c/build/cmake/android.toolchain.cmake:35 (cmake_minimum_required):
  Compatibility with CMake < 3.10 will be removed from a future version of
  CMake.

  Update the VERSION argument <min> value.  Or, use the <min>...<max> syntax
  to tell CMake that the project requires at least <min> but has been updated
  to work with policies introduced by <max> or earlier.
Call Stack (most recent call first):
  /home/runner/workspace/thirdparty/vcpkg/scripts/toolchains/android.cmake:32 (include)
  /home/runner/workspace/thirdparty/vcpkg/scripts/buildsystems/vcpkg.cmake:210 (include)
  /home/runner/workspace/thirdparty/vcpkg/buildtrees/curl/arm64-android-dbg/CMakeFiles/4.3.3/CMakeSystem.cmake:6 (include)
  /home/runner/workspace/thirdparty/vcpkg/buildtrees/curl/arm64-android-dbg/CMakeFiles/CMakeScratch/TryCompile-TAIMWV/CMakeLists.txt:5 (project)


CMake Deprecation Warning at /home/runner/workspace/.ndk-tools/android-ndk-r27c/build/cmake/android-legacy.toolchain.cmake:35 (cmake_minimum_required):
  Compatibility with CMake < 3.10 will be removed from a future version of
  CMake.

  Update the VERSION argument <min> value.  Or, use the <min>...<max> syntax
  to tell CMake that the project requires at least <min> but has been updated
  to work with policies introduced by <max> or earlier.
Call Stack (most recent call first):
  /home/runner/workspace/.ndk-tools/android-ndk-r27c/build/cmake/android.toolchain.cmake:55 (include)
  /home/runner/workspace/thirdparty/vcpkg/scripts/toolchains/android.cmake:32 (include)
  /home/runner/workspace/thirdparty/vcpkg/scripts/buildsystems/vcpkg.cmake:210 (include)
  /home/runner/workspace/thirdparty/vcpkg/buildtrees/curl/arm64-android-dbg/CMakeFiles/4.3.3/CMakeSystem.cmake:6 (include)
  /home/runner/workspace/thirdparty/vcpkg/buildtrees/curl/arm64-android-dbg/CMakeFiles/CMakeScratch/TryCompile-TAIMWV/CMakeLists.txt:5 (project)


CMake Deprecation Warning at /home/runner/workspace/.ndk-tools/android-ndk-r27c/build/cmake/flags.cmake:18 (cmake_minimum_required):
  Compatibility with CMake < 3.10 will be removed from a future version of
  CMake.

  Update the VERSION argument <min> value.  Or, use the <min>...<max> syntax
  to tell CMake that the project requires at least <min> but has been updated
  to work with policies introduced by <max> or earlier.
Call Stack (most recent call first):
  /home/runner/workspace/thirdparty/vcpkg/downloads/tools/cmake-4.3.3-linux/cmake-4.3.3-linux-x86_64/share/cmake-4.3/Modules/Platform/Android-Clang.cmake:23 (include)
  /home/runner/workspace/thirdparty/vcpkg/downloads/tools/cmake-4.3.3-linux/cmake-4.3.3-linux-x86_64/share/cmake-4.3/Modules/Platform/Android-Clang-C.cmake:1 (include)
  /home/runner/workspace/thirdparty/vcpkg/downloads/tools/cmake-4.3.3-linux/cmake-4.3.3-linux-x86_64/share/cmake-4.3/Modules/CMakeCInformation.cmake:48 (include)
  /home/runner/workspace/thirdparty/vcpkg/buildtrees/curl/arm64-android-dbg/CMakeFiles/CMakeScratch/TryCompile-TAIMWV/CMakeLists.txt:5 (project)


-- Looking for ftruncate - found
-- Looking for getpeername
CMake Deprecation Warning at /home/runner/workspace/.ndk-tools/android-ndk-r27c/build/cmake/android.toolchain.cmake:35 (cmake_minimum_required):
  Compatibility with CMake < 3.10 will be removed from a future version of
  CMake.

  Update the VERSION argument <min> value.  Or, use the <min>...<max> syntax
  to tell CMake that the project requires at least <min> but has been updated
  to work with policies introduced by <max> or earlier.
Call Stack (most recent call first):
  /home/runner/workspace/thirdparty/vcpkg/scripts/toolchains/android.cmake:32 (include)
  /home/runner/workspace/thirdparty/vcpkg/scripts/buildsystems/vcpkg.cmake:210 (include)
  /home/runner/workspace/thirdparty/vcpkg/buildtrees/curl/arm64-android-dbg/CMakeFiles/4.3.3/CMakeSystem.cmake:6 (include)
  /home/runner/workspace/thirdparty/vcpkg/buildtrees/curl/arm64-android-dbg/CMakeFiles/CMakeScratch/TryCompile-iG5BT7/CMakeLists.txt:5 (project)


CMake Deprecation Warning at /home/runner/workspace/.ndk-tools/android-ndk-r27c/build/cmake/android-legacy.toolchain.cmake:35 (cmake_minimum_required):
  Compatibility with CMake < 3.10 will be removed from a future version of
  CMake.

  Update the VERSION argument <min> value.  Or, use the <min>...<max> syntax
  to tell CMake that the project requires at least <min> but has been updated
  to work with policies introduced by <max> or earlier.
Call Stack (most recent call first):
  /home/runner/workspace/.ndk-tools/android-ndk-r27c/build/cmake/android.toolchain.cmake:55 (include)
  /home/runner/workspace/thirdparty/vcpkg/scripts/toolchains/android.cmake:32 (include)
  /home/runner/workspace/thirdparty/vcpkg/scripts/buildsystems/vcpkg.cmake:210 (include)
  /home/runner/workspace/thirdparty/vcpkg/buildtrees/curl/arm64-android-dbg/CMakeFiles/4.3.3/CMakeSystem.cmake:6 (include)
  /home/runner/workspace/thirdparty/vcpkg/buildtrees/curl/arm64-android-dbg/CMakeFiles/CMakeScratch/TryCompile-iG5BT7/CMakeLists.txt:5 (project)


CMake Deprecation Warning at /home/runner/workspace/.ndk-tools/android-ndk-r27c/build/cmake/flags.cmake:18 (cmake_minimum_required):
  Compatibility with CMake < 3.10 will be removed from a future version of
  CMake.

  Update the VERSION argument <min> value.  Or, use the <min>...<max> syntax
  to tell CMake that the project requires at least <min> but has been updated
  to work with policies introduced by <max> or earlier.
Call Stack (most recent call first):
  /home/runner/workspace/thirdparty/vcpkg/downloads/tools/cmake-4.3.3-linux/cmake-4.3.3-linux-x86_64/share/cmake-4.3/Modules/Platform/Android-Clang.cmake:23 (include)
  /home/runner/workspace/thirdparty/vcpkg/downloads/tools/cmake-4.3.3-linux/cmake-4.3.3-linux-x86_64/share/cmake-4.3/Modules/Platform/Android-Clang-C.cmake:1 (include)
  /home/runner/workspace/thirdparty/vcpkg/downloads/tools/cmake-4.3.3-linux/cmake-4.3.3-linux-x86_64/share/cmake-4.3/Modules/CMakeCInformation.cmake:48 (include)
  /home/runner/workspace/thirdparty/vcpkg/buildtrees/curl/arm64-android-dbg/CMakeFiles/CMakeScratch/TryCompile-iG5BT7/CMakeLists.txt:5 (project)


-- Looking for getpeername - found
-- Looking for getsockname
CMake Deprecation Warning at /home/runner/workspace/.ndk-tools/android-ndk-r27c/build/cmake/android.toolchain.cmake:35 (cmake_minimum_required):
  Compatibility with CMake < 3.10 will be removed from a future version of
  CMake.

  Update the VERSION argument <min> value.  Or, use the <min>...<max> syntax
  to tell CMake that the project requires at least <min> but has been updated
  to work with policies introduced by <max> or earlier.
Call Stack (most recent call first):
  /home/runner/workspace/thirdparty/vcpkg/scripts/toolchains/android.cmake:32 (include)
  /home/runner/workspace/thirdparty/vcpkg/scripts/buildsystems/vcpkg.cmake:210 (include)
  /home/runner/workspace/thirdparty/vcpkg/buildtrees/curl/arm64-android-dbg/CMakeFiles/4.3.3/CMakeSystem.cmake:6 (include)
  /home/runner/workspace/thirdparty/vcpkg/buildtrees/curl/arm64-android-dbg/CMakeFiles/CMakeScratch/TryCompile-Sdine4/CMakeLists.txt:5 (project)


CMake Deprecation Warning at /home/runner/workspace/.ndk-tools/android-ndk-r27c/build/cmake/android-legacy.toolchain.cmake:35 (cmake_minimum_required):
  Compatibility with CMake < 3.10 will be removed from a future version of
  CMake.

  Update the VERSION argument <min> value.  Or, use the <min>...<max> syntax
  to tell CMake that the project requires at least <min> but has been updated
  to work with policies introduced by <max> or earlier.
Call Stack (most recent call first):
  /home/runner/workspace/.ndk-tools/android-ndk-r27c/build/cmake/android.toolchain.cmake:55 (include)
  /home/runner/workspace/thirdparty/vcpkg/scripts/toolchains/android.cmake:32 (include)
  /home/runner/workspace/thirdparty/vcpkg/scripts/buildsystems/vcpkg.cmake:210 (include)
  /home/runner/workspace/thirdparty/vcpkg/buildtrees/curl/arm64-android-dbg/CMakeFiles/4.3.3/CMakeSystem.cmake:6 (include)
  /home/runner/workspace/thirdparty/vcpkg/buildtrees/curl/arm64-android-dbg/CMakeFiles/CMakeScratch/TryCompile-Sdine4/CMakeLists.txt:5 (project)


CMake Deprecation Warning at /home/runner/workspace/.ndk-tools/android-ndk-r27c/build/cmake/flags.cmake:18 (cmake_minimum_required):
  Compatibility with CMake < 3.10 will be removed from a future version of
  CMake.

  Update the VERSION argument <min> value.  Or, use the <min>...<max> syntax
  to tell CMake that the project requires at least <min> but has been updated
  to work with policies introduced by <max> or earlier.
Call Stack (most recent call first):
  /home/runner/workspace/thirdparty/vcpkg/downloads/tools/cmake-4.3.3-linux/cmake-4.3.3-linux-x86_64/share/cmake-4.3/Modules/Platform/Android-Clang.cmake:23 (include)
  /home/runner/workspace/thirdparty/vcpkg/downloads/tools/cmake-4.3.3-linux/cmake-4.3.3-linux-x86_64/share/cmake-4.3/Modules/Platform/Android-Clang-C.cmake:1 (include)
  /home/runner/workspace/thirdparty/vcpkg/downloads/tools/cmake-4.3.3-linux/cmake-4.3.3-linux-x86_64/share/cmake-4.3/Modules/CMakeCInformation.cmake:48 (include)
  /home/runner/workspace/thirdparty/vcpkg/buildtrees/curl/arm64-android-dbg/CMakeFiles/CMakeScratch/TryCompile-Sdine4/CMakeLists.txt:5 (project)


-- Looking for getsockname - found
-- Looking for if_nametoindex
CMake Deprecation Warning at /home/runner/workspace/.ndk-tools/android-ndk-r27c/build/cmake/android.toolchain.cmake:35 (cmake_minimum_required):
  Compatibility with CMake < 3.10 will be removed from a future version of
  CMake.

  Update the VERSION argument <min> value.  Or, use the <min>...<max> syntax
  to tell CMake that the project requires at least <min> but has been updated
  to work with policies introduced by <max> or earlier.
Call Stack (most recent call first):
  /home/runner/workspace/thirdparty/vcpkg/scripts/toolchains/android.cmake:32 (include)
  /home/runner/workspace/thirdparty/vcpkg/scripts/buildsystems/vcpkg.cmake:210 (include)
  /home/runner/workspace/thirdparty/vcpkg/buildtrees/curl/arm64-android-dbg/CMakeFiles/4.3.3/CMakeSystem.cmake:6 (include)
  /home/runner/workspace/thirdparty/vcpkg/buildtrees/curl/arm64-android-dbg/CMakeFiles/CMakeScratch/TryCompile-gAhkb0/CMakeLists.txt:5 (project)


CMake Deprecation Warning at /home/runner/workspace/.ndk-tools/android-ndk-r27c/build/cmake/android-legacy.toolchain.cmake:35 (cmake_minimum_required):
  Compatibility with CMake < 3.10 will be removed from a future version of
  CMake.

  Update the VERSION argument <min> value.  Or, use the <min>...<max> syntax
  to tell CMake that the project requires at least <min> but has been updated
  to work with policies introduced by <max> or earlier.
Call Stack (most recent call first):
  /home/runner/workspace/.ndk-tools/android-ndk-r27c/build/cmake/android.toolchain.cmake:55 (include)
  /home/runner/workspace/thirdparty/vcpkg/scripts/toolchains/android.cmake:32 (include)
  /home/runner/workspace/thirdparty/vcpkg/scripts/buildsystems/vcpkg.cmake:210 (include)
  /home/runner/workspace/thirdparty/vcpkg/buildtrees/curl/arm64-android-dbg/CMakeFiles/4.3.3/CMakeSystem.cmake:6 (include)
  /home/runner/workspace/thirdparty/vcpkg/buildtrees/curl/arm64-android-dbg/CMakeFiles/CMakeScratch/TryCompile-gAhkb0/CMakeLists.txt:5 (project)


CMake Deprecation Warning at /home/runner/workspace/.ndk-tools/android-ndk-r27c/build/cmake/flags.cmake:18 (cmake_minimum_required):
  Compatibility with CMake < 3.10 will be removed from a future version of
  CMake.

  Update the VERSION argument <min> value.  Or, use the <min>...<max> syntax
  to tell CMake that the project requires at least <min> but has been updated
  to work with policies introduced by <max> or earlier.
Call Stack (most recent call first):
  /home/runner/workspace/thirdparty/vcpkg/downloads/tools/cmake-4.3.3-linux/cmake-4.3.3-linux-x86_64/share/cmake-4.3/Modules/Platform/Android-Clang.cmake:23 (include)
  /home/runner/workspace/thirdparty/vcpkg/downloads/tools/cmake-4.3.3-linux/cmake-4.3.3-linux-x86_64/share/cmake-4.3/Modules/Platform/Android-Clang-C.cmake:1 (include)
  /home/runner/workspace/thirdparty/vcpkg/downloads/tools/cmake-4.3.3-linux/cmake-4.3.3-linux-x86_64/share/cmake-4.3/Modules/CMakeCInformation.cmake:48 (include)
  /home/runner/workspace/thirdparty/vcpkg/buildtrees/curl/arm64-android-dbg/CMakeFiles/CMakeScratch/TryCompile-gAhkb0/CMakeLists.txt:5 (project)


-- Looking for if_nametoindex - found
-- Looking for getrlimit
CMake Deprecation Warning at /home/runner/workspace/.ndk-tools/android-ndk-r27c/build/cmake/android.toolchain.cmake:35 (cmake_minimum_required):
  Compatibility with CMake < 3.10 will be removed from a future version of
  CMake.

  Update the VERSION argument <min> value.  Or, use the <min>...<max> syntax
  to tell CMake that the project requires at least <min> but has been updated
  to work with policies introduced by <max> or earlier.
Call Stack (most recent call first):
  /home/runner/workspace/thirdparty/vcpkg/scripts/toolchains/android.cmake:32 (include)
  /home/runner/workspace/thirdparty/vcpkg/scripts/buildsystems/vcpkg.cmake:210 (include)
  /home/runner/workspace/thirdparty/vcpkg/buildtrees/curl/arm64-android-dbg/CMakeFiles/4.3.3/CMakeSystem.cmake:6 (include)
  /home/runner/workspace/thirdparty/vcpkg/buildtrees/curl/arm64-android-dbg/CMakeFiles/CMakeScratch/TryCompile-kbnky7/CMakeLists.txt:5 (project)


CMake Deprecation Warning at /home/runner/workspace/.ndk-tools/android-ndk-r27c/build/cmake/android-legacy.toolchain.cmake:35 (cmake_minimum_required):
  Compatibility with CMake < 3.10 will be removed from a future version of
  CMake.

  Update the VERSION argument <min> value.  Or, use the <min>...<max> syntax
  to tell CMake that the project requires at least <min> but has been updated
  to work with policies introduced by <max> or earlier.
Call Stack (most recent call first):
  /home/runner/workspace/.ndk-tools/android-ndk-r27c/build/cmake/android.toolchain.cmake:55 (include)
  /home/runner/workspace/thirdparty/vcpkg/scripts/toolchains/android.cmake:32 (include)
  /home/runner/workspace/thirdparty/vcpkg/scripts/buildsystems/vcpkg.cmake:210 (include)
  /home/runner/workspace/thirdparty/vcpkg/buildtrees/curl/arm64-android-dbg/CMakeFiles/4.3.3/CMakeSystem.cmake:6 (include)
  /home/runner/workspace/thirdparty/vcpkg/buildtrees/curl/arm64-android-dbg/CMakeFiles/CMakeScratch/TryCompile-kbnky7/CMakeLists.txt:5 (project)


CMake Deprecation Warning at /home/runner/workspace/.ndk-tools/android-ndk-r27c/build/cmake/flags.cmake:18 (cmake_minimum_required):
  Compatibility with CMake < 3.10 will be removed from a future version of
  CMake.

  Update the VERSION argument <min> value.  Or, use the <min>...<max> syntax
  to tell CMake that the project requires at least <min> but has been updated
  to work with policies introduced by <max> or earlier.
Call Stack (most recent call first):
  /home/runner/workspace/thirdparty/vcpkg/downloads/tools/cmake-4.3.3-linux/cmake-4.3.3-linux-x86_64/share/cmake-4.3/Modules/Platform/Android-Clang.cmake:23 (include)
  /home/runner/workspace/thirdparty/vcpkg/downloads/tools/cmake-4.3.3-linux/cmake-4.3.3-linux-x86_64/share/cmake-4.3/Modules/Platform/Android-Clang-C.cmake:1 (include)
  /home/runner/workspace/thirdparty/vcpkg/downloads/tools/cmake-4.3.3-linux/cmake-4.3.3-linux-x86_64/share/cmake-4.3/Modules/CMakeCInformation.cmake:48 (include)
  /home/runner/workspace/thirdparty/vcpkg/buildtrees/curl/arm64-android-dbg/CMakeFiles/CMakeScratch/TryCompile-kbnky7/CMakeLists.txt:5 (project)


-- Looking for getrlimit - found
-- Looking for setlocale
CMake Deprecation Warning at /home/runner/workspace/.ndk-tools/android-ndk-r27c/build/cmake/android.toolchain.cmake:35 (cmake_minimum_required):
  Compatibility with CMake < 3.10 will be removed from a future version of
  CMake.

  Update the VERSION argument <min> value.  Or, use the <min>...<max> syntax
  to tell CMake that the project requires at least <min> but has been updated
  to work with policies introduced by <max> or earlier.
Call Stack (most recent call first):
  /home/runner/workspace/thirdparty/vcpkg/scripts/toolchains/android.cmake:32 (include)
  /home/runner/workspace/thirdparty/vcpkg/scripts/buildsystems/vcpkg.cmake:210 (include)
  /home/runner/workspace/thirdparty/vcpkg/buildtrees/curl/arm64-android-dbg/CMakeFiles/4.3.3/CMakeSystem.cmake:6 (include)
  /home/runner/workspace/thirdparty/vcpkg/buildtrees/curl/arm64-android-dbg/CMakeFiles/CMakeScratch/TryCompile-xKJa7w/CMakeLists.txt:5 (project)


CMake Deprecation Warning at /home/runner/workspace/.ndk-tools/android-ndk-r27c/build/cmake/android-legacy.toolchain.cmake:35 (cmake_minimum_required):
  Compatibility with CMake < 3.10 will be removed from a future version of
  CMake.

  Update the VERSION argument <min> value.  Or, use the <min>...<max> syntax
  to tell CMake that the project requires at least <min> but has been updated
  to work with policies introduced by <max> or earlier.
Call Stack (most recent call first):
  /home/runner/workspace/.ndk-tools/android-ndk-r27c/build/cmake/android.toolchain.cmake:55 (include)
  /home/runner/workspace/thirdparty/vcpkg/scripts/toolchains/android.cmake:32 (include)
  /home/runner/workspace/thirdparty/vcpkg/scripts/buildsystems/vcpkg.cmake:210 (include)
  /home/runner/workspace/thirdparty/vcpkg/buildtrees/curl/arm64-android-dbg/CMakeFiles/4.3.3/CMakeSystem.cmake:6 (include)
  /home/runner/workspace/thirdparty/vcpkg/buildtrees/curl/arm64-android-dbg/CMakeFiles/CMakeScratch/TryCompile-xKJa7w/CMakeLists.txt:5 (project)


CMake Deprecation Warning at /home/runner/workspace/.ndk-tools/android-ndk-r27c/build/cmake/flags.cmake:18 (cmake_minimum_required):
  Compatibility with CMake < 3.10 will be removed from a future version of
  CMake.

  Update the VERSION argument <min> value.  Or, use the <min>...<max> syntax
  to tell CMake that the project requires at least <min> but has been updated
  to work with policies introduced by <max> or earlier.
Call Stack (most recent call first):
  /home/runner/workspace/thirdparty/vcpkg/downloads/tools/cmake-4.3.3-linux/cmake-4.3.3-linux-x86_64/share/cmake-4.3/Modules/Platform/Android-Clang.cmake:23 (include)
  /home/runner/workspace/thirdparty/vcpkg/downloads/tools/cmake-4.3.3-linux/cmake-4.3.3-linux-x86_64/share/cmake-4.3/Modules/Platform/Android-Clang-C.cmake:1 (include)
  /home/runner/workspace/thirdparty/vcpkg/downloads/tools/cmake-4.3.3-linux/cmake-4.3.3-linux-x86_64/share/cmake-4.3/Modules/CMakeCInformation.cmake:48 (include)
  /home/runner/workspace/thirdparty/vcpkg/buildtrees/curl/arm64-android-dbg/CMakeFiles/CMakeScratch/TryCompile-xKJa7w/CMakeLists.txt:5 (project)


-- Looking for setlocale - found
-- Looking for setmode
CMake Deprecation Warning at /home/runner/workspace/.ndk-tools/android-ndk-r27c/build/cmake/android.toolchain.cmake:35 (cmake_minimum_required):
  Compatibility with CMake < 3.10 will be removed from a future version of
  CMake.

  Update the VERSION argument <min> value.  Or, use the <min>...<max> syntax
  to tell CMake that the project requires at least <min> but has been updated
  to work with policies introduced by <max> or earlier.
Call Stack (most recent call first):
  /home/runner/workspace/thirdparty/vcpkg/scripts/toolchains/android.cmake:32 (include)
  /home/runner/workspace/thirdparty/vcpkg/scripts/buildsystems/vcpkg.cmake:210 (include)
  /home/runner/workspace/thirdparty/vcpkg/buildtrees/curl/arm64-android-dbg/CMakeFiles/4.3.3/CMakeSystem.cmake:6 (include)
  /home/runner/workspace/thirdparty/vcpkg/buildtrees/curl/arm64-android-dbg/CMakeFiles/CMakeScratch/TryCompile-RDEtNH/CMakeLists.txt:5 (project)


CMake Deprecation Warning at /home/runner/workspace/.ndk-tools/android-ndk-r27c/build/cmake/android-legacy.toolchain.cmake:35 (cmake_minimum_required):
  Compatibility with CMake < 3.10 will be removed from a future version of
  CMake.

  Update the VERSION argument <min> value.  Or, use the <min>...<max> syntax
  to tell CMake that the project requires at least <min> but has been updated
  to work with policies introduced by <max> or earlier.
Call Stack (most recent call first):
  /home/runner/workspace/.ndk-tools/android-ndk-r27c/build/cmake/android.toolchain.cmake:55 (include)
  /home/runner/workspace/thirdparty/vcpkg/scripts/toolchains/android.cmake:32 (include)
  /home/runner/workspace/thirdparty/vcpkg/scripts/buildsystems/vcpkg.cmake:210 (include)
  /home/runner/workspace/thirdparty/vcpkg/buildtrees/curl/arm64-android-dbg/CMakeFiles/4.3.3/CMakeSystem.cmake:6 (include)
  /home/runner/workspace/thirdparty/vcpkg/buildtrees/curl/arm64-android-dbg/CMakeFiles/CMakeScratch/TryCompile-RDEtNH/CMakeLists.txt:5 (project)


CMake Deprecation Warning at /home/runner/workspace/.ndk-tools/android-ndk-r27c/build/cmake/flags.cmake:18 (cmake_minimum_required):
  Compatibility with CMake < 3.10 will be removed from a future version of
  CMake.

  Update the VERSION argument <min> value.  Or, use the <min>...<max> syntax
  to tell CMake that the project requires at least <min> but has been updated
  to work with policies introduced by <max> or earlier.
Call Stack (most recent call first):
  /home/runner/workspace/thirdparty/vcpkg/downloads/tools/cmake-4.3.3-linux/cmake-4.3.3-linux-x86_64/share/cmake-4.3/Modules/Platform/Android-Clang.cmake:23 (include)
  /home/runner/workspace/thirdparty/vcpkg/downloads/tools/cmake-4.3.3-linux/cmake-4.3.3-linux-x86_64/share/cmake-4.3/Modules/Platform/Android-Clang-C.cmake:1 (include)
  /home/runner/workspace/thirdparty/vcpkg/downloads/tools/cmake-4.3.3-linux/cmake-4.3.3-linux-x86_64/share/cmake-4.3/Modules/CMakeCInformation.cmake:48 (include)
  /home/runner/workspace/thirdparty/vcpkg/buildtrees/curl/arm64-android-dbg/CMakeFiles/CMakeScratch/TryCompile-RDEtNH/CMakeLists.txt:5 (project)


-- Looking for setmode - not found
-- Looking for setrlimit
CMake Deprecation Warning at /home/runner/workspace/.ndk-tools/android-ndk-r27c/build/cmake/android.toolchain.cmake:35 (cmake_minimum_required):
  Compatibility with CMake < 3.10 will be removed from a future version of
  CMake.

  Update the VERSION argument <min> value.  Or, use the <min>...<max> syntax
  to tell CMake that the project requires at least <min> but has been updated
  to work with policies introduced by <max> or earlier.
Call Stack (most recent call first):
  /home/runner/workspace/thirdparty/vcpkg/scripts/toolchains/android.cmake:32 (include)
  /home/runner/workspace/thirdparty/vcpkg/scripts/buildsystems/vcpkg.cmake:210 (include)
  /home/runner/workspace/thirdparty/vcpkg/buildtrees/curl/arm64-android-dbg/CMakeFiles/4.3.3/CMakeSystem.cmake:6 (include)
  /home/runner/workspace/thirdparty/vcpkg/buildtrees/curl/arm64-android-dbg/CMakeFiles/CMakeScratch/TryCompile-vuyM2q/CMakeLists.txt:5 (project)


CMake Deprecation Warning at /home/runner/workspace/.ndk-tools/android-ndk-r27c/build/cmake/android-legacy.toolchain.cmake:35 (cmake_minimum_required):
  Compatibility with CMake < 3.10 will be removed from a future version of
  CMake.

  Update the VERSION argument <min> value.  Or, use the <min>...<max> syntax
  to tell CMake that the project requires at least <min> but has been updated
  to work with policies introduced by <max> or earlier.
Call Stack (most recent call first):
  /home/runner/workspace/.ndk-tools/android-ndk-r27c/build/cmake/android.toolchain.cmake:55 (include)
  /home/runner/workspace/thirdparty/vcpkg/scripts/toolchains/android.cmake:32 (include)
  /home/runner/workspace/thirdparty/vcpkg/scripts/buildsystems/vcpkg.cmake:210 (include)
  /home/runner/workspace/thirdparty/vcpkg/buildtrees/curl/arm64-android-dbg/CMakeFiles/4.3.3/CMakeSystem.cmake:6 (include)
  /home/runner/workspace/thirdparty/vcpkg/buildtrees/curl/arm64-android-dbg/CMakeFiles/CMakeScratch/TryCompile-vuyM2q/CMakeLists.txt:5 (project)


CMake Deprecation Warning at /home/runner/workspace/.ndk-tools/android-ndk-r27c/build/cmake/flags.cmake:18 (cmake_minimum_required):
  Compatibility with CMake < 3.10 will be removed from a future version of
  CMake.

  Update the VERSION argument <min> value.  Or, use the <min>...<max> syntax
  to tell CMake that the project requires at least <min> but has been updated
  to work with policies introduced by <max> or earlier.
Call Stack (most recent call first):
  /home/runner/workspace/thirdparty/vcpkg/downloads/tools/cmake-4.3.3-linux/cmake-4.3.3-linux-x86_64/share/cmake-4.3/Modules/Platform/Android-Clang.cmake:23 (include)
  /home/runner/workspace/thirdparty/vcpkg/downloads/tools/cmake-4.3.3-linux/cmake-4.3.3-linux-x86_64/share/cmake-4.3/Modules/Platform/Android-Clang-C.cmake:1 (include)
  /home/runner/workspace/thirdparty/vcpkg/downloads/tools/cmake-4.3.3-linux/cmake-4.3.3-linux-x86_64/share/cmake-4.3/Modules/CMakeCInformation.cmake:48 (include)
  /home/runner/workspace/thirdparty/vcpkg/buildtrees/curl/arm64-android-dbg/CMakeFiles/CMakeScratch/TryCompile-vuyM2q/CMakeLists.txt:5 (project)


-- Looking for setrlimit - found
-- Looking for snprintf
CMake Deprecation Warning at /home/runner/workspace/.ndk-tools/android-ndk-r27c/build/cmake/android.toolchain.cmake:35 (cmake_minimum_required):
  Compatibility with CMake < 3.10 will be removed from a future version of
  CMake.

  Update the VERSION argument <min> value.  Or, use the <min>...<max> syntax
  to tell CMake that the project requires at least <min> but has been updated
  to work with policies introduced by <max> or earlier.
Call Stack (most recent call first):
  /home/runner/workspace/thirdparty/vcpkg/scripts/toolchains/android.cmake:32 (include)
  /home/runner/workspace/thirdparty/vcpkg/scripts/buildsystems/vcpkg.cmake:210 (include)
  /home/runner/workspace/thirdparty/vcpkg/buildtrees/curl/arm64-android-dbg/CMakeFiles/4.3.3/CMakeSystem.cmake:6 (include)
  /home/runner/workspace/thirdparty/vcpkg/buildtrees/curl/arm64-android-dbg/CMakeFiles/CMakeScratch/TryCompile-n7dfrb/CMakeLists.txt:5 (project)


CMake Deprecation Warning at /home/runner/workspace/.ndk-tools/android-ndk-r27c/build/cmake/android-legacy.toolchain.cmake:35 (cmake_minimum_required):
  Compatibility with CMake < 3.10 will be removed from a future version of
  CMake.

  Update the VERSION argument <min> value.  Or, use the <min>...<max> syntax
  to tell CMake that the project requires at least <min> but has been updated
  to work with policies introduced by <max> or earlier.
Call Stack (most recent call first):
  /home/runner/workspace/.ndk-tools/android-ndk-r27c/build/cmake/android.toolchain.cmake:55 (include)
  /home/runner/workspace/thirdparty/vcpkg/scripts/toolchains/android.cmake:32 (include)
  /home/runner/workspace/thirdparty/vcpkg/scripts/buildsystems/vcpkg.cmake:210 (include)
  /home/runner/workspace/thirdparty/vcpkg/buildtrees/curl/arm64-android-dbg/CMakeFiles/4.3.3/CMakeSystem.cmake:6 (include)
  /home/runner/workspace/thirdparty/vcpkg/buildtrees/curl/arm64-android-dbg/CMakeFiles/CMakeScratch/TryCompile-n7dfrb/CMakeLists.txt:5 (project)


CMake Deprecation Warning at /home/runner/workspace/.ndk-tools/android-ndk-r27c/build/cmake/flags.cmake:18 (cmake_minimum_required):
  Compatibility with CMake < 3.10 will be removed from a future version of
  CMake.

  Update the VERSION argument <min> value.  Or, use the <min>...<max> syntax
  to tell CMake that the project requires at least <min> but has been updated
  to work with policies introduced by <max> or earlier.
Call Stack (most recent call first):
  /home/runner/workspace/thirdparty/vcpkg/downloads/tools/cmake-4.3.3-linux/cmake-4.3.3-linux-x86_64/share/cmake-4.3/Modules/Platform/Android-Clang.cmake:23 (include)
  /home/runner/workspace/thirdparty/vcpkg/downloads/tools/cmake-4.3.3-linux/cmake-4.3.3-linux-x86_64/share/cmake-4.3/Modules/Platform/Android-Clang-C.cmake:1 (include)
  /home/runner/workspace/thirdparty/vcpkg/downloads/tools/cmake-4.3.3-linux/cmake-4.3.3-linux-x86_64/share/cmake-4.3/Modules/CMakeCInformation.cmake:48 (include)
  /home/runner/workspace/thirdparty/vcpkg/buildtrees/curl/arm64-android-dbg/CMakeFiles/CMakeScratch/TryCompile-n7dfrb/CMakeLists.txt:5 (project)


-- Looking for snprintf - found
-- Looking for inet_ntop
CMake Deprecation Warning at /home/runner/workspace/.ndk-tools/android-ndk-r27c/build/cmake/android.toolchain.cmake:35 (cmake_minimum_required):
  Compatibility with CMake < 3.10 will be removed from a future version of
  CMake.

  Update the VERSION argument <min> value.  Or, use the <min>...<max> syntax
  to tell CMake that the project requires at least <min> but has been updated
  to work with policies introduced by <max> or earlier.
Call Stack (most recent call first):
  /home/runner/workspace/thirdparty/vcpkg/scripts/toolchains/android.cmake:32 (include)
  /home/runner/workspace/thirdparty/vcpkg/scripts/buildsystems/vcpkg.cmake:210 (include)
  /home/runner/workspace/thirdparty/vcpkg/buildtrees/curl/arm64-android-dbg/CMakeFiles/4.3.3/CMakeSystem.cmake:6 (include)
  /home/runner/workspace/thirdparty/vcpkg/buildtrees/curl/arm64-android-dbg/CMakeFiles/CMakeScratch/TryCompile-LKbzQ0/CMakeLists.txt:5 (project)


CMake Deprecation Warning at /home/runner/workspace/.ndk-tools/android-ndk-r27c/build/cmake/android-legacy.toolchain.cmake:35 (cmake_minimum_required):
  Compatibility with CMake < 3.10 will be removed from a future version of
  CMake.

  Update the VERSION argument <min> value.  Or, use the <min>...<max> syntax
  to tell CMake that the project requires at least <min> but has been updated
  to work with policies introduced by <max> or earlier.
Call Stack (most recent call first):
  /home/runner/workspace/.ndk-tools/android-ndk-r27c/build/cmake/android.toolchain.cmake:55 (include)
  /home/runner/workspace/thirdparty/vcpkg/scripts/toolchains/android.cmake:32 (include)
  /home/runner/workspace/thirdparty/vcpkg/scripts/buildsystems/vcpkg.cmake:210 (include)
  /home/runner/workspace/thirdparty/vcpkg/buildtrees/curl/arm64-android-dbg/CMakeFiles/4.3.3/CMakeSystem.cmake:6 (include)
  /home/runner/workspace/thirdparty/vcpkg/buildtrees/curl/arm64-android-dbg/CMakeFiles/CMakeScratch/TryCompile-LKbzQ0/CMakeLists.txt:5 (project)


CMake Deprecation Warning at /home/runner/workspace/.ndk-tools/android-ndk-r27c/build/cmake/flags.cmake:18 (cmake_minimum_required):
  Compatibility with CMake < 3.10 will be removed from a future version of
  CMake.

  Update the VERSION argument <min> value.  Or, use the <min>...<max> syntax
  to tell CMake that the project requires at least <min> but has been updated
  to work with policies introduced by <max> or earlier.
Call Stack (most recent call first):
  /home/runner/workspace/thirdparty/vcpkg/downloads/tools/cmake-4.3.3-linux/cmake-4.3.3-linux-x86_64/share/cmake-4.3/Modules/Platform/Android-Clang.cmake:23 (include)
  /home/runner/workspace/thirdparty/vcpkg/downloads/tools/cmake-4.3.3-linux/cmake-4.3.3-linux-x86_64/share/cmake-4.3/Modules/Platform/Android-Clang-C.cmake:1 (include)
  /home/runner/workspace/thirdparty/vcpkg/downloads/tools/cmake-4.3.3-linux/cmake-4.3.3-linux-x86_64/share/cmake-4.3/Modules/CMakeCInformation.cmake:48 (include)
  /home/runner/workspace/thirdparty/vcpkg/buildtrees/curl/arm64-android-dbg/CMakeFiles/CMakeScratch/TryCompile-LKbzQ0/CMakeLists.txt:5 (project)


-- Looking for inet_ntop - found
-- Looking for inet_pton
CMake Deprecation Warning at /home/runner/workspace/.ndk-tools/android-ndk-r27c/build/cmake/android.toolchain.cmake:35 (cmake_minimum_required):
  Compatibility with CMake < 3.10 will be removed from a future version of
  CMake.

  Update the VERSION argument <min> value.  Or, use the <min>...<max> syntax
  to tell CMake that the project requires at least <min> but has been updated
  to work with policies introduced by <max> or earlier.
Call Stack (most recent call first):
  /home/runner/workspace/thirdparty/vcpkg/scripts/toolchains/android.cmake:32 (include)
  /home/runner/workspace/thirdparty/vcpkg/scripts/buildsystems/vcpkg.cmake:210 (include)
  /home/runner/workspace/thirdparty/vcpkg/buildtrees/curl/arm64-android-dbg/CMakeFiles/4.3.3/CMakeSystem.cmake:6 (include)
  /home/runner/workspace/thirdparty/vcpkg/buildtrees/curl/arm64-android-dbg/CMakeFiles/CMakeScratch/TryCompile-SNbY76/CMakeLists.txt:5 (project)


CMake Deprecation Warning at /home/runner/workspace/.ndk-tools/android-ndk-r27c/build/cmake/android-legacy.toolchain.cmake:35 (cmake_minimum_required):
  Compatibility with CMake < 3.10 will be removed from a future version of
  CMake.

  Update the VERSION argument <min> value.  Or, use the <min>...<max> syntax
  to tell CMake that the project requires at least <min> but has been updated
  to work with policies introduced by <max> or earlier.
Call Stack (most recent call first):
  /home/runner/workspace/.ndk-tools/android-ndk-r27c/build/cmake/android.toolchain.cmake:55 (include)
  /home/runner/workspace/thirdparty/vcpkg/scripts/toolchains/android.cmake:32 (include)
  /home/runner/workspace/thirdparty/vcpkg/scripts/buildsystems/vcpkg.cmake:210 (include)
  /home/runner/workspace/thirdparty/vcpkg/buildtrees/curl/arm64-android-dbg/CMakeFiles/4.3.3/CMakeSystem.cmake:6 (include)
  /home/runner/workspace/thirdparty/vcpkg/buildtrees/curl/arm64-android-dbg/CMakeFiles/CMakeScratch/TryCompile-SNbY76/CMakeLists.txt:5 (project)


CMake Deprecation Warning at /home/runner/workspace/.ndk-tools/android-ndk-r27c/build/cmake/flags.cmake:18 (cmake_minimum_required):
  Compatibility with CMake < 3.10 will be removed from a future version of
  CMake.

  Update the VERSION argument <min> value.  Or, use the <min>...<max> syntax
  to tell CMake that the project requires at least <min> but has been updated
  to work with policies introduced by <max> or earlier.
Call Stack (most recent call first):
  /home/runner/workspace/thirdparty/vcpkg/downloads/tools/cmake-4.3.3-linux/cmake-4.3.3-linux-x86_64/share/cmake-4.3/Modules/Platform/Android-Clang.cmake:23 (include)
  /home/runner/workspace/thirdparty/vcpkg/downloads/tools/cmake-4.3.3-linux/cmake-4.3.3-linux-x86_64/share/cmake-4.3/Modules/Platform/Android-Clang-C.cmake:1 (include)
  /home/runner/workspace/thirdparty/vcpkg/downloads/tools/cmake-4.3.3-linux/cmake-4.3.3-linux-x86_64/share/cmake-4.3/Modules/CMakeCInformation.cmake:48 (include)
  /home/runner/workspace/thirdparty/vcpkg/buildtrees/curl/arm64-android-dbg/CMakeFiles/CMakeScratch/TryCompile-SNbY76/CMakeLists.txt:5 (project)


-- Looking for inet_pton - found
-- Looking for fsetxattr
CMake Deprecation Warning at /home/runner/workspace/.ndk-tools/android-ndk-r27c/build/cmake/android.toolchain.cmake:35 (cmake_minimum_required):
  Compatibility with CMake < 3.10 will be removed from a future version of
  CMake.

  Update the VERSION argument <min> value.  Or, use the <min>...<max> syntax
  to tell CMake that the project requires at least <min> but has been updated
  to work with policies introduced by <max> or earlier.
Call Stack (most recent call first):
  /home/runner/workspace/thirdparty/vcpkg/scripts/toolchains/android.cmake:32 (include)
  /home/runner/workspace/thirdparty/vcpkg/scripts/buildsystems/vcpkg.cmake:210 (include)
  /home/runner/workspace/thirdparty/vcpkg/buildtrees/curl/arm64-android-dbg/CMakeFiles/4.3.3/CMakeSystem.cmake:6 (include)
  /home/runner/workspace/thirdparty/vcpkg/buildtrees/curl/arm64-android-dbg/CMakeFiles/CMakeScratch/TryCompile-clfNpd/CMakeLists.txt:5 (project)


CMake Deprecation Warning at /home/runner/workspace/.ndk-tools/android-ndk-r27c/build/cmake/android-legacy.toolchain.cmake:35 (cmake_minimum_required):
  Compatibility with CMake < 3.10 will be removed from a future version of
  CMake.

  Update the VERSION argument <min> value.  Or, use the <min>...<max> syntax
  to tell CMake that the project requires at least <min> but has been updated
  to work with policies introduced by <max> or earlier.
Call Stack (most recent call first):
  /home/runner/workspace/.ndk-tools/android-ndk-r27c/build/cmake/android.toolchain.cmake:55 (include)
  /home/runner/workspace/thirdparty/vcpkg/scripts/toolchains/android.cmake:32 (include)
  /home/runner/workspace/thirdparty/vcpkg/scripts/buildsystems/vcpkg.cmake:210 (include)
  /home/runner/workspace/thirdparty/vcpkg/buildtrees/curl/arm64-android-dbg/CMakeFiles/4.3.3/CMakeSystem.cmake:6 (include)
  /home/runner/workspace/thirdparty/vcpkg/buildtrees/curl/arm64-android-dbg/CMakeFiles/CMakeScratch/TryCompile-clfNpd/CMakeLists.txt:5 (project)


CMake Deprecation Warning at /home/runner/workspace/.ndk-tools/android-ndk-r27c/build/cmake/flags.cmake:18 (cmake_minimum_required):
  Compatibility with CMake < 3.10 will be removed from a future version of
  CMake.

  Update the VERSION argument <min> value.  Or, use the <min>...<max> syntax
  to tell CMake that the project requires at least <min> but has been updated
  to work with policies introduced by <max> or earlier.
Call Stack (most recent call first):
  /home/runner/workspace/thirdparty/vcpkg/downloads/tools/cmake-4.3.3-linux/cmake-4.3.3-linux-x86_64/share/cmake-4.3/Modules/Platform/Android-Clang.cmake:23 (include)
  /home/runner/workspace/thirdparty/vcpkg/downloads/tools/cmake-4.3.3-linux/cmake-4.3.3-linux-x86_64/share/cmake-4.3/Modules/Platform/Android-Clang-C.cmake:1 (include)
  /home/runner/workspace/thirdparty/vcpkg/downloads/tools/cmake-4.3.3-linux/cmake-4.3.3-linux-x86_64/share/cmake-4.3/Modules/CMakeCInformation.cmake:48 (include)
  /home/runner/workspace/thirdparty/vcpkg/buildtrees/curl/arm64-android-dbg/CMakeFiles/CMakeScratch/TryCompile-clfNpd/CMakeLists.txt:5 (project)


-- Looking for fsetxattr - found
-- Performing Test HAVE_FSETXATTR_5
CMake Deprecation Warning at /home/runner/workspace/.ndk-tools/android-ndk-r27c/build/cmake/android.toolchain.cmake:35 (cmake_minimum_required):
  Compatibility with CMake < 3.10 will be removed from a future version of
  CMake.

  Update the VERSION argument <min> value.  Or, use the <min>...<max> syntax
  to tell CMake that the project requires at least <min> but has been updated
  to work with policies introduced by <max> or earlier.
Call Stack (most recent call first):
  /home/runner/workspace/thirdparty/vcpkg/scripts/toolchains/android.cmake:32 (include)
  /home/runner/workspace/thirdparty/vcpkg/scripts/buildsystems/vcpkg.cmake:210 (include)
  /home/runner/workspace/thirdparty/vcpkg/buildtrees/curl/arm64-android-dbg/CMakeFiles/4.3.3/CMakeSystem.cmake:6 (include)
  /home/runner/workspace/thirdparty/vcpkg/buildtrees/curl/arm64-android-dbg/CMakeFiles/CMakeTmp/CMakeLists.txt:5 (project)


CMake Deprecation Warning at /home/runner/workspace/.ndk-tools/android-ndk-r27c/build/cmake/android-legacy.toolchain.cmake:35 (cmake_minimum_required):
  Compatibility with CMake < 3.10 will be removed from a future version of
  CMake.

  Update the VERSION argument <min> value.  Or, use the <min>...<max> syntax
  to tell CMake that the project requires at least <min> but has been updated
  to work with policies introduced by <max> or earlier.
Call Stack (most recent call first):
  /home/runner/workspace/.ndk-tools/android-ndk-r27c/build/cmake/android.toolchain.cmake:55 (include)
  /home/runner/workspace/thirdparty/vcpkg/scripts/toolchains/android.cmake:32 (include)
  /home/runner/workspace/thirdparty/vcpkg/scripts/buildsystems/vcpkg.cmake:210 (include)
  /home/runner/workspace/thirdparty/vcpkg/buildtrees/curl/arm64-android-dbg/CMakeFiles/4.3.3/CMakeSystem.cmake:6 (include)
  /home/runner/workspace/thirdparty/vcpkg/buildtrees/curl/arm64-android-dbg/CMakeFiles/CMakeTmp/CMakeLists.txt:5 (project)


CMake Deprecation Warning at /home/runner/workspace/.ndk-tools/android-ndk-r27c/build/cmake/flags.cmake:18 (cmake_minimum_required):
  Compatibility with CMake < 3.10 will be removed from a future version of
  CMake.

  Update the VERSION argument <min> value.  Or, use the <min>...<max> syntax
  to tell CMake that the project requires at least <min> but has been updated
  to work with policies introduced by <max> or earlier.
Call Stack (most recent call first):
  /home/runner/workspace/thirdparty/vcpkg/downloads/tools/cmake-4.3.3-linux/cmake-4.3.3-linux-x86_64/share/cmake-4.3/Modules/Platform/Android-Clang.cmake:23 (include)
  /home/runner/workspace/thirdparty/vcpkg/downloads/tools/cmake-4.3.3-linux/cmake-4.3.3-linux-x86_64/share/cmake-4.3/Modules/Platform/Android-Clang-C.cmake:1 (include)
  /home/runner/workspace/thirdparty/vcpkg/downloads/tools/cmake-4.3.3-linux/cmake-4.3.3-linux-x86_64/share/cmake-4.3/Modules/CMakeCInformation.cmake:48 (include)
  /home/runner/workspace/thirdparty/vcpkg/buildtrees/curl/arm64-android-dbg/CMakeFiles/CMakeTmp/CMakeLists.txt:5 (project)


-- Performing Test HAVE_FSETXATTR_5 - Success
-- Performing Test HAVE_FSETXATTR_6
CMake Deprecation Warning at /home/runner/workspace/.ndk-tools/android-ndk-r27c/build/cmake/android.toolchain.cmake:35 (cmake_minimum_required):
  Compatibility with CMake < 3.10 will be removed from a future version of
  CMake.

  Update the VERSION argument <min> value.  Or, use the <min>...<max> syntax
  to tell CMake that the project requires at least <min> but has been updated
  to work with policies introduced by <max> or earlier.
Call Stack (most recent call first):
  /home/runner/workspace/thirdparty/vcpkg/scripts/toolchains/android.cmake:32 (include)
  /home/runner/workspace/thirdparty/vcpkg/scripts/buildsystems/vcpkg.cmake:210 (include)
  /home/runner/workspace/thirdparty/vcpkg/buildtrees/curl/arm64-android-dbg/CMakeFiles/4.3.3/CMakeSystem.cmake:6 (include)
  /home/runner/workspace/thirdparty/vcpkg/buildtrees/curl/arm64-android-dbg/CMakeFiles/CMakeTmp/CMakeLists.txt:5 (project)


CMake Deprecation Warning at /home/runner/workspace/.ndk-tools/android-ndk-r27c/build/cmake/android-legacy.toolchain.cmake:35 (cmake_minimum_required):
  Compatibility with CMake < 3.10 will be removed from a future version of
  CMake.

  Update the VERSION argument <min> value.  Or, use the <min>...<max> syntax
  to tell CMake that the project requires at least <min> but has been updated
  to work with policies introduced by <max> or earlier.
Call Stack (most recent call first):
  /home/runner/workspace/.ndk-tools/android-ndk-r27c/build/cmake/android.toolchain.cmake:55 (include)
  /home/runner/workspace/thirdparty/vcpkg/scripts/toolchains/android.cmake:32 (include)
  /home/runner/workspace/thirdparty/vcpkg/scripts/buildsystems/vcpkg.cmake:210 (include)
  /home/runner/workspace/thirdparty/vcpkg/buildtrees/curl/arm64-android-dbg/CMakeFiles/4.3.3/CMakeSystem.cmake:6 (include)
  /home/runner/workspace/thirdparty/vcpkg/buildtrees/curl/arm64-android-dbg/CMakeFiles/CMakeTmp/CMakeLists.txt:5 (project)


CMake Deprecation Warning at /home/runner/workspace/.ndk-tools/android-ndk-r27c/build/cmake/flags.cmake:18 (cmake_minimum_required):
  Compatibility with CMake < 3.10 will be removed from a future version of
  CMake.

  Update the VERSION argument <min> value.  Or, use the <min>...<max> syntax
  to tell CMake that the project requires at least <min> but has been updated
  to work with policies introduced by <max> or earlier.
Call Stack (most recent call first):
  /home/runner/workspace/thirdparty/vcpkg/downloads/tools/cmake-4.3.3-linux/cmake-4.3.3-linux-x86_64/share/cmake-4.3/Modules/Platform/Android-Clang.cmake:23 (include)
  /home/runner/workspace/thirdparty/vcpkg/downloads/tools/cmake-4.3.3-linux/cmake-4.3.3-linux-x86_64/share/cmake-4.3/Modules/Platform/Android-Clang-C.cmake:1 (include)
  /home/runner/workspace/thirdparty/vcpkg/downloads/tools/cmake-4.3.3-linux/cmake-4.3.3-linux-x86_64/share/cmake-4.3/Modules/CMakeCInformation.cmake:48 (include)
  /home/runner/workspace/thirdparty/vcpkg/buildtrees/curl/arm64-android-dbg/CMakeFiles/CMakeTmp/CMakeLists.txt:5 (project)


-- Performing Test HAVE_FSETXATTR_6 - Failed
-- Check size of sa_family_t
CMake Deprecation Warning at /home/runner/workspace/.ndk-tools/android-ndk-r27c/build/cmake/android.toolchain.cmake:35 (cmake_minimum_required):
  Compatibility with CMake < 3.10 will be removed from a future version of
  CMake.

  Update the VERSION argument <min> value.  Or, use the <min>...<max> syntax
  to tell CMake that the project requires at least <min> but has been updated
  to work with policies introduced by <max> or earlier.
Call Stack (most recent call first):
  /home/runner/workspace/thirdparty/vcpkg/scripts/toolchains/android.cmake:32 (include)
  /home/runner/workspace/thirdparty/vcpkg/scripts/buildsystems/vcpkg.cmake:210 (include)
  /home/runner/workspace/thirdparty/vcpkg/buildtrees/curl/arm64-android-dbg/CMakeFiles/4.3.3/CMakeSystem.cmake:6 (include)
  /home/runner/workspace/thirdparty/vcpkg/buildtrees/curl/arm64-android-dbg/CMakeFiles/CMakeScratch/TryCompile-FKqeow/CMakeLists.txt:5 (project)


CMake Deprecation Warning at /home/runner/workspace/.ndk-tools/android-ndk-r27c/build/cmake/android-legacy.toolchain.cmake:35 (cmake_minimum_required):
  Compatibility with CMake < 3.10 will be removed from a future version of
  CMake.

  Update the VERSION argument <min> value.  Or, use the <min>...<max> syntax
  to tell CMake that the project requires at least <min> but has been updated
  to work with policies introduced by <max> or earlier.
Call Stack (most recent call first):
  /home/runner/workspace/.ndk-tools/android-ndk-r27c/build/cmake/android.toolchain.cmake:55 (include)
  /home/runner/workspace/thirdparty/vcpkg/scripts/toolchains/android.cmake:32 (include)
  /home/runner/workspace/thirdparty/vcpkg/scripts/buildsystems/vcpkg.cmake:210 (include)
  /home/runner/workspace/thirdparty/vcpkg/buildtrees/curl/arm64-android-dbg/CMakeFiles/4.3.3/CMakeSystem.cmake:6 (include)
  /home/runner/workspace/thirdparty/vcpkg/buildtrees/curl/arm64-android-dbg/CMakeFiles/CMakeScratch/TryCompile-FKqeow/CMakeLists.txt:5 (project)


CMake Deprecation Warning at /home/runner/workspace/.ndk-tools/android-ndk-r27c/build/cmake/flags.cmake:18 (cmake_minimum_required):
  Compatibility with CMake < 3.10 will be removed from a future version of
  CMake.

  Update the VERSION argument <min> value.  Or, use the <min>...<max> syntax
  to tell CMake that the project requires at least <min> but has been updated
  to work with policies introduced by <max> or earlier.
Call Stack (most recent call first):
  /home/runner/workspace/thirdparty/vcpkg/downloads/tools/cmake-4.3.3-linux/cmake-4.3.3-linux-x86_64/share/cmake-4.3/Modules/Platform/Android-Clang.cmake:23 (include)
  /home/runner/workspace/thirdparty/vcpkg/downloads/tools/cmake-4.3.3-linux/cmake-4.3.3-linux-x86_64/share/cmake-4.3/Modules/Platform/Android-Clang-C.cmake:1 (include)
  /home/runner/workspace/thirdparty/vcpkg/downloads/tools/cmake-4.3.3-linux/cmake-4.3.3-linux-x86_64/share/cmake-4.3/Modules/CMakeCInformation.cmake:48 (include)
  /home/runner/workspace/thirdparty/vcpkg/buildtrees/curl/arm64-android-dbg/CMakeFiles/CMakeScratch/TryCompile-FKqeow/CMakeLists.txt:5 (project)


-- Check size of sa_family_t - done
-- Performing Test HAVE_FCNTL_O_NONBLOCK
CMake Deprecation Warning at /home/runner/workspace/.ndk-tools/android-ndk-r27c/build/cmake/android.toolchain.cmake:35 (cmake_minimum_required):
  Compatibility with CMake < 3.10 will be removed from a future version of
  CMake.

  Update the VERSION argument <min> value.  Or, use the <min>...<max> syntax
  to tell CMake that the project requires at least <min> but has been updated
  to work with policies introduced by <max> or earlier.
Call Stack (most recent call first):
  /home/runner/workspace/thirdparty/vcpkg/scripts/toolchains/android.cmake:32 (include)
  /home/runner/workspace/thirdparty/vcpkg/scripts/buildsystems/vcpkg.cmake:210 (include)
  /home/runner/workspace/thirdparty/vcpkg/buildtrees/curl/arm64-android-dbg/CMakeFiles/4.3.3/CMakeSystem.cmake:6 (include)
  /home/runner/workspace/thirdparty/vcpkg/buildtrees/curl/arm64-android-dbg/CMakeFiles/CMakeTmp/CMakeLists.txt:5 (project)


CMake Deprecation Warning at /home/runner/workspace/.ndk-tools/android-ndk-r27c/build/cmake/android-legacy.toolchain.cmake:35 (cmake_minimum_required):
  Compatibility with CMake < 3.10 will be removed from a future version of
  CMake.

  Update the VERSION argument <min> value.  Or, use the <min>...<max> syntax
  to tell CMake that the project requires at least <min> but has been updated
  to work with policies introduced by <max> or earlier.
Call Stack (most recent call first):
  /home/runner/workspace/.ndk-tools/android-ndk-r27c/build/cmake/android.toolchain.cmake:55 (include)
  /home/runner/workspace/thirdparty/vcpkg/scripts/toolchains/android.cmake:32 (include)
  /home/runner/workspace/thirdparty/vcpkg/scripts/buildsystems/vcpkg.cmake:210 (include)
  /home/runner/workspace/thirdparty/vcpkg/buildtrees/curl/arm64-android-dbg/CMakeFiles/4.3.3/CMakeSystem.cmake:6 (include)
  /home/runner/workspace/thirdparty/vcpkg/buildtrees/curl/arm64-android-dbg/CMakeFiles/CMakeTmp/CMakeLists.txt:5 (project)


CMake Deprecation Warning at /home/runner/workspace/.ndk-tools/android-ndk-r27c/build/cmake/flags.cmake:18 (cmake_minimum_required):
  Compatibility with CMake < 3.10 will be removed from a future version of
  CMake.

  Update the VERSION argument <min> value.  Or, use the <min>...<max> syntax
  to tell CMake that the project requires at least <min> but has been updated
  to work with policies introduced by <max> or earlier.
Call Stack (most recent call first):
  /home/runner/workspace/thirdparty/vcpkg/downloads/tools/cmake-4.3.3-linux/cmake-4.3.3-linux-x86_64/share/cmake-4.3/Modules/Platform/Android-Clang.cmake:23 (include)
  /home/runner/workspace/thirdparty/vcpkg/downloads/tools/cmake-4.3.3-linux/cmake-4.3.3-linux-x86_64/share/cmake-4.3/Modules/Platform/Android-Clang-C.cmake:1 (include)
  /home/runner/workspace/thirdparty/vcpkg/downloads/tools/cmake-4.3.3-linux/cmake-4.3.3-linux-x86_64/share/cmake-4.3/Modules/CMakeCInformation.cmake:48 (include)
  /home/runner/workspace/thirdparty/vcpkg/buildtrees/curl/arm64-android-dbg/CMakeFiles/CMakeTmp/CMakeLists.txt:5 (project)


-- Performing Test HAVE_FCNTL_O_NONBLOCK - Success
-- Performing Test HAVE_IOCTLSOCKET
CMake Deprecation Warning at /home/runner/workspace/.ndk-tools/android-ndk-r27c/build/cmake/android.toolchain.cmake:35 (cmake_minimum_required):
  Compatibility with CMake < 3.10 will be removed from a future version of
  CMake.

  Update the VERSION argument <min> value.  Or, use the <min>...<max> syntax
  to tell CMake that the project requires at least <min> but has been updated
  to work with policies introduced by <max> or earlier.
Call Stack (most recent call first):
  /home/runner/workspace/thirdparty/vcpkg/scripts/toolchains/android.cmake:32 (include)
  /home/runner/workspace/thirdparty/vcpkg/scripts/buildsystems/vcpkg.cmake:210 (include)
  /home/runner/workspace/thirdparty/vcpkg/buildtrees/curl/arm64-android-dbg/CMakeFiles/4.3.3/CMakeSystem.cmake:6 (include)
  /home/runner/workspace/thirdparty/vcpkg/buildtrees/curl/arm64-android-dbg/CMakeFiles/CMakeTmp/CMakeLists.txt:5 (project)


CMake Deprecation Warning at /home/runner/workspace/.ndk-tools/android-ndk-r27c/build/cmake/android-legacy.toolchain.cmake:35 (cmake_minimum_required):
  Compatibility with CMake < 3.10 will be removed from a future version of
  CMake.

  Update the VERSION argument <min> value.  Or, use the <min>...<max> syntax
  to tell CMake that the project requires at least <min> but has been updated
  to work with policies introduced by <max> or earlier.
Call Stack (most recent call first):
  /home/runner/workspace/.ndk-tools/android-ndk-r27c/build/cmake/android.toolchain.cmake:55 (include)
  /home/runner/workspace/thirdparty/vcpkg/scripts/toolchains/android.cmake:32 (include)
  /home/runner/workspace/thirdparty/vcpkg/scripts/buildsystems/vcpkg.cmake:210 (include)
  /home/runner/workspace/thirdparty/vcpkg/buildtrees/curl/arm64-android-dbg/CMakeFiles/4.3.3/CMakeSystem.cmake:6 (include)
  /home/runner/workspace/thirdparty/vcpkg/buildtrees/curl/arm64-android-dbg/CMakeFiles/CMakeTmp/CMakeLists.txt:5 (project)


CMake Deprecation Warning at /home/runner/workspace/.ndk-tools/android-ndk-r27c/build/cmake/flags.cmake:18 (cmake_minimum_required):
  Compatibility with CMake < 3.10 will be removed from a future version of
  CMake.

  Update the VERSION argument <min> value.  Or, use the <min>...<max> syntax
  to tell CMake that the project requires at least <min> but has been updated
  to work with policies introduced by <max> or earlier.
Call Stack (most recent call first):
  /home/runner/workspace/thirdparty/vcpkg/downloads/tools/cmake-4.3.3-linux/cmake-4.3.3-linux-x86_64/share/cmake-4.3/Modules/Platform/Android-Clang.cmake:23 (include)
  /home/runner/workspace/thirdparty/vcpkg/downloads/tools/cmake-4.3.3-linux/cmake-4.3.3-linux-x86_64/share/cmake-4.3/Modules/Platform/Android-Clang-C.cmake:1 (include)
  /home/runner/workspace/thirdparty/vcpkg/downloads/tools/cmake-4.3.3-linux/cmake-4.3.3-linux-x86_64/share/cmake-4.3/Modules/CMakeCInformation.cmake:48 (include)
  /home/runner/workspace/thirdparty/vcpkg/buildtrees/curl/arm64-android-dbg/CMakeFiles/CMakeTmp/CMakeLists.txt:5 (project)


-- Performing Test HAVE_IOCTLSOCKET - Failed
-- Performing Test HAVE_IOCTLSOCKET_CAMEL
CMake Deprecation Warning at /home/runner/workspace/.ndk-tools/android-ndk-r27c/build/cmake/android.toolchain.cmake:35 (cmake_minimum_required):
  Compatibility with CMake < 3.10 will be removed from a future version of
  CMake.

  Update the VERSION argument <min> value.  Or, use the <min>...<max> syntax
  to tell CMake that the project requires at least <min> but has been updated
  to work with policies introduced by <max> or earlier.
Call Stack (most recent call first):
  /home/runner/workspace/thirdparty/vcpkg/scripts/toolchains/android.cmake:32 (include)
  /home/runner/workspace/thirdparty/vcpkg/scripts/buildsystems/vcpkg.cmake:210 (include)
  /home/runner/workspace/thirdparty/vcpkg/buildtrees/curl/arm64-android-dbg/CMakeFiles/4.3.3/CMakeSystem.cmake:6 (include)
  /home/runner/workspace/thirdparty/vcpkg/buildtrees/curl/arm64-android-dbg/CMakeFiles/CMakeTmp/CMakeLists.txt:5 (project)


CMake Deprecation Warning at /home/runner/workspace/.ndk-tools/android-ndk-r27c/build/cmake/android-legacy.toolchain.cmake:35 (cmake_minimum_required):
  Compatibility with CMake < 3.10 will be removed from a future version of
  CMake.

  Update the VERSION argument <min> value.  Or, use the <min>...<max> syntax
  to tell CMake that the project requires at least <min> but has been updated
  to work with policies introduced by <max> or earlier.
Call Stack (most recent call first):
  /home/runner/workspace/.ndk-tools/android-ndk-r27c/build/cmake/android.toolchain.cmake:55 (include)
  /home/runner/workspace/thirdparty/vcpkg/scripts/toolchains/android.cmake:32 (include)
  /home/runner/workspace/thirdparty/vcpkg/scripts/buildsystems/vcpkg.cmake:210 (include)
  /home/runner/workspace/thirdparty/vcpkg/buildtrees/curl/arm64-android-dbg/CMakeFiles/4.3.3/CMakeSystem.cmake:6 (include)
  /home/runner/workspace/thirdparty/vcpkg/buildtrees/curl/arm64-android-dbg/CMakeFiles/CMakeTmp/CMakeLists.txt:5 (project)


CMake Deprecation Warning at /home/runner/workspace/.ndk-tools/android-ndk-r27c/build/cmake/flags.cmake:18 (cmake_minimum_required):
  Compatibility with CMake < 3.10 will be removed from a future version of
  CMake.

  Update the VERSION argument <min> value.  Or, use the <min>...<max> syntax
  to tell CMake that the project requires at least <min> but has been updated
  to work with policies introduced by <max> or earlier.
Call Stack (most recent call first):
  /home/runner/workspace/thirdparty/vcpkg/downloads/tools/cmake-4.3.3-linux/cmake-4.3.3-linux-x86_64/share/cmake-4.3/Modules/Platform/Android-Clang.cmake:23 (include)
  /home/runner/workspace/thirdparty/vcpkg/downloads/tools/cmake-4.3.3-linux/cmake-4.3.3-linux-x86_64/share/cmake-4.3/Modules/Platform/Android-Clang-C.cmake:1 (include)
  /home/runner/workspace/thirdparty/vcpkg/downloads/tools/cmake-4.3.3-linux/cmake-4.3.3-linux-x86_64/share/cmake-4.3/Modules/CMakeCInformation.cmake:48 (include)
  /home/runner/workspace/thirdparty/vcpkg/buildtrees/curl/arm64-android-dbg/CMakeFiles/CMakeTmp/CMakeLists.txt:5 (project)


-- Performing Test HAVE_IOCTLSOCKET_CAMEL - Failed
-- Performing Test HAVE_IOCTLSOCKET_CAMEL_FIONBIO
CMake Deprecation Warning at /home/runner/workspace/.ndk-tools/android-ndk-r27c/build/cmake/android.toolchain.cmake:35 (cmake_minimum_required):
  Compatibility with CMake < 3.10 will be removed from a future version of
  CMake.

  Update the VERSION argument <min> value.  Or, use the <min>...<max> syntax
  to tell CMake that the project requires at least <min> but has been updated
  to work with policies introduced by <max> or earlier.
Call Stack (most recent call first):
  /home/runner/workspace/thirdparty/vcpkg/scripts/toolchains/android.cmake:32 (include)
  /home/runner/workspace/thirdparty/vcpkg/scripts/buildsystems/vcpkg.cmake:210 (include)
  /home/runner/workspace/thirdparty/vcpkg/buildtrees/curl/arm64-android-dbg/CMakeFiles/4.3.3/CMakeSystem.cmake:6 (include)
  /home/runner/workspace/thirdparty/vcpkg/buildtrees/curl/arm64-android-dbg/CMakeFiles/CMakeTmp/CMakeLists.txt:5 (project)


CMake Deprecation Warning at /home/runner/workspace/.ndk-tools/android-ndk-r27c/build/cmake/android-legacy.toolchain.cmake:35 (cmake_minimum_required):
  Compatibility with CMake < 3.10 will be removed from a future version of
  CMake.

  Update the VERSION argument <min> value.  Or, use the <min>...<max> syntax
  to tell CMake that the project requires at least <min> but has been updated
  to work with policies introduced by <max> or earlier.
Call Stack (most recent call first):
  /home/runner/workspace/.ndk-tools/android-ndk-r27c/build/cmake/android.toolchain.cmake:55 (include)
  /home/runner/workspace/thirdparty/vcpkg/scripts/toolchains/android.cmake:32 (include)
  /home/runner/workspace/thirdparty/vcpkg/scripts/buildsystems/vcpkg.cmake:210 (include)
  /home/runner/workspace/thirdparty/vcpkg/buildtrees/curl/arm64-android-dbg/CMakeFiles/4.3.3/CMakeSystem.cmake:6 (include)
  /home/runner/workspace/thirdparty/vcpkg/buildtrees/curl/arm64-android-dbg/CMakeFiles/CMakeTmp/CMakeLists.txt:5 (project)


CMake Deprecation Warning at /home/runner/workspace/.ndk-tools/android-ndk-r27c/build/cmake/flags.cmake:18 (cmake_minimum_required):
  Compatibility with CMake < 3.10 will be removed from a future version of
  CMake.

  Update the VERSION argument <min> value.  Or, use the <min>...<max> syntax
  to tell CMake that the project requires at least <min> but has been updated
  to work with policies introduced by <max> or earlier.
Call Stack (most recent call first):
  /home/runner/workspace/thirdparty/vcpkg/downloads/tools/cmake-4.3.3-linux/cmake-4.3.3-linux-x86_64/share/cmake-4.3/Modules/Platform/Android-Clang.cmake:23 (include)
  /home/runner/workspace/thirdparty/vcpkg/downloads/tools/cmake-4.3.3-linux/cmake-4.3.3-linux-x86_64/share/cmake-4.3/Modules/Platform/Android-Clang-C.cmake:1 (include)
  /home/runner/workspace/thirdparty/vcpkg/downloads/tools/cmake-4.3.3-linux/cmake-4.3.3-linux-x86_64/share/cmake-4.3/Modules/CMakeCInformation.cmake:48 (include)
  /home/runner/workspace/thirdparty/vcpkg/buildtrees/curl/arm64-android-dbg/CMakeFiles/CMakeTmp/CMakeLists.txt:5 (project)


-- Performing Test HAVE_IOCTLSOCKET_CAMEL_FIONBIO - Failed
-- Performing Test HAVE_IOCTLSOCKET_FIONBIO
CMake Deprecation Warning at /home/runner/workspace/.ndk-tools/android-ndk-r27c/build/cmake/android.toolchain.cmake:35 (cmake_minimum_required):
  Compatibility with CMake < 3.10 will be removed from a future version of
  CMake.

  Update the VERSION argument <min> value.  Or, use the <min>...<max> syntax
  to tell CMake that the project requires at least <min> but has been updated
  to work with policies introduced by <max> or earlier.
Call Stack (most recent call first):
  /home/runner/workspace/thirdparty/vcpkg/scripts/toolchains/android.cmake:32 (include)
  /home/runner/workspace/thirdparty/vcpkg/scripts/buildsystems/vcpkg.cmake:210 (include)
  /home/runner/workspace/thirdparty/vcpkg/buildtrees/curl/arm64-android-dbg/CMakeFiles/4.3.3/CMakeSystem.cmake:6 (include)
  /home/runner/workspace/thirdparty/vcpkg/buildtrees/curl/arm64-android-dbg/CMakeFiles/CMakeTmp/CMakeLists.txt:5 (project)


CMake Deprecation Warning at /home/runner/workspace/.ndk-tools/android-ndk-r27c/build/cmake/android-legacy.toolchain.cmake:35 (cmake_minimum_required):
  Compatibility with CMake < 3.10 will be removed from a future version of
  CMake.

  Update the VERSION argument <min> value.  Or, use the <min>...<max> syntax
  to tell CMake that the project requires at least <min> but has been updated
  to work with policies introduced by <max> or earlier.
Call Stack (most recent call first):
  /home/runner/workspace/.ndk-tools/android-ndk-r27c/build/cmake/android.toolchain.cmake:55 (include)
  /home/runner/workspace/thirdparty/vcpkg/scripts/toolchains/android.cmake:32 (include)
  /home/runner/workspace/thirdparty/vcpkg/scripts/buildsystems/vcpkg.cmake:210 (include)
  /home/runner/workspace/thirdparty/vcpkg/buildtrees/curl/arm64-android-dbg/CMakeFiles/4.3.3/CMakeSystem.cmake:6 (include)
  /home/runner/workspace/thirdparty/vcpkg/buildtrees/curl/arm64-android-dbg/CMakeFiles/CMakeTmp/CMakeLists.txt:5 (project)


CMake Deprecation Warning at /home/runner/workspace/.ndk-tools/android-ndk-r27c/build/cmake/flags.cmake:18 (cmake_minimum_required):
  Compatibility with CMake < 3.10 will be removed from a future version of
  CMake.

  Update the VERSION argument <min> value.  Or, use the <min>...<max> syntax
  to tell CMake that the project requires at least <min> but has been updated
  to work with policies introduced by <max> or earlier.
Call Stack (most recent call first):
  /home/runner/workspace/thirdparty/vcpkg/downloads/tools/cmake-4.3.3-linux/cmake-4.3.3-linux-x86_64/share/cmake-4.3/Modules/Platform/Android-Clang.cmake:23 (include)
  /home/runner/workspace/thirdparty/vcpkg/downloads/tools/cmake-4.3.3-linux/cmake-4.3.3-linux-x86_64/share/cmake-4.3/Modules/Platform/Android-Clang-C.cmake:1 (include)
  /home/runner/workspace/thirdparty/vcpkg/downloads/tools/cmake-4.3.3-linux/cmake-4.3.3-linux-x86_64/share/cmake-4.3/Modules/CMakeCInformation.cmake:48 (include)
  /home/runner/workspace/thirdparty/vcpkg/buildtrees/curl/arm64-android-dbg/CMakeFiles/CMakeTmp/CMakeLists.txt:5 (project)


-- Performing Test HAVE_IOCTLSOCKET_FIONBIO - Failed
-- Performing Test HAVE_IOCTL_FIONBIO
CMake Deprecation Warning at /home/runner/workspace/.ndk-tools/android-ndk-r27c/build/cmake/android.toolchain.cmake:35 (cmake_minimum_required):
  Compatibility with CMake < 3.10 will be removed from a future version of
  CMake.

  Update the VERSION argument <min> value.  Or, use the <min>...<max> syntax
  to tell CMake that the project requires at least <min> but has been updated
  to work with policies introduced by <max> or earlier.
Call Stack (most recent call first):
  /home/runner/workspace/thirdparty/vcpkg/scripts/toolchains/android.cmake:32 (include)
  /home/runner/workspace/thirdparty/vcpkg/scripts/buildsystems/vcpkg.cmake:210 (include)
  /home/runner/workspace/thirdparty/vcpkg/buildtrees/curl/arm64-android-dbg/CMakeFiles/4.3.3/CMakeSystem.cmake:6 (include)
  /home/runner/workspace/thirdparty/vcpkg/buildtrees/curl/arm64-android-dbg/CMakeFiles/CMakeTmp/CMakeLists.txt:5 (project)


CMake Deprecation Warning at /home/runner/workspace/.ndk-tools/android-ndk-r27c/build/cmake/android-legacy.toolchain.cmake:35 (cmake_minimum_required):
  Compatibility with CMake < 3.10 will be removed from a future version of
  CMake.

  Update the VERSION argument <min> value.  Or, use the <min>...<max> syntax
  to tell CMake that the project requires at least <min> but has been updated
  to work with policies introduced by <max> or earlier.
Call Stack (most recent call first):
  /home/runner/workspace/.ndk-tools/android-ndk-r27c/build/cmake/android.toolchain.cmake:55 (include)
  /home/runner/workspace/thirdparty/vcpkg/scripts/toolchains/android.cmake:32 (include)
  /home/runner/workspace/thirdparty/vcpkg/scripts/buildsystems/vcpkg.cmake:210 (include)
  /home/runner/workspace/thirdparty/vcpkg/buildtrees/curl/arm64-android-dbg/CMakeFiles/4.3.3/CMakeSystem.cmake:6 (include)
  /home/runner/workspace/thirdparty/vcpkg/buildtrees/curl/arm64-android-dbg/CMakeFiles/CMakeTmp/CMakeLists.txt:5 (project)


CMake Deprecation Warning at /home/runner/workspace/.ndk-tools/android-ndk-r27c/build/cmake/flags.cmake:18 (cmake_minimum_required):
  Compatibility with CMake < 3.10 will be removed from a future version of
  CMake.

  Update the VERSION argument <min> value.  Or, use the <min>...<max> syntax
  to tell CMake that the project requires at least <min> but has been updated
  to work with policies introduced by <max> or earlier.
Call Stack (most recent call first):
  /home/runner/workspace/thirdparty/vcpkg/downloads/tools/cmake-4.3.3-linux/cmake-4.3.3-linux-x86_64/share/cmake-4.3/Modules/Platform/Android-Clang.cmake:23 (include)
  /home/runner/workspace/thirdparty/vcpkg/downloads/tools/cmake-4.3.3-linux/cmake-4.3.3-linux-x86_64/share/cmake-4.3/Modules/Platform/Android-Clang-C.cmake:1 (include)
  /home/runner/workspace/thirdparty/vcpkg/downloads/tools/cmake-4.3.3-linux/cmake-4.3.3-linux-x86_64/share/cmake-4.3/Modules/CMakeCInformation.cmake:48 (include)
  /home/runner/workspace/thirdparty/vcpkg/buildtrees/curl/arm64-android-dbg/CMakeFiles/CMakeTmp/CMakeLists.txt:5 (project)


-- Performing Test HAVE_IOCTL_FIONBIO - Success
-- Performing Test HAVE_IOCTL_SIOCGIFADDR
CMake Deprecation Warning at /home/runner/workspace/.ndk-tools/android-ndk-r27c/build/cmake/android.toolchain.cmake:35 (cmake_minimum_required):
  Compatibility with CMake < 3.10 will be removed from a future version of
  CMake.

  Update the VERSION argument <min> value.  Or, use the <min>...<max> syntax
  to tell CMake that the project requires at least <min> but has been updated
  to work with policies introduced by <max> or earlier.
Call Stack (most recent call first):
  /home/runner/workspace/thirdparty/vcpkg/scripts/toolchains/android.cmake:32 (include)
  /home/runner/workspace/thirdparty/vcpkg/scripts/buildsystems/vcpkg.cmake:210 (include)
  /home/runner/workspace/thirdparty/vcpkg/buildtrees/curl/arm64-android-dbg/CMakeFiles/4.3.3/CMakeSystem.cmake:6 (include)
  /home/runner/workspace/thirdparty/vcpkg/buildtrees/curl/arm64-android-dbg/CMakeFiles/CMakeTmp/CMakeLists.txt:5 (project)


CMake Deprecation Warning at /home/runner/workspace/.ndk-tools/android-ndk-r27c/build/cmake/android-legacy.toolchain.cmake:35 (cmake_minimum_required):
  Compatibility with CMake < 3.10 will be removed from a future version of
  CMake.

  Update the VERSION argument <min> value.  Or, use the <min>...<max> syntax
  to tell CMake that the project requires at least <min> but has been updated
  to work with policies introduced by <max> or earlier.
Call Stack (most recent call first):
  /home/runner/workspace/.ndk-tools/android-ndk-r27c/build/cmake/android.toolchain.cmake:55 (include)
  /home/runner/workspace/thirdparty/vcpkg/scripts/toolchains/android.cmake:32 (include)
  /home/runner/workspace/thirdparty/vcpkg/scripts/buildsystems/vcpkg.cmake:210 (include)
  /home/runner/workspace/thirdparty/vcpkg/buildtrees/curl/arm64-android-dbg/CMakeFiles/4.3.3/CMakeSystem.cmake:6 (include)
  /home/runner/workspace/thirdparty/vcpkg/buildtrees/curl/arm64-android-dbg/CMakeFiles/CMakeTmp/CMakeLists.txt:5 (project)


CMake Deprecation Warning at /home/runner/workspace/.ndk-tools/android-ndk-r27c/build/cmake/flags.cmake:18 (cmake_minimum_required):
  Compatibility with CMake < 3.10 will be removed from a future version of
  CMake.

  Update the VERSION argument <min> value.  Or, use the <min>...<max> syntax
  to tell CMake that the project requires at least <min> but has been updated
  to work with policies introduced by <max> or earlier.
Call Stack (most recent call first):
  /home/runner/workspace/thirdparty/vcpkg/downloads/tools/cmake-4.3.3-linux/cmake-4.3.3-linux-x86_64/share/cmake-4.3/Modules/Platform/Android-Clang.cmake:23 (include)
  /home/runner/workspace/thirdparty/vcpkg/downloads/tools/cmake-4.3.3-linux/cmake-4.3.3-linux-x86_64/share/cmake-4.3/Modules/Platform/Android-Clang-C.cmake:1 (include)
  /home/runner/workspace/thirdparty/vcpkg/downloads/tools/cmake-4.3.3-linux/cmake-4.3.3-linux-x86_64/share/cmake-4.3/Modules/CMakeCInformation.cmake:48 (include)
  /home/runner/workspace/thirdparty/vcpkg/buildtrees/curl/arm64-android-dbg/CMakeFiles/CMakeTmp/CMakeLists.txt:5 (project)


-- Performing Test HAVE_IOCTL_SIOCGIFADDR - Success
-- Performing Test HAVE_SETSOCKOPT_SO_NONBLOCK
CMake Deprecation Warning at /home/runner/workspace/.ndk-tools/android-ndk-r27c/build/cmake/android.toolchain.cmake:35 (cmake_minimum_required):
  Compatibility with CMake < 3.10 will be removed from a future version of
  CMake.

  Update the VERSION argument <min> value.  Or, use the <min>...<max> syntax
  to tell CMake that the project requires at least <min> but has been updated
  to work with policies introduced by <max> or earlier.
Call Stack (most recent call first):
  /home/runner/workspace/thirdparty/vcpkg/scripts/toolchains/android.cmake:32 (include)
  /home/runner/workspace/thirdparty/vcpkg/scripts/buildsystems/vcpkg.cmake:210 (include)
  /home/runner/workspace/thirdparty/vcpkg/buildtrees/curl/arm64-android-dbg/CMakeFiles/4.3.3/CMakeSystem.cmake:6 (include)
  /home/runner/workspace/thirdparty/vcpkg/buildtrees/curl/arm64-android-dbg/CMakeFiles/CMakeTmp/CMakeLists.txt:5 (project)


CMake Deprecation Warning at /home/runner/workspace/.ndk-tools/android-ndk-r27c/build/cmake/android-legacy.toolchain.cmake:35 (cmake_minimum_required):
  Compatibility with CMake < 3.10 will be removed from a future version of
  CMake.

  Update the VERSION argument <min> value.  Or, use the <min>...<max> syntax
  to tell CMake that the project requires at least <min> but has been updated
  to work with policies introduced by <max> or earlier.
Call Stack (most recent call first):
  /home/runner/workspace/.ndk-tools/android-ndk-r27c/build/cmake/android.toolchain.cmake:55 (include)
  /home/runner/workspace/thirdparty/vcpkg/scripts/toolchains/android.cmake:32 (include)
  /home/runner/workspace/thirdparty/vcpkg/scripts/buildsystems/vcpkg.cmake:210 (include)
  /home/runner/workspace/thirdparty/vcpkg/buildtrees/curl/arm64-android-dbg/CMakeFiles/4.3.3/CMakeSystem.cmake:6 (include)
  /home/runner/workspace/thirdparty/vcpkg/buildtrees/curl/arm64-android-dbg/CMakeFiles/CMakeTmp/CMakeLists.txt:5 (project)


CMake Deprecation Warning at /home/runner/workspace/.ndk-tools/android-ndk-r27c/build/cmake/flags.cmake:18 (cmake_minimum_required):
  Compatibility with CMake < 3.10 will be removed from a future version of
  CMake.

  Update the VERSION argument <min> value.  Or, use the <min>...<max> syntax
  to tell CMake that the project requires at least <min> but has been updated
  to work with policies introduced by <max> or earlier.
Call Stack (most recent call first):
  /home/runner/workspace/thirdparty/vcpkg/downloads/tools/cmake-4.3.3-linux/cmake-4.3.3-linux-x86_64/share/cmake-4.3/Modules/Platform/Android-Clang.cmake:23 (include)
  /home/runner/workspace/thirdparty/vcpkg/downloads/tools/cmake-4.3.3-linux/cmake-4.3.3-linux-x86_64/share/cmake-4.3/Modules/Platform/Android-Clang-C.cmake:1 (include)
  /home/runner/workspace/thirdparty/vcpkg/downloads/tools/cmake-4.3.3-linux/cmake-4.3.3-linux-x86_64/share/cmake-4.3/Modules/CMakeCInformation.cmake:48 (include)
  /home/runner/workspace/thirdparty/vcpkg/buildtrees/curl/arm64-android-dbg/CMakeFiles/CMakeTmp/CMakeLists.txt:5 (project)


-- Performing Test HAVE_SETSOCKOPT_SO_NONBLOCK - Failed
-- Performing Test HAVE_O_NONBLOCK
CMake Deprecation Warning at /home/runner/workspace/.ndk-tools/android-ndk-r27c/build/cmake/android.toolchain.cmake:35 (cmake_minimum_required):
  Compatibility with CMake < 3.10 will be removed from a future version of
  CMake.

  Update the VERSION argument <min> value.  Or, use the <min>...<max> syntax
  to tell CMake that the project requires at least <min> but has been updated
  to work with policies introduced by <max> or earlier.
Call Stack (most recent call first):
  /home/runner/workspace/thirdparty/vcpkg/scripts/toolchains/android.cmake:32 (include)
  /home/runner/workspace/thirdparty/vcpkg/scripts/buildsystems/vcpkg.cmake:210 (include)
  /home/runner/workspace/thirdparty/vcpkg/buildtrees/curl/arm64-android-dbg/CMakeFiles/4.3.3/CMakeSystem.cmake:6 (include)
  /home/runner/workspace/thirdparty/vcpkg/buildtrees/curl/arm64-android-dbg/CMakeFiles/CMakeTmp/CMakeLists.txt:5 (project)


CMake Deprecation Warning at /home/runner/workspace/.ndk-tools/android-ndk-r27c/build/cmake/android-legacy.toolchain.cmake:35 (cmake_minimum_required):
  Compatibility with CMake < 3.10 will be removed from a future version of
  CMake.

  Update the VERSION argument <min> value.  Or, use the <min>...<max> syntax
  to tell CMake that the project requires at least <min> but has been updated
  to work with policies introduced by <max> or earlier.
Call Stack (most recent call first):
  /home/runner/workspace/.ndk-tools/android-ndk-r27c/build/cmake/android.toolchain.cmake:55 (include)
  /home/runner/workspace/thirdparty/vcpkg/scripts/toolchains/android.cmake:32 (include)
  /home/runner/workspace/thirdparty/vcpkg/scripts/buildsystems/vcpkg.cmake:210 (include)
  /home/runner/workspace/thirdparty/vcpkg/buildtrees/curl/arm64-android-dbg/CMakeFiles/4.3.3/CMakeSystem.cmake:6 (include)
  /home/runner/workspace/thirdparty/vcpkg/buildtrees/curl/arm64-android-dbg/CMakeFiles/CMakeTmp/CMakeLists.txt:5 (project)


CMake Deprecation Warning at /home/runner/workspace/.ndk-tools/android-ndk-r27c/build/cmake/flags.cmake:18 (cmake_minimum_required):
  Compatibility with CMake < 3.10 will be removed from a future version of
  CMake.

  Update the VERSION argument <min> value.  Or, use the <min>...<max> syntax
  to tell CMake that the project requires at least <min> but has been updated
  to work with policies introduced by <max> or earlier.
Call Stack (most recent call first):
  /home/runner/workspace/thirdparty/vcpkg/downloads/tools/cmake-4.3.3-linux/cmake-4.3.3-linux-x86_64/share/cmake-4.3/Modules/Platform/Android-Clang.cmake:23 (include)
  /home/runner/workspace/thirdparty/vcpkg/downloads/tools/cmake-4.3.3-linux/cmake-4.3.3-linux-x86_64/share/cmake-4.3/Modules/Platform/Android-Clang-C.cmake:1 (include)
  /home/runner/workspace/thirdparty/vcpkg/downloads/tools/cmake-4.3.3-linux/cmake-4.3.3-linux-x86_64/share/cmake-4.3/Modules/CMakeCInformation.cmake:48 (include)
  /home/runner/workspace/thirdparty/vcpkg/buildtrees/curl/arm64-android-dbg/CMakeFiles/CMakeTmp/CMakeLists.txt:5 (project)


-- Performing Test HAVE_O_NONBLOCK - Failed
-- Performing Test HAVE_GETHOSTBYNAME_R_3
CMake Deprecation Warning at /home/runner/workspace/.ndk-tools/android-ndk-r27c/build/cmake/android.toolchain.cmake:35 (cmake_minimum_required):
  Compatibility with CMake < 3.10 will be removed from a future version of
  CMake.

  Update the VERSION argument <min> value.  Or, use the <min>...<max> syntax
  to tell CMake that the project requires at least <min> but has been updated
  to work with policies introduced by <max> or earlier.
Call Stack (most recent call first):
  /home/runner/workspace/thirdparty/vcpkg/scripts/toolchains/android.cmake:32 (include)
  /home/runner/workspace/thirdparty/vcpkg/scripts/buildsystems/vcpkg.cmake:210 (include)
  /home/runner/workspace/thirdparty/vcpkg/buildtrees/curl/arm64-android-dbg/CMakeFiles/4.3.3/CMakeSystem.cmake:6 (include)
  /home/runner/workspace/thirdparty/vcpkg/buildtrees/curl/arm64-android-dbg/CMakeFiles/CMakeTmp/CMakeLists.txt:5 (project)


CMake Deprecation Warning at /home/runner/workspace/.ndk-tools/android-ndk-r27c/build/cmake/android-legacy.toolchain.cmake:35 (cmake_minimum_required):
  Compatibility with CMake < 3.10 will be removed from a future version of
  CMake.

  Update the VERSION argument <min> value.  Or, use the <min>...<max> syntax
  to tell CMake that the project requires at least <min> but has been updated
  to work with policies introduced by <max> or earlier.
Call Stack (most recent call first):
  /home/runner/workspace/.ndk-tools/android-ndk-r27c/build/cmake/android.toolchain.cmake:55 (include)
  /home/runner/workspace/thirdparty/vcpkg/scripts/toolchains/android.cmake:32 (include)
  /home/runner/workspace/thirdparty/vcpkg/scripts/buildsystems/vcpkg.cmake:210 (include)
  /home/runner/workspace/thirdparty/vcpkg/buildtrees/curl/arm64-android-dbg/CMakeFiles/4.3.3/CMakeSystem.cmake:6 (include)
  /home/runner/workspace/thirdparty/vcpkg/buildtrees/curl/arm64-android-dbg/CMakeFiles/CMakeTmp/CMakeLists.txt:5 (project)


CMake Deprecation Warning at /home/runner/workspace/.ndk-tools/android-ndk-r27c/build/cmake/flags.cmake:18 (cmake_minimum_required):
  Compatibility with CMake < 3.10 will be removed from a future version of
  CMake.

  Update the VERSION argument <min> value.  Or, use the <min>...<max> syntax
  to tell CMake that the project requires at least <min> but has been updated
  to work with policies introduced by <max> or earlier.
Call Stack (most recent call first):
  /home/runner/workspace/thirdparty/vcpkg/downloads/tools/cmake-4.3.3-linux/cmake-4.3.3-linux-x86_64/share/cmake-4.3/Modules/Platform/Android-Clang.cmake:23 (include)
  /home/runner/workspace/thirdparty/vcpkg/downloads/tools/cmake-4.3.3-linux/cmake-4.3.3-linux-x86_64/share/cmake-4.3/Modules/Platform/Android-Clang-C.cmake:1 (include)
  /home/runner/workspace/thirdparty/vcpkg/downloads/tools/cmake-4.3.3-linux/cmake-4.3.3-linux-x86_64/share/cmake-4.3/Modules/CMakeCInformation.cmake:48 (include)
  /home/runner/workspace/thirdparty/vcpkg/buildtrees/curl/arm64-android-dbg/CMakeFiles/CMakeTmp/CMakeLists.txt:5 (project)


-- Performing Test HAVE_GETHOSTBYNAME_R_3 - Failed
-- Performing Test HAVE_GETHOSTBYNAME_R_5
CMake Deprecation Warning at /home/runner/workspace/.ndk-tools/android-ndk-r27c/build/cmake/android.toolchain.cmake:35 (cmake_minimum_required):
  Compatibility with CMake < 3.10 will be removed from a future version of
  CMake.

  Update the VERSION argument <min> value.  Or, use the <min>...<max> syntax
  to tell CMake that the project requires at least <min> but has been updated
  to work with policies introduced by <max> or earlier.
Call Stack (most recent call first):
  /home/runner/workspace/thirdparty/vcpkg/scripts/toolchains/android.cmake:32 (include)
  /home/runner/workspace/thirdparty/vcpkg/scripts/buildsystems/vcpkg.cmake:210 (include)
  /home/runner/workspace/thirdparty/vcpkg/buildtrees/curl/arm64-android-dbg/CMakeFiles/4.3.3/CMakeSystem.cmake:6 (include)
  /home/runner/workspace/thirdparty/vcpkg/buildtrees/curl/arm64-android-dbg/CMakeFiles/CMakeTmp/CMakeLists.txt:5 (project)


CMake Deprecation Warning at /home/runner/workspace/.ndk-tools/android-ndk-r27c/build/cmake/android-legacy.toolchain.cmake:35 (cmake_minimum_required):
  Compatibility with CMake < 3.10 will be removed from a future version of
  CMake.

  Update the VERSION argument <min> value.  Or, use the <min>...<max> syntax
  to tell CMake that the project requires at least <min> but has been updated
  to work with policies introduced by <max> or earlier.
Call Stack (most recent call first):
  /home/runner/workspace/.ndk-tools/android-ndk-r27c/build/cmake/android.toolchain.cmake:55 (include)
  /home/runner/workspace/thirdparty/vcpkg/scripts/toolchains/android.cmake:32 (include)
  /home/runner/workspace/thirdparty/vcpkg/scripts/buildsystems/vcpkg.cmake:210 (include)
  /home/runner/workspace/thirdparty/vcpkg/buildtrees/curl/arm64-android-dbg/CMakeFiles/4.3.3/CMakeSystem.cmake:6 (include)
  /home/runner/workspace/thirdparty/vcpkg/buildtrees/curl/arm64-android-dbg/CMakeFiles/CMakeTmp/CMakeLists.txt:5 (project)


CMake Deprecation Warning at /home/runner/workspace/.ndk-tools/android-ndk-r27c/build/cmake/flags.cmake:18 (cmake_minimum_required):
  Compatibility with CMake < 3.10 will be removed from a future version of
  CMake.

  Update the VERSION argument <min> value.  Or, use the <min>...<max> syntax
  to tell CMake that the project requires at least <min> but has been updated
  to work with policies introduced by <max> or earlier.
Call Stack (most recent call first):
  /home/runner/workspace/thirdparty/vcpkg/downloads/tools/cmake-4.3.3-linux/cmake-4.3.3-linux-x86_64/share/cmake-4.3/Modules/Platform/Android-Clang.cmake:23 (include)
  /home/runner/workspace/thirdparty/vcpkg/downloads/tools/cmake-4.3.3-linux/cmake-4.3.3-linux-x86_64/share/cmake-4.3/Modules/Platform/Android-Clang-C.cmake:1 (include)
  /home/runner/workspace/thirdparty/vcpkg/downloads/tools/cmake-4.3.3-linux/cmake-4.3.3-linux-x86_64/share/cmake-4.3/Modules/CMakeCInformation.cmake:48 (include)
  /home/runner/workspace/thirdparty/vcpkg/buildtrees/curl/arm64-android-dbg/CMakeFiles/CMakeTmp/CMakeLists.txt:5 (project)


-- Performing Test HAVE_GETHOSTBYNAME_R_5 - Failed
-- Performing Test HAVE_GETHOSTBYNAME_R_6
CMake Deprecation Warning at /home/runner/workspace/.ndk-tools/android-ndk-r27c/build/cmake/android.toolchain.cmake:35 (cmake_minimum_required):
  Compatibility with CMake < 3.10 will be removed from a future version of
  CMake.

  Update the VERSION argument <min> value.  Or, use the <min>...<max> syntax
  to tell CMake that the project requires at least <min> but has been updated
  to work with policies introduced by <max> or earlier.
Call Stack (most recent call first):
  /home/runner/workspace/thirdparty/vcpkg/scripts/toolchains/android.cmake:32 (include)
  /home/runner/workspace/thirdparty/vcpkg/scripts/buildsystems/vcpkg.cmake:210 (include)
  /home/runner/workspace/thirdparty/vcpkg/buildtrees/curl/arm64-android-dbg/CMakeFiles/4.3.3/CMakeSystem.cmake:6 (include)
  /home/runner/workspace/thirdparty/vcpkg/buildtrees/curl/arm64-android-dbg/CMakeFiles/CMakeTmp/CMakeLists.txt:5 (project)


CMake Deprecation Warning at /home/runner/workspace/.ndk-tools/android-ndk-r27c/build/cmake/android-legacy.toolchain.cmake:35 (cmake_minimum_required):
  Compatibility with CMake < 3.10 will be removed from a future version of
  CMake.

  Update the VERSION argument <min> value.  Or, use the <min>...<max> syntax
  to tell CMake that the project requires at least <min> but has been updated
  to work with policies introduced by <max> or earlier.
Call Stack (most recent call first):
  /home/runner/workspace/.ndk-tools/android-ndk-r27c/build/cmake/android.toolchain.cmake:55 (include)
  /home/runner/workspace/thirdparty/vcpkg/scripts/toolchains/android.cmake:32 (include)
  /home/runner/workspace/thirdparty/vcpkg/scripts/buildsystems/vcpkg.cmake:210 (include)
  /home/runner/workspace/thirdparty/vcpkg/buildtrees/curl/arm64-android-dbg/CMakeFiles/4.3.3/CMakeSystem.cmake:6 (include)
  /home/runner/workspace/thirdparty/vcpkg/buildtrees/curl/arm64-android-dbg/CMakeFiles/CMakeTmp/CMakeLists.txt:5 (project)


CMake Deprecation Warning at /home/runner/workspace/.ndk-tools/android-ndk-r27c/build/cmake/flags.cmake:18 (cmake_minimum_required):
  Compatibility with CMake < 3.10 will be removed from a future version of
  CMake.

  Update the VERSION argument <min> value.  Or, use the <min>...<max> syntax
  to tell CMake that the project requires at least <min> but has been updated
  to work with policies introduced by <max> or earlier.
Call Stack (most recent call first):
  /home/runner/workspace/thirdparty/vcpkg/downloads/tools/cmake-4.3.3-linux/cmake-4.3.3-linux-x86_64/share/cmake-4.3/Modules/Platform/Android-Clang.cmake:23 (include)
  /home/runner/workspace/thirdparty/vcpkg/downloads/tools/cmake-4.3.3-linux/cmake-4.3.3-linux-x86_64/share/cmake-4.3/Modules/Platform/Android-Clang-C.cmake:1 (include)
  /home/runner/workspace/thirdparty/vcpkg/downloads/tools/cmake-4.3.3-linux/cmake-4.3.3-linux-x86_64/share/cmake-4.3/Modules/CMakeCInformation.cmake:48 (include)
  /home/runner/workspace/thirdparty/vcpkg/buildtrees/curl/arm64-android-dbg/CMakeFiles/CMakeTmp/CMakeLists.txt:5 (project)


-- Performing Test HAVE_GETHOSTBYNAME_R_6 - Success
-- Performing Test HAVE_GETHOSTBYNAME_R_3_REENTRANT
CMake Deprecation Warning at /home/runner/workspace/.ndk-tools/android-ndk-r27c/build/cmake/android.toolchain.cmake:35 (cmake_minimum_required):
  Compatibility with CMake < 3.10 will be removed from a future version of
  CMake.

  Update the VERSION argument <min> value.  Or, use the <min>...<max> syntax
  to tell CMake that the project requires at least <min> but has been updated
  to work with policies introduced by <max> or earlier.
Call Stack (most recent call first):
  /home/runner/workspace/thirdparty/vcpkg/scripts/toolchains/android.cmake:32 (include)
  /home/runner/workspace/thirdparty/vcpkg/scripts/buildsystems/vcpkg.cmake:210 (include)
  /home/runner/workspace/thirdparty/vcpkg/buildtrees/curl/arm64-android-dbg/CMakeFiles/4.3.3/CMakeSystem.cmake:6 (include)
  /home/runner/workspace/thirdparty/vcpkg/buildtrees/curl/arm64-android-dbg/CMakeFiles/CMakeTmp/CMakeLists.txt:5 (project)


CMake Deprecation Warning at /home/runner/workspace/.ndk-tools/android-ndk-r27c/build/cmake/android-legacy.toolchain.cmake:35 (cmake_minimum_required):
  Compatibility with CMake < 3.10 will be removed from a future version of
  CMake.

  Update the VERSION argument <min> value.  Or, use the <min>...<max> syntax
  to tell CMake that the project requires at least <min> but has been updated
  to work with policies introduced by <max> or earlier.
Call Stack (most recent call first):
  /home/runner/workspace/.ndk-tools/android-ndk-r27c/build/cmake/android.toolchain.cmake:55 (include)
  /home/runner/workspace/thirdparty/vcpkg/scripts/toolchains/android.cmake:32 (include)
  /home/runner/workspace/thirdparty/vcpkg/scripts/buildsystems/vcpkg.cmake:210 (include)
  /home/runner/workspace/thirdparty/vcpkg/buildtrees/curl/arm64-android-dbg/CMakeFiles/4.3.3/CMakeSystem.cmake:6 (include)
  /home/runner/workspace/thirdparty/vcpkg/buildtrees/curl/arm64-android-dbg/CMakeFiles/CMakeTmp/CMakeLists.txt:5 (project)


CMake Deprecation Warning at /home/runner/workspace/.ndk-tools/android-ndk-r27c/build/cmake/flags.cmake:18 (cmake_minimum_required):
  Compatibility with CMake < 3.10 will be removed from a future version of
  CMake.

  Update the VERSION argument <min> value.  Or, use the <min>...<max> syntax
  to tell CMake that the project requires at least <min> but has been updated
  to work with policies introduced by <max> or earlier.
Call Stack (most recent call first):
  /home/runner/workspace/thirdparty/vcpkg/downloads/tools/cmake-4.3.3-linux/cmake-4.3.3-linux-x86_64/share/cmake-4.3/Modules/Platform/Android-Clang.cmake:23 (include)
  /home/runner/workspace/thirdparty/vcpkg/downloads/tools/cmake-4.3.3-linux/cmake-4.3.3-linux-x86_64/share/cmake-4.3/Modules/Platform/Android-Clang-C.cmake:1 (include)
  /home/runner/workspace/thirdparty/vcpkg/downloads/tools/cmake-4.3.3-linux/cmake-4.3.3-linux-x86_64/share/cmake-4.3/Modules/CMakeCInformation.cmake:48 (include)
  /home/runner/workspace/thirdparty/vcpkg/buildtrees/curl/arm64-android-dbg/CMakeFiles/CMakeTmp/CMakeLists.txt:5 (project)


-- Performing Test HAVE_GETHOSTBYNAME_R_3_REENTRANT - Failed
-- Performing Test HAVE_GETHOSTBYNAME_R_5_REENTRANT
CMake Deprecation Warning at /home/runner/workspace/.ndk-tools/android-ndk-r27c/build/cmake/android.toolchain.cmake:35 (cmake_minimum_required):
  Compatibility with CMake < 3.10 will be removed from a future version of
  CMake.

  Update the VERSION argument <min> value.  Or, use the <min>...<max> syntax
  to tell CMake that the project requires at least <min> but has been updated
  to work with policies introduced by <max> or earlier.
Call Stack (most recent call first):
  /home/runner/workspace/thirdparty/vcpkg/scripts/toolchains/android.cmake:32 (include)
  /home/runner/workspace/thirdparty/vcpkg/scripts/buildsystems/vcpkg.cmake:210 (include)
  /home/runner/workspace/thirdparty/vcpkg/buildtrees/curl/arm64-android-dbg/CMakeFiles/4.3.3/CMakeSystem.cmake:6 (include)
  /home/runner/workspace/thirdparty/vcpkg/buildtrees/curl/arm64-android-dbg/CMakeFiles/CMakeTmp/CMakeLists.txt:5 (project)


CMake Deprecation Warning at /home/runner/workspace/.ndk-tools/android-ndk-r27c/build/cmake/android-legacy.toolchain.cmake:35 (cmake_minimum_required):
  Compatibility with CMake < 3.10 will be removed from a future version of
  CMake.

  Update the VERSION argument <min> value.  Or, use the <min>...<max> syntax
  to tell CMake that the project requires at least <min> but has been updated
  to work with policies introduced by <max> or earlier.
Call Stack (most recent call first):
  /home/runner/workspace/.ndk-tools/android-ndk-r27c/build/cmake/android.toolchain.cmake:55 (include)
  /home/runner/workspace/thirdparty/vcpkg/scripts/toolchains/android.cmake:32 (include)
  /home/runner/workspace/thirdparty/vcpkg/scripts/buildsystems/vcpkg.cmake:210 (include)
  /home/runner/workspace/thirdparty/vcpkg/buildtrees/curl/arm64-android-dbg/CMakeFiles/4.3.3/CMakeSystem.cmake:6 (include)
  /home/runner/workspace/thirdparty/vcpkg/buildtrees/curl/arm64-android-dbg/CMakeFiles/CMakeTmp/CMakeLists.txt:5 (project)


CMake Deprecation Warning at /home/runner/workspace/.ndk-tools/android-ndk-r27c/build/cmake/flags.cmake:18 (cmake_minimum_required):
  Compatibility with CMake < 3.10 will be removed from a future version of
  CMake.

  Update the VERSION argument <min> value.  Or, use the <min>...<max> syntax
  to tell CMake that the project requires at least <min> but has been updated
  to work with policies introduced by <max> or earlier.
Call Stack (most recent call first):
  /home/runner/workspace/thirdparty/vcpkg/downloads/tools/cmake-4.3.3-linux/cmake-4.3.3-linux-x86_64/share/cmake-4.3/Modules/Platform/Android-Clang.cmake:23 (include)
  /home/runner/workspace/thirdparty/vcpkg/downloads/tools/cmake-4.3.3-linux/cmake-4.3.3-linux-x86_64/share/cmake-4.3/Modules/Platform/Android-Clang-C.cmake:1 (include)
  /home/runner/workspace/thirdparty/vcpkg/downloads/tools/cmake-4.3.3-linux/cmake-4.3.3-linux-x86_64/share/cmake-4.3/Modules/CMakeCInformation.cmake:48 (include)
  /home/runner/workspace/thirdparty/vcpkg/buildtrees/curl/arm64-android-dbg/CMakeFiles/CMakeTmp/CMakeLists.txt:5 (project)


-- Performing Test HAVE_GETHOSTBYNAME_R_5_REENTRANT - Failed
-- Performing Test HAVE_GETHOSTBYNAME_R_6_REENTRANT
CMake Deprecation Warning at /home/runner/workspace/.ndk-tools/android-ndk-r27c/build/cmake/android.toolchain.cmake:35 (cmake_minimum_required):
  Compatibility with CMake < 3.10 will be removed from a future version of
  CMake.

  Update the VERSION argument <min> value.  Or, use the <min>...<max> syntax
  to tell CMake that the project requires at least <min> but has been updated
  to work with policies introduced by <max> or earlier.
Call Stack (most recent call first):
  /home/runner/workspace/thirdparty/vcpkg/scripts/toolchains/android.cmake:32 (include)
  /home/runner/workspace/thirdparty/vcpkg/scripts/buildsystems/vcpkg.cmake:210 (include)
  /home/runner/workspace/thirdparty/vcpkg/buildtrees/curl/arm64-android-dbg/CMakeFiles/4.3.3/CMakeSystem.cmake:6 (include)
  /home/runner/workspace/thirdparty/vcpkg/buildtrees/curl/arm64-android-dbg/CMakeFiles/CMakeTmp/CMakeLists.txt:5 (project)


CMake Deprecation Warning at /home/runner/workspace/.ndk-tools/android-ndk-r27c/build/cmake/android-legacy.toolchain.cmake:35 (cmake_minimum_required):
  Compatibility with CMake < 3.10 will be removed from a future version of
  CMake.

  Update the VERSION argument <min> value.  Or, use the <min>...<max> syntax
  to tell CMake that the project requires at least <min> but has been updated
  to work with policies introduced by <max> or earlier.
Call Stack (most recent call first):
  /home/runner/workspace/.ndk-tools/android-ndk-r27c/build/cmake/android.toolchain.cmake:55 (include)
  /home/runner/workspace/thirdparty/vcpkg/scripts/toolchains/android.cmake:32 (include)
  /home/runner/workspace/thirdparty/vcpkg/scripts/buildsystems/vcpkg.cmake:210 (include)
  /home/runner/workspace/thirdparty/vcpkg/buildtrees/curl/arm64-android-dbg/CMakeFiles/4.3.3/CMakeSystem.cmake:6 (include)
  /home/runner/workspace/thirdparty/vcpkg/buildtrees/curl/arm64-android-dbg/CMakeFiles/CMakeTmp/CMakeLists.txt:5 (project)


CMake Deprecation Warning at /home/runner/workspace/.ndk-tools/android-ndk-r27c/build/cmake/flags.cmake:18 (cmake_minimum_required):
  Compatibility with CMake < 3.10 will be removed from a future version of
  CMake.

  Update the VERSION argument <min> value.  Or, use the <min>...<max> syntax
  to tell CMake that the project requires at least <min> but has been updated
  to work with policies introduced by <max> or earlier.
Call Stack (most recent call first):
  /home/runner/workspace/thirdparty/vcpkg/downloads/tools/cmake-4.3.3-linux/cmake-4.3.3-linux-x86_64/share/cmake-4.3/Modules/Platform/Android-Clang.cmake:23 (include)
  /home/runner/workspace/thirdparty/vcpkg/downloads/tools/cmake-4.3.3-linux/cmake-4.3.3-linux-x86_64/share/cmake-4.3/Modules/Platform/Android-Clang-C.cmake:1 (include)
  /home/runner/workspace/thirdparty/vcpkg/downloads/tools/cmake-4.3.3-linux/cmake-4.3.3-linux-x86_64/share/cmake-4.3/Modules/CMakeCInformation.cmake:48 (include)
  /home/runner/workspace/thirdparty/vcpkg/buildtrees/curl/arm64-android-dbg/CMakeFiles/CMakeTmp/CMakeLists.txt:5 (project)


-- Performing Test HAVE_GETHOSTBYNAME_R_6_REENTRANT - Success
-- Performing Test HAVE_IN_ADDR_T
CMake Deprecation Warning at /home/runner/workspace/.ndk-tools/android-ndk-r27c/build/cmake/android.toolchain.cmake:35 (cmake_minimum_required):
  Compatibility with CMake < 3.10 will be removed from a future version of
  CMake.

  Update the VERSION argument <min> value.  Or, use the <min>...<max> syntax
  to tell CMake that the project requires at least <min> but has been updated
  to work with policies introduced by <max> or earlier.
Call Stack (most recent call first):
  /home/runner/workspace/thirdparty/vcpkg/scripts/toolchains/android.cmake:32 (include)
  /home/runner/workspace/thirdparty/vcpkg/scripts/buildsystems/vcpkg.cmake:210 (include)
  /home/runner/workspace/thirdparty/vcpkg/buildtrees/curl/arm64-android-dbg/CMakeFiles/4.3.3/CMakeSystem.cmake:6 (include)
  /home/runner/workspace/thirdparty/vcpkg/buildtrees/curl/arm64-android-dbg/CMakeFiles/CMakeTmp/CMakeLists.txt:5 (project)


CMake Deprecation Warning at /home/runner/workspace/.ndk-tools/android-ndk-r27c/build/cmake/android-legacy.toolchain.cmake:35 (cmake_minimum_required):
  Compatibility with CMake < 3.10 will be removed from a future version of
  CMake.

  Update the VERSION argument <min> value.  Or, use the <min>...<max> syntax
  to tell CMake that the project requires at least <min> but has been updated
  to work with policies introduced by <max> or earlier.
Call Stack (most recent call first):
  /home/runner/workspace/.ndk-tools/android-ndk-r27c/build/cmake/android.toolchain.cmake:55 (include)
  /home/runner/workspace/thirdparty/vcpkg/scripts/toolchains/android.cmake:32 (include)
  /home/runner/workspace/thirdparty/vcpkg/scripts/buildsystems/vcpkg.cmake:210 (include)
  /home/runner/workspace/thirdparty/vcpkg/buildtrees/curl/arm64-android-dbg/CMakeFiles/4.3.3/CMakeSystem.cmake:6 (include)
  /home/runner/workspace/thirdparty/vcpkg/buildtrees/curl/arm64-android-dbg/CMakeFiles/CMakeTmp/CMakeLists.txt:5 (project)


CMake Deprecation Warning at /home/runner/workspace/.ndk-tools/android-ndk-r27c/build/cmake/flags.cmake:18 (cmake_minimum_required):
  Compatibility with CMake < 3.10 will be removed from a future version of
  CMake.

  Update the VERSION argument <min> value.  Or, use the <min>...<max> syntax
  to tell CMake that the project requires at least <min> but has been updated
  to work with policies introduced by <max> or earlier.
Call Stack (most recent call first):
  /home/runner/workspace/thirdparty/vcpkg/downloads/tools/cmake-4.3.3-linux/cmake-4.3.3-linux-x86_64/share/cmake-4.3/Modules/Platform/Android-Clang.cmake:23 (include)
  /home/runner/workspace/thirdparty/vcpkg/downloads/tools/cmake-4.3.3-linux/cmake-4.3.3-linux-x86_64/share/cmake-4.3/Modules/Platform/Android-Clang-C.cmake:1 (include)
  /home/runner/workspace/thirdparty/vcpkg/downloads/tools/cmake-4.3.3-linux/cmake-4.3.3-linux-x86_64/share/cmake-4.3/Modules/CMakeCInformation.cmake:48 (include)
  /home/runner/workspace/thirdparty/vcpkg/buildtrees/curl/arm64-android-dbg/CMakeFiles/CMakeTmp/CMakeLists.txt:5 (project)


-- Performing Test HAVE_IN_ADDR_T - Success
-- Performing Test HAVE_BOOL_T
CMake Deprecation Warning at /home/runner/workspace/.ndk-tools/android-ndk-r27c/build/cmake/android.toolchain.cmake:35 (cmake_minimum_required):
  Compatibility with CMake < 3.10 will be removed from a future version of
  CMake.

  Update the VERSION argument <min> value.  Or, use the <min>...<max> syntax
  to tell CMake that the project requires at least <min> but has been updated
  to work with policies introduced by <max> or earlier.
Call Stack (most recent call first):
  /home/runner/workspace/thirdparty/vcpkg/scripts/toolchains/android.cmake:32 (include)
  /home/runner/workspace/thirdparty/vcpkg/scripts/buildsystems/vcpkg.cmake:210 (include)
  /home/runner/workspace/thirdparty/vcpkg/buildtrees/curl/arm64-android-dbg/CMakeFiles/4.3.3/CMakeSystem.cmake:6 (include)
  /home/runner/workspace/thirdparty/vcpkg/buildtrees/curl/arm64-android-dbg/CMakeFiles/CMakeTmp/CMakeLists.txt:5 (project)


CMake Deprecation Warning at /home/runner/workspace/.ndk-tools/android-ndk-r27c/build/cmake/android-legacy.toolchain.cmake:35 (cmake_minimum_required):
  Compatibility with CMake < 3.10 will be removed from a future version of
  CMake.

  Update the VERSION argument <min> value.  Or, use the <min>...<max> syntax
  to tell CMake that the project requires at least <min> but has been updated
  to work with policies introduced by <max> or earlier.
Call Stack (most recent call first):
  /home/runner/workspace/.ndk-tools/android-ndk-r27c/build/cmake/android.toolchain.cmake:55 (include)
  /home/runner/workspace/thirdparty/vcpkg/scripts/toolchains/android.cmake:32 (include)
  /home/runner/workspace/thirdparty/vcpkg/scripts/buildsystems/vcpkg.cmake:210 (include)
  /home/runner/workspace/thirdparty/vcpkg/buildtrees/curl/arm64-android-dbg/CMakeFiles/4.3.3/CMakeSystem.cmake:6 (include)
  /home/runner/workspace/thirdparty/vcpkg/buildtrees/curl/arm64-android-dbg/CMakeFiles/CMakeTmp/CMakeLists.txt:5 (project)


CMake Deprecation Warning at /home/runner/workspace/.ndk-tools/android-ndk-r27c/build/cmake/flags.cmake:18 (cmake_minimum_required):
  Compatibility with CMake < 3.10 will be removed from a future version of
  CMake.

  Update the VERSION argument <min> value.  Or, use the <min>...<max> syntax
  to tell CMake that the project requires at least <min> but has been updated
  to work with policies introduced by <max> or earlier.
Call Stack (most recent call first):
  /home/runner/workspace/thirdparty/vcpkg/downloads/tools/cmake-4.3.3-linux/cmake-4.3.3-linux-x86_64/share/cmake-4.3/Modules/Platform/Android-Clang.cmake:23 (include)
  /home/runner/workspace/thirdparty/vcpkg/downloads/tools/cmake-4.3.3-linux/cmake-4.3.3-linux-x86_64/share/cmake-4.3/Modules/Platform/Android-Clang-C.cmake:1 (include)
  /home/runner/workspace/thirdparty/vcpkg/downloads/tools/cmake-4.3.3-linux/cmake-4.3.3-linux-x86_64/share/cmake-4.3/Modules/CMakeCInformation.cmake:48 (include)
  /home/runner/workspace/thirdparty/vcpkg/buildtrees/curl/arm64-android-dbg/CMakeFiles/CMakeTmp/CMakeLists.txt:5 (project)


-- Performing Test HAVE_BOOL_T - Success
-- Performing Test STDC_HEADERS
CMake Deprecation Warning at /home/runner/workspace/.ndk-tools/android-ndk-r27c/build/cmake/android.toolchain.cmake:35 (cmake_minimum_required):
  Compatibility with CMake < 3.10 will be removed from a future version of
  CMake.

  Update the VERSION argument <min> value.  Or, use the <min>...<max> syntax
  to tell CMake that the project requires at least <min> but has been updated
  to work with policies introduced by <max> or earlier.
Call Stack (most recent call first):
  /home/runner/workspace/thirdparty/vcpkg/scripts/toolchains/android.cmake:32 (include)
  /home/runner/workspace/thirdparty/vcpkg/scripts/buildsystems/vcpkg.cmake:210 (include)
  /home/runner/workspace/thirdparty/vcpkg/buildtrees/curl/arm64-android-dbg/CMakeFiles/4.3.3/CMakeSystem.cmake:6 (include)
  /home/runner/workspace/thirdparty/vcpkg/buildtrees/curl/arm64-android-dbg/CMakeFiles/CMakeTmp/CMakeLists.txt:5 (project)


CMake Deprecation Warning at /home/runner/workspace/.ndk-tools/android-ndk-r27c/build/cmake/android-legacy.toolchain.cmake:35 (cmake_minimum_required):
  Compatibility with CMake < 3.10 will be removed from a future version of
  CMake.

  Update the VERSION argument <min> value.  Or, use the <min>...<max> syntax
  to tell CMake that the project requires at least <min> but has been updated
  to work with policies introduced by <max> or earlier.
Call Stack (most recent call first):
  /home/runner/workspace/.ndk-tools/android-ndk-r27c/build/cmake/android.toolchain.cmake:55 (include)
  /home/runner/workspace/thirdparty/vcpkg/scripts/toolchains/android.cmake:32 (include)
  /home/runner/workspace/thirdparty/vcpkg/scripts/buildsystems/vcpkg.cmake:210 (include)
  /home/runner/workspace/thirdparty/vcpkg/buildtrees/curl/arm64-android-dbg/CMakeFiles/4.3.3/CMakeSystem.cmake:6 (include)
  /home/runner/workspace/thirdparty/vcpkg/buildtrees/curl/arm64-android-dbg/CMakeFiles/CMakeTmp/CMakeLists.txt:5 (project)


CMake Deprecation Warning at /home/runner/workspace/.ndk-tools/android-ndk-r27c/build/cmake/flags.cmake:18 (cmake_minimum_required):
  Compatibility with CMake < 3.10 will be removed from a future version of
  CMake.

  Update the VERSION argument <min> value.  Or, use the <min>...<max> syntax
  to tell CMake that the project requires at least <min> but has been updated
  to work with policies introduced by <max> or earlier.
Call Stack (most recent call first):
  /home/runner/workspace/thirdparty/vcpkg/downloads/tools/cmake-4.3.3-linux/cmake-4.3.3-linux-x86_64/share/cmake-4.3/Modules/Platform/Android-Clang.cmake:23 (include)
  /home/runner/workspace/thirdparty/vcpkg/downloads/tools/cmake-4.3.3-linux/cmake-4.3.3-linux-x86_64/share/cmake-4.3/Modules/Platform/Android-Clang-C.cmake:1 (include)
  /home/runner/workspace/thirdparty/vcpkg/downloads/tools/cmake-4.3.3-linux/cmake-4.3.3-linux-x86_64/share/cmake-4.3/Modules/CMakeCInformation.cmake:48 (include)
  /home/runner/workspace/thirdparty/vcpkg/buildtrees/curl/arm64-android-dbg/CMakeFiles/CMakeTmp/CMakeLists.txt:5 (project)


-- Performing Test STDC_HEADERS - Success
-- Performing Test HAVE_FILE_OFFSET_BITS
CMake Deprecation Warning at /home/runner/workspace/.ndk-tools/android-ndk-r27c/build/cmake/android.toolchain.cmake:35 (cmake_minimum_required):
  Compatibility with CMake < 3.10 will be removed from a future version of
  CMake.

  Update the VERSION argument <min> value.  Or, use the <min>...<max> syntax
  to tell CMake that the project requires at least <min> but has been updated
  to work with policies introduced by <max> or earlier.
Call Stack (most recent call first):
  /home/runner/workspace/thirdparty/vcpkg/scripts/toolchains/android.cmake:32 (include)
  /home/runner/workspace/thirdparty/vcpkg/scripts/buildsystems/vcpkg.cmake:210 (include)
  /home/runner/workspace/thirdparty/vcpkg/buildtrees/curl/arm64-android-dbg/CMakeFiles/4.3.3/CMakeSystem.cmake:6 (include)
  /home/runner/workspace/thirdparty/vcpkg/buildtrees/curl/arm64-android-dbg/CMakeFiles/CMakeTmp/CMakeLists.txt:5 (project)


CMake Deprecation Warning at /home/runner/workspace/.ndk-tools/android-ndk-r27c/build/cmake/android-legacy.toolchain.cmake:35 (cmake_minimum_required):
  Compatibility with CMake < 3.10 will be removed from a future version of
  CMake.

  Update the VERSION argument <min> value.  Or, use the <min>...<max> syntax
  to tell CMake that the project requires at least <min> but has been updated
  to work with policies introduced by <max> or earlier.
Call Stack (most recent call first):
  /home/runner/workspace/.ndk-tools/android-ndk-r27c/build/cmake/android.toolchain.cmake:55 (include)
  /home/runner/workspace/thirdparty/vcpkg/scripts/toolchains/android.cmake:32 (include)
  /home/runner/workspace/thirdparty/vcpkg/scripts/buildsystems/vcpkg.cmake:210 (include)
  /home/runner/workspace/thirdparty/vcpkg/buildtrees/curl/arm64-android-dbg/CMakeFiles/4.3.3/CMakeSystem.cmake:6 (include)
  /home/runner/workspace/thirdparty/vcpkg/buildtrees/curl/arm64-android-dbg/CMakeFiles/CMakeTmp/CMakeLists.txt:5 (project)


CMake Deprecation Warning at /home/runner/workspace/.ndk-tools/android-ndk-r27c/build/cmake/flags.cmake:18 (cmake_minimum_required):
  Compatibility with CMake < 3.10 will be removed from a future version of
  CMake.

  Update the VERSION argument <min> value.  Or, use the <min>...<max> syntax
  to tell CMake that the project requires at least <min> but has been updated
  to work with policies introduced by <max> or earlier.
Call Stack (most recent call first):
  /home/runner/workspace/thirdparty/vcpkg/downloads/tools/cmake-4.3.3-linux/cmake-4.3.3-linux-x86_64/share/cmake-4.3/Modules/Platform/Android-Clang.cmake:23 (include)
  /home/runner/workspace/thirdparty/vcpkg/downloads/tools/cmake-4.3.3-linux/cmake-4.3.3-linux-x86_64/share/cmake-4.3/Modules/Platform/Android-Clang-C.cmake:1 (include)
  /home/runner/workspace/thirdparty/vcpkg/downloads/tools/cmake-4.3.3-linux/cmake-4.3.3-linux-x86_64/share/cmake-4.3/Modules/CMakeCInformation.cmake:48 (include)
  /home/runner/workspace/thirdparty/vcpkg/buildtrees/curl/arm64-android-dbg/CMakeFiles/CMakeTmp/CMakeLists.txt:5 (project)


-- Performing Test HAVE_FILE_OFFSET_BITS - Success
-- Performing Test HAVE_ATOMIC
CMake Deprecation Warning at /home/runner/workspace/.ndk-tools/android-ndk-r27c/build/cmake/android.toolchain.cmake:35 (cmake_minimum_required):
  Compatibility with CMake < 3.10 will be removed from a future version of
  CMake.

  Update the VERSION argument <min> value.  Or, use the <min>...<max> syntax
  to tell CMake that the project requires at least <min> but has been updated
  to work with policies introduced by <max> or earlier.
Call Stack (most recent call first):
  /home/runner/workspace/thirdparty/vcpkg/scripts/toolchains/android.cmake:32 (include)
  /home/runner/workspace/thirdparty/vcpkg/scripts/buildsystems/vcpkg.cmake:210 (include)
  /home/runner/workspace/thirdparty/vcpkg/buildtrees/curl/arm64-android-dbg/CMakeFiles/4.3.3/CMakeSystem.cmake:6 (include)
  /home/runner/workspace/thirdparty/vcpkg/buildtrees/curl/arm64-android-dbg/CMakeFiles/CMakeTmp/CMakeLists.txt:5 (project)


CMake Deprecation Warning at /home/runner/workspace/.ndk-tools/android-ndk-r27c/build/cmake/android-legacy.toolchain.cmake:35 (cmake_minimum_required):
  Compatibility with CMake < 3.10 will be removed from a future version of
  CMake.

  Update the VERSION argument <min> value.  Or, use the <min>...<max> syntax
  to tell CMake that the project requires at least <min> but has been updated
  to work with policies introduced by <max> or earlier.
Call Stack (most recent call first):
  /home/runner/workspace/.ndk-tools/android-ndk-r27c/build/cmake/android.toolchain.cmake:55 (include)
  /home/runner/workspace/thirdparty/vcpkg/scripts/toolchains/android.cmake:32 (include)
  /home/runner/workspace/thirdparty/vcpkg/scripts/buildsystems/vcpkg.cmake:210 (include)
  /home/runner/workspace/thirdparty/vcpkg/buildtrees/curl/arm64-android-dbg/CMakeFiles/4.3.3/CMakeSystem.cmake:6 (include)
  /home/runner/workspace/thirdparty/vcpkg/buildtrees/curl/arm64-android-dbg/CMakeFiles/CMakeTmp/CMakeLists.txt:5 (project)


CMake Deprecation Warning at /home/runner/workspace/.ndk-tools/android-ndk-r27c/build/cmake/flags.cmake:18 (cmake_minimum_required):
  Compatibility with CMake < 3.10 will be removed from a future version of
  CMake.

  Update the VERSION argument <min> value.  Or, use the <min>...<max> syntax
  to tell CMake that the project requires at least <min> but has been updated
  to work with policies introduced by <max> or earlier.
Call Stack (most recent call first):
  /home/runner/workspace/thirdparty/vcpkg/downloads/tools/cmake-4.3.3-linux/cmake-4.3.3-linux-x86_64/share/cmake-4.3/Modules/Platform/Android-Clang.cmake:23 (include)
  /home/runner/workspace/thirdparty/vcpkg/downloads/tools/cmake-4.3.3-linux/cmake-4.3.3-linux-x86_64/share/cmake-4.3/Modules/Platform/Android-Clang-C.cmake:1 (include)
  /home/runner/workspace/thirdparty/vcpkg/downloads/tools/cmake-4.3.3-linux/cmake-4.3.3-linux-x86_64/share/cmake-4.3/Modules/CMakeCInformation.cmake:48 (include)
  /home/runner/workspace/thirdparty/vcpkg/buildtrees/curl/arm64-android-dbg/CMakeFiles/CMakeTmp/CMakeLists.txt:5 (project)


-- Performing Test HAVE_ATOMIC - Success
-- Check size of off_t
CMake Deprecation Warning at /home/runner/workspace/.ndk-tools/android-ndk-r27c/build/cmake/android.toolchain.cmake:35 (cmake_minimum_required):
  Compatibility with CMake < 3.10 will be removed from a future version of
  CMake.

  Update the VERSION argument <min> value.  Or, use the <min>...<max> syntax
  to tell CMake that the project requires at least <min> but has been updated
  to work with policies introduced by <max> or earlier.
Call Stack (most recent call first):
  /home/runner/workspace/thirdparty/vcpkg/scripts/toolchains/android.cmake:32 (include)
  /home/runner/workspace/thirdparty/vcpkg/scripts/buildsystems/vcpkg.cmake:210 (include)
  /home/runner/workspace/thirdparty/vcpkg/buildtrees/curl/arm64-android-dbg/CMakeFiles/4.3.3/CMakeSystem.cmake:6 (include)
  /home/runner/workspace/thirdparty/vcpkg/buildtrees/curl/arm64-android-dbg/CMakeFiles/CMakeScratch/TryCompile-LPcLgR/CMakeLists.txt:5 (project)


CMake Deprecation Warning at /home/runner/workspace/.ndk-tools/android-ndk-r27c/build/cmake/android-legacy.toolchain.cmake:35 (cmake_minimum_required):
  Compatibility with CMake < 3.10 will be removed from a future version of
  CMake.

  Update the VERSION argument <min> value.  Or, use the <min>...<max> syntax
  to tell CMake that the project requires at least <min> but has been updated
  to work with policies introduced by <max> or earlier.
Call Stack (most recent call first):
  /home/runner/workspace/.ndk-tools/android-ndk-r27c/build/cmake/android.toolchain.cmake:55 (include)
  /home/runner/workspace/thirdparty/vcpkg/scripts/toolchains/android.cmake:32 (include)
  /home/runner/workspace/thirdparty/vcpkg/scripts/buildsystems/vcpkg.cmake:210 (include)
  /home/runner/workspace/thirdparty/vcpkg/buildtrees/curl/arm64-android-dbg/CMakeFiles/4.3.3/CMakeSystem.cmake:6 (include)
  /home/runner/workspace/thirdparty/vcpkg/buildtrees/curl/arm64-android-dbg/CMakeFiles/CMakeScratch/TryCompile-LPcLgR/CMakeLists.txt:5 (project)


CMake Deprecation Warning at /home/runner/workspace/.ndk-tools/android-ndk-r27c/build/cmake/flags.cmake:18 (cmake_minimum_required):
  Compatibility with CMake < 3.10 will be removed from a future version of
  CMake.

  Update the VERSION argument <min> value.  Or, use the <min>...<max> syntax
  to tell CMake that the project requires at least <min> but has been updated
  to work with policies introduced by <max> or earlier.
Call Stack (most recent call first):
  /home/runner/workspace/thirdparty/vcpkg/downloads/tools/cmake-4.3.3-linux/cmake-4.3.3-linux-x86_64/share/cmake-4.3/Modules/Platform/Android-Clang.cmake:23 (include)
  /home/runner/workspace/thirdparty/vcpkg/downloads/tools/cmake-4.3.3-linux/cmake-4.3.3-linux-x86_64/share/cmake-4.3/Modules/Platform/Android-Clang-C.cmake:1 (include)
  /home/runner/workspace/thirdparty/vcpkg/downloads/tools/cmake-4.3.3-linux/cmake-4.3.3-linux-x86_64/share/cmake-4.3/Modules/CMakeCInformation.cmake:48 (include)
  /home/runner/workspace/thirdparty/vcpkg/buildtrees/curl/arm64-android-dbg/CMakeFiles/CMakeScratch/TryCompile-LPcLgR/CMakeLists.txt:5 (project)


-- Check size of off_t - done
-- Looking for fseeko
CMake Deprecation Warning at /home/runner/workspace/.ndk-tools/android-ndk-r27c/build/cmake/android.toolchain.cmake:35 (cmake_minimum_required):
  Compatibility with CMake < 3.10 will be removed from a future version of
  CMake.

  Update the VERSION argument <min> value.  Or, use the <min>...<max> syntax
  to tell CMake that the project requires at least <min> but has been updated
  to work with policies introduced by <max> or earlier.
Call Stack (most recent call first):
  /home/runner/workspace/thirdparty/vcpkg/scripts/toolchains/android.cmake:32 (include)
  /home/runner/workspace/thirdparty/vcpkg/scripts/buildsystems/vcpkg.cmake:210 (include)
  /home/runner/workspace/thirdparty/vcpkg/buildtrees/curl/arm64-android-dbg/CMakeFiles/4.3.3/CMakeSystem.cmake:6 (include)
  /home/runner/workspace/thirdparty/vcpkg/buildtrees/curl/arm64-android-dbg/CMakeFiles/CMakeScratch/TryCompile-BWDMG4/CMakeLists.txt:5 (project)


CMake Deprecation Warning at /home/runner/workspace/.ndk-tools/android-ndk-r27c/build/cmake/android-legacy.toolchain.cmake:35 (cmake_minimum_required):
  Compatibility with CMake < 3.10 will be removed from a future version of
  CMake.

  Update the VERSION argument <min> value.  Or, use the <min>...<max> syntax
  to tell CMake that the project requires at least <min> but has been updated
  to work with policies introduced by <max> or earlier.
Call Stack (most recent call first):
  /home/runner/workspace/.ndk-tools/android-ndk-r27c/build/cmake/android.toolchain.cmake:55 (include)
  /home/runner/workspace/thirdparty/vcpkg/scripts/toolchains/android.cmake:32 (include)
  /home/runner/workspace/thirdparty/vcpkg/scripts/buildsystems/vcpkg.cmake:210 (include)
  /home/runner/workspace/thirdparty/vcpkg/buildtrees/curl/arm64-android-dbg/CMakeFiles/4.3.3/CMakeSystem.cmake:6 (include)
  /home/runner/workspace/thirdparty/vcpkg/buildtrees/curl/arm64-android-dbg/CMakeFiles/CMakeScratch/TryCompile-BWDMG4/CMakeLists.txt:5 (project)


CMake Deprecation Warning at /home/runner/workspace/.ndk-tools/android-ndk-r27c/build/cmake/flags.cmake:18 (cmake_minimum_required):
  Compatibility with CMake < 3.10 will be removed from a future version of
  CMake.

  Update the VERSION argument <min> value.  Or, use the <min>...<max> syntax
  to tell CMake that the project requires at least <min> but has been updated
  to work with policies introduced by <max> or earlier.
Call Stack (most recent call first):
  /home/runner/workspace/thirdparty/vcpkg/downloads/tools/cmake-4.3.3-linux/cmake-4.3.3-linux-x86_64/share/cmake-4.3/Modules/Platform/Android-Clang.cmake:23 (include)
  /home/runner/workspace/thirdparty/vcpkg/downloads/tools/cmake-4.3.3-linux/cmake-4.3.3-linux-x86_64/share/cmake-4.3/Modules/Platform/Android-Clang-C.cmake:1 (include)
  /home/runner/workspace/thirdparty/vcpkg/downloads/tools/cmake-4.3.3-linux/cmake-4.3.3-linux-x86_64/share/cmake-4.3/Modules/CMakeCInformation.cmake:48 (include)
  /home/runner/workspace/thirdparty/vcpkg/buildtrees/curl/arm64-android-dbg/CMakeFiles/CMakeScratch/TryCompile-BWDMG4/CMakeLists.txt:5 (project)


-- Looking for fseeko - found
-- Check size of curl_off_t
CMake Deprecation Warning at /home/runner/workspace/.ndk-tools/android-ndk-r27c/build/cmake/android.toolchain.cmake:35 (cmake_minimum_required):
  Compatibility with CMake < 3.10 will be removed from a future version of
  CMake.

  Update the VERSION argument <min> value.  Or, use the <min>...<max> syntax
  to tell CMake that the project requires at least <min> but has been updated
  to work with policies introduced by <max> or earlier.
Call Stack (most recent call first):
  /home/runner/workspace/thirdparty/vcpkg/scripts/toolchains/android.cmake:32 (include)
  /home/runner/workspace/thirdparty/vcpkg/scripts/buildsystems/vcpkg.cmake:210 (include)
  /home/runner/workspace/thirdparty/vcpkg/buildtrees/curl/arm64-android-dbg/CMakeFiles/4.3.3/CMakeSystem.cmake:6 (include)
  /home/runner/workspace/thirdparty/vcpkg/buildtrees/curl/arm64-android-dbg/CMakeFiles/CMakeScratch/TryCompile-jvPSke/CMakeLists.txt:5 (project)


CMake Deprecation Warning at /home/runner/workspace/.ndk-tools/android-ndk-r27c/build/cmake/android-legacy.toolchain.cmake:35 (cmake_minimum_required):
  Compatibility with CMake < 3.10 will be removed from a future version of
  CMake.

  Update the VERSION argument <min> value.  Or, use the <min>...<max> syntax
  to tell CMake that the project requires at least <min> but has been updated
  to work with policies introduced by <max> or earlier.
Call Stack (most recent call first):
  /home/runner/workspace/.ndk-tools/android-ndk-r27c/build/cmake/android.toolchain.cmake:55 (include)
  /home/runner/workspace/thirdparty/vcpkg/scripts/toolchains/android.cmake:32 (include)
  /home/runner/workspace/thirdparty/vcpkg/scripts/buildsystems/vcpkg.cmake:210 (include)
  /home/runner/workspace/thirdparty/vcpkg/buildtrees/curl/arm64-android-dbg/CMakeFiles/4.3.3/CMakeSystem.cmake:6 (include)
  /home/runner/workspace/thirdparty/vcpkg/buildtrees/curl/arm64-android-dbg/CMakeFiles/CMakeScratch/TryCompile-jvPSke/CMakeLists.txt:5 (project)


CMake Deprecation Warning at /home/runner/workspace/.ndk-tools/android-ndk-r27c/build/cmake/flags.cmake:18 (cmake_minimum_required):
  Compatibility with CMake < 3.10 will be removed from a future version of
  CMake.

  Update the VERSION argument <min> value.  Or, use the <min>...<max> syntax
  to tell CMake that the project requires at least <min> but has been updated
  to work with policies introduced by <max> or earlier.
Call Stack (most recent call first):
  /home/runner/workspace/thirdparty/vcpkg/downloads/tools/cmake-4.3.3-linux/cmake-4.3.3-linux-x86_64/share/cmake-4.3/Modules/Platform/Android-Clang.cmake:23 (include)
  /home/runner/workspace/thirdparty/vcpkg/downloads/tools/cmake-4.3.3-linux/cmake-4.3.3-linux-x86_64/share/cmake-4.3/Modules/Platform/Android-Clang-C.cmake:1 (include)
  /home/runner/workspace/thirdparty/vcpkg/downloads/tools/cmake-4.3.3-linux/cmake-4.3.3-linux-x86_64/share/cmake-4.3/Modules/CMakeCInformation.cmake:48 (include)
  /home/runner/workspace/thirdparty/vcpkg/buildtrees/curl/arm64-android-dbg/CMakeFiles/CMakeScratch/TryCompile-jvPSke/CMakeLists.txt:5 (project)


-- Check size of curl_off_t - done
-- Check size of curl_socket_t
CMake Deprecation Warning at /home/runner/workspace/.ndk-tools/android-ndk-r27c/build/cmake/android.toolchain.cmake:35 (cmake_minimum_required):
  Compatibility with CMake < 3.10 will be removed from a future version of
  CMake.

  Update the VERSION argument <min> value.  Or, use the <min>...<max> syntax
  to tell CMake that the project requires at least <min> but has been updated
  to work with policies introduced by <max> or earlier.
Call Stack (most recent call first):
  /home/runner/workspace/thirdparty/vcpkg/scripts/toolchains/android.cmake:32 (include)
  /home/runner/workspace/thirdparty/vcpkg/scripts/buildsystems/vcpkg.cmake:210 (include)
  /home/runner/workspace/thirdparty/vcpkg/buildtrees/curl/arm64-android-dbg/CMakeFiles/4.3.3/CMakeSystem.cmake:6 (include)
  /home/runner/workspace/thirdparty/vcpkg/buildtrees/curl/arm64-android-dbg/CMakeFiles/CMakeScratch/TryCompile-G2ppN0/CMakeLists.txt:5 (project)


CMake Deprecation Warning at /home/runner/workspace/.ndk-tools/android-ndk-r27c/build/cmake/android-legacy.toolchain.cmake:35 (cmake_minimum_required):
  Compatibility with CMake < 3.10 will be removed from a future version of
  CMake.

  Update the VERSION argument <min> value.  Or, use the <min>...<max> syntax
  to tell CMake that the project requires at least <min> but has been updated
  to work with policies introduced by <max> or earlier.
Call Stack (most recent call first):
  /home/runner/workspace/.ndk-tools/android-ndk-r27c/build/cmake/android.toolchain.cmake:55 (include)
  /home/runner/workspace/thirdparty/vcpkg/scripts/toolchains/android.cmake:32 (include)
  /home/runner/workspace/thirdparty/vcpkg/scripts/buildsystems/vcpkg.cmake:210 (include)
  /home/runner/workspace/thirdparty/vcpkg/buildtrees/curl/arm64-android-dbg/CMakeFiles/4.3.3/CMakeSystem.cmake:6 (include)
  /home/runner/workspace/thirdparty/vcpkg/buildtrees/curl/arm64-android-dbg/CMakeFiles/CMakeScratch/TryCompile-G2ppN0/CMakeLists.txt:5 (project)


CMake Deprecation Warning at /home/runner/workspace/.ndk-tools/android-ndk-r27c/build/cmake/flags.cmake:18 (cmake_minimum_required):
  Compatibility with CMake < 3.10 will be removed from a future version of
  CMake.

  Update the VERSION argument <min> value.  Or, use the <min>...<max> syntax
  to tell CMake that the project requires at least <min> but has been updated
  to work with policies introduced by <max> or earlier.
Call Stack (most recent call first):
  /home/runner/workspace/thirdparty/vcpkg/downloads/tools/cmake-4.3.3-linux/cmake-4.3.3-linux-x86_64/share/cmake-4.3/Modules/Platform/Android-Clang.cmake:23 (include)
  /home/runner/workspace/thirdparty/vcpkg/downloads/tools/cmake-4.3.3-linux/cmake-4.3.3-linux-x86_64/share/cmake-4.3/Modules/Platform/Android-Clang-C.cmake:1 (include)
  /home/runner/workspace/thirdparty/vcpkg/downloads/tools/cmake-4.3.3-linux/cmake-4.3.3-linux-x86_64/share/cmake-4.3/Modules/CMakeCInformation.cmake:48 (include)
  /home/runner/workspace/thirdparty/vcpkg/buildtrees/curl/arm64-android-dbg/CMakeFiles/CMakeScratch/TryCompile-G2ppN0/CMakeLists.txt:5 (project)


-- Check size of curl_socket_t - done
-- Performing Test HAVE_GLIBC_STRERROR_R
CMake Deprecation Warning at /home/runner/workspace/.ndk-tools/android-ndk-r27c/build/cmake/android.toolchain.cmake:35 (cmake_minimum_required):
  Compatibility with CMake < 3.10 will be removed from a future version of
  CMake.

  Update the VERSION argument <min> value.  Or, use the <min>...<max> syntax
  to tell CMake that the project requires at least <min> but has been updated
  to work with policies introduced by <max> or earlier.
Call Stack (most recent call first):
  /home/runner/workspace/thirdparty/vcpkg/scripts/toolchains/android.cmake:32 (include)
  /home/runner/workspace/thirdparty/vcpkg/scripts/buildsystems/vcpkg.cmake:210 (include)
  /home/runner/workspace/thirdparty/vcpkg/buildtrees/curl/arm64-android-dbg/CMakeFiles/4.3.3/CMakeSystem.cmake:6 (include)
  /home/runner/workspace/thirdparty/vcpkg/buildtrees/curl/arm64-android-dbg/CMakeFiles/CMakeTmp/CMakeLists.txt:5 (project)


CMake Deprecation Warning at /home/runner/workspace/.ndk-tools/android-ndk-r27c/build/cmake/android-legacy.toolchain.cmake:35 (cmake_minimum_required):
  Compatibility with CMake < 3.10 will be removed from a future version of
  CMake.

  Update the VERSION argument <min> value.  Or, use the <min>...<max> syntax
  to tell CMake that the project requires at least <min> but has been updated
  to work with policies introduced by <max> or earlier.
Call Stack (most recent call first):
  /home/runner/workspace/.ndk-tools/android-ndk-r27c/build/cmake/android.toolchain.cmake:55 (include)
  /home/runner/workspace/thirdparty/vcpkg/scripts/toolchains/android.cmake:32 (include)
  /home/runner/workspace/thirdparty/vcpkg/scripts/buildsystems/vcpkg.cmake:210 (include)
  /home/runner/workspace/thirdparty/vcpkg/buildtrees/curl/arm64-android-dbg/CMakeFiles/4.3.3/CMakeSystem.cmake:6 (include)
  /home/runner/workspace/thirdparty/vcpkg/buildtrees/curl/arm64-android-dbg/CMakeFiles/CMakeTmp/CMakeLists.txt:5 (project)


CMake Deprecation Warning at /home/runner/workspace/.ndk-tools/android-ndk-r27c/build/cmake/flags.cmake:18 (cmake_minimum_required):
  Compatibility with CMake < 3.10 will be removed from a future version of
  CMake.

  Update the VERSION argument <min> value.  Or, use the <min>...<max> syntax
  to tell CMake that the project requires at least <min> but has been updated
  to work with policies introduced by <max> or earlier.
Call Stack (most recent call first):
  /home/runner/workspace/thirdparty/vcpkg/downloads/tools/cmake-4.3.3-linux/cmake-4.3.3-linux-x86_64/share/cmake-4.3/Modules/Platform/Android-Clang.cmake:23 (include)
  /home/runner/workspace/thirdparty/vcpkg/downloads/tools/cmake-4.3.3-linux/cmake-4.3.3-linux-x86_64/share/cmake-4.3/Modules/Platform/Android-Clang-C.cmake:1 (include)
  /home/runner/workspace/thirdparty/vcpkg/downloads/tools/cmake-4.3.3-linux/cmake-4.3.3-linux-x86_64/share/cmake-4.3/Modules/CMakeCInformation.cmake:48 (include)
  /home/runner/workspace/thirdparty/vcpkg/buildtrees/curl/arm64-android-dbg/CMakeFiles/CMakeTmp/CMakeLists.txt:5 (project)


-- Performing Test HAVE_GLIBC_STRERROR_R - Failed
-- Performing Test HAVE_POSIX_STRERROR_R
CMake Deprecation Warning at /home/runner/workspace/.ndk-tools/android-ndk-r27c/build/cmake/android.toolchain.cmake:35 (cmake_minimum_required):
  Compatibility with CMake < 3.10 will be removed from a future version of
  CMake.

  Update the VERSION argument <min> value.  Or, use the <min>...<max> syntax
  to tell CMake that the project requires at least <min> but has been updated
  to work with policies introduced by <max> or earlier.
Call Stack (most recent call first):
  /home/runner/workspace/thirdparty/vcpkg/scripts/toolchains/android.cmake:32 (include)
  /home/runner/workspace/thirdparty/vcpkg/scripts/buildsystems/vcpkg.cmake:210 (include)
  /home/runner/workspace/thirdparty/vcpkg/buildtrees/curl/arm64-android-dbg/CMakeFiles/4.3.3/CMakeSystem.cmake:6 (include)
  /home/runner/workspace/thirdparty/vcpkg/buildtrees/curl/arm64-android-dbg/CMakeFiles/CMakeTmp/CMakeLists.txt:5 (project)


CMake Deprecation Warning at /home/runner/workspace/.ndk-tools/android-ndk-r27c/build/cmake/android-legacy.toolchain.cmake:35 (cmake_minimum_required):
  Compatibility with CMake < 3.10 will be removed from a future version of
  CMake.

  Update the VERSION argument <min> value.  Or, use the <min>...<max> syntax
  to tell CMake that the project requires at least <min> but has been updated
  to work with policies introduced by <max> or earlier.
Call Stack (most recent call first):
  /home/runner/workspace/.ndk-tools/android-ndk-r27c/build/cmake/android.toolchain.cmake:55 (include)
  /home/runner/workspace/thirdparty/vcpkg/scripts/toolchains/android.cmake:32 (include)
  /home/runner/workspace/thirdparty/vcpkg/scripts/buildsystems/vcpkg.cmake:210 (include)
  /home/runner/workspace/thirdparty/vcpkg/buildtrees/curl/arm64-android-dbg/CMakeFiles/4.3.3/CMakeSystem.cmake:6 (include)
  /home/runner/workspace/thirdparty/vcpkg/buildtrees/curl/arm64-android-dbg/CMakeFiles/CMakeTmp/CMakeLists.txt:5 (project)


CMake Deprecation Warning at /home/runner/workspace/.ndk-tools/android-ndk-r27c/build/cmake/flags.cmake:18 (cmake_minimum_required):
  Compatibility with CMake < 3.10 will be removed from a future version of
  CMake.

  Update the VERSION argument <min> value.  Or, use the <min>...<max> syntax
  to tell CMake that the project requires at least <min> but has been updated
  to work with policies introduced by <max> or earlier.
Call Stack (most recent call first):
  /home/runner/workspace/thirdparty/vcpkg/downloads/tools/cmake-4.3.3-linux/cmake-4.3.3-linux-x86_64/share/cmake-4.3/Modules/Platform/Android-Clang.cmake:23 (include)
  /home/runner/workspace/thirdparty/vcpkg/downloads/tools/cmake-4.3.3-linux/cmake-4.3.3-linux-x86_64/share/cmake-4.3/Modules/Platform/Android-Clang-C.cmake:1 (include)
  /home/runner/workspace/thirdparty/vcpkg/downloads/tools/cmake-4.3.3-linux/cmake-4.3.3-linux-x86_64/share/cmake-4.3/Modules/CMakeCInformation.cmake:48 (include)
  /home/runner/workspace/thirdparty/vcpkg/buildtrees/curl/arm64-android-dbg/CMakeFiles/CMakeTmp/CMakeLists.txt:5 (project)


-- Performing Test HAVE_POSIX_STRERROR_R - Success
-- Performing Test HAVE_CLOCK_GETTIME_MONOTONIC
CMake Deprecation Warning at /home/runner/workspace/.ndk-tools/android-ndk-r27c/build/cmake/android.toolchain.cmake:35 (cmake_minimum_required):
  Compatibility with CMake < 3.10 will be removed from a future version of
  CMake.

  Update the VERSION argument <min> value.  Or, use the <min>...<max> syntax
  to tell CMake that the project requires at least <min> but has been updated
  to work with policies introduced by <max> or earlier.
Call Stack (most recent call first):
  /home/runner/workspace/thirdparty/vcpkg/scripts/toolchains/android.cmake:32 (include)
  /home/runner/workspace/thirdparty/vcpkg/scripts/buildsystems/vcpkg.cmake:210 (include)
  /home/runner/workspace/thirdparty/vcpkg/buildtrees/curl/arm64-android-dbg/CMakeFiles/4.3.3/CMakeSystem.cmake:6 (include)
  /home/runner/workspace/thirdparty/vcpkg/buildtrees/curl/arm64-android-dbg/CMakeFiles/CMakeTmp/CMakeLists.txt:5 (project)


CMake Deprecation Warning at /home/runner/workspace/.ndk-tools/android-ndk-r27c/build/cmake/android-legacy.toolchain.cmake:35 (cmake_minimum_required):
  Compatibility with CMake < 3.10 will be removed from a future version of
  CMake.

  Update the VERSION argument <min> value.  Or, use the <min>...<max> syntax
  to tell CMake that the project requires at least <min> but has been updated
  to work with policies introduced by <max> or earlier.
Call Stack (most recent call first):
  /home/runner/workspace/.ndk-tools/android-ndk-r27c/build/cmake/android.toolchain.cmake:55 (include)
  /home/runner/workspace/thirdparty/vcpkg/scripts/toolchains/android.cmake:32 (include)
  /home/runner/workspace/thirdparty/vcpkg/scripts/buildsystems/vcpkg.cmake:210 (include)
  /home/runner/workspace/thirdparty/vcpkg/buildtrees/curl/arm64-android-dbg/CMakeFiles/4.3.3/CMakeSystem.cmake:6 (include)
  /home/runner/workspace/thirdparty/vcpkg/buildtrees/curl/arm64-android-dbg/CMakeFiles/CMakeTmp/CMakeLists.txt:5 (project)


CMake Deprecation Warning at /home/runner/workspace/.ndk-tools/android-ndk-r27c/build/cmake/flags.cmake:18 (cmake_minimum_required):
  Compatibility with CMake < 3.10 will be removed from a future version of
  CMake.

  Update the VERSION argument <min> value.  Or, use the <min>...<max> syntax
  to tell CMake that the project requires at least <min> but has been updated
  to work with policies introduced by <max> or earlier.
Call Stack (most recent call first):
  /home/runner/workspace/thirdparty/vcpkg/downloads/tools/cmake-4.3.3-linux/cmake-4.3.3-linux-x86_64/share/cmake-4.3/Modules/Platform/Android-Clang.cmake:23 (include)
  /home/runner/workspace/thirdparty/vcpkg/downloads/tools/cmake-4.3.3-linux/cmake-4.3.3-linux-x86_64/share/cmake-4.3/Modules/Platform/Android-Clang-C.cmake:1 (include)
  /home/runner/workspace/thirdparty/vcpkg/downloads/tools/cmake-4.3.3-linux/cmake-4.3.3-linux-x86_64/share/cmake-4.3/Modules/CMakeCInformation.cmake:48 (include)
  /home/runner/workspace/thirdparty/vcpkg/buildtrees/curl/arm64-android-dbg/CMakeFiles/CMakeTmp/CMakeLists.txt:5 (project)


-- Performing Test HAVE_CLOCK_GETTIME_MONOTONIC - Success
-- Check size of struct sockaddr_storage
CMake Deprecation Warning at /home/runner/workspace/.ndk-tools/android-ndk-r27c/build/cmake/android.toolchain.cmake:35 (cmake_minimum_required):
  Compatibility with CMake < 3.10 will be removed from a future version of
  CMake.

  Update the VERSION argument <min> value.  Or, use the <min>...<max> syntax
  to tell CMake that the project requires at least <min> but has been updated
  to work with policies introduced by <max> or earlier.
Call Stack (most recent call first):
  /home/runner/workspace/thirdparty/vcpkg/scripts/toolchains/android.cmake:32 (include)
  /home/runner/workspace/thirdparty/vcpkg/scripts/buildsystems/vcpkg.cmake:210 (include)
  /home/runner/workspace/thirdparty/vcpkg/buildtrees/curl/arm64-android-dbg/CMakeFiles/4.3.3/CMakeSystem.cmake:6 (include)
  /home/runner/workspace/thirdparty/vcpkg/buildtrees/curl/arm64-android-dbg/CMakeFiles/CMakeScratch/TryCompile-IuMwgg/CMakeLists.txt:5 (project)


CMake Deprecation Warning at /home/runner/workspace/.ndk-tools/android-ndk-r27c/build/cmake/android-legacy.toolchain.cmake:35 (cmake_minimum_required):
  Compatibility with CMake < 3.10 will be removed from a future version of
  CMake.

  Update the VERSION argument <min> value.  Or, use the <min>...<max> syntax
  to tell CMake that the project requires at least <min> but has been updated
  to work with policies introduced by <max> or earlier.
Call Stack (most recent call first):
  /home/runner/workspace/.ndk-tools/android-ndk-r27c/build/cmake/android.toolchain.cmake:55 (include)
  /home/runner/workspace/thirdparty/vcpkg/scripts/toolchains/android.cmake:32 (include)
  /home/runner/workspace/thirdparty/vcpkg/scripts/buildsystems/vcpkg.cmake:210 (include)
  /home/runner/workspace/thirdparty/vcpkg/buildtrees/curl/arm64-android-dbg/CMakeFiles/4.3.3/CMakeSystem.cmake:6 (include)
  /home/runner/workspace/thirdparty/vcpkg/buildtrees/curl/arm64-android-dbg/CMakeFiles/CMakeScratch/TryCompile-IuMwgg/CMakeLists.txt:5 (project)


CMake Deprecation Warning at /home/runner/workspace/.ndk-tools/android-ndk-r27c/build/cmake/flags.cmake:18 (cmake_minimum_required):
  Compatibility with CMake < 3.10 will be removed from a future version of
  CMake.

  Update the VERSION argument <min> value.  Or, use the <min>...<max> syntax
  to tell CMake that the project requires at least <min> but has been updated
  to work with policies introduced by <max> or earlier.
Call Stack (most recent call first):
  /home/runner/workspace/thirdparty/vcpkg/downloads/tools/cmake-4.3.3-linux/cmake-4.3.3-linux-x86_64/share/cmake-4.3/Modules/Platform/Android-Clang.cmake:23 (include)
  /home/runner/workspace/thirdparty/vcpkg/downloads/tools/cmake-4.3.3-linux/cmake-4.3.3-linux-x86_64/share/cmake-4.3/Modules/Platform/Android-Clang-C.cmake:1 (include)
  /home/runner/workspace/thirdparty/vcpkg/downloads/tools/cmake-4.3.3-linux/cmake-4.3.3-linux-x86_64/share/cmake-4.3/Modules/CMakeCInformation.cmake:48 (include)
  /home/runner/workspace/thirdparty/vcpkg/buildtrees/curl/arm64-android-dbg/CMakeFiles/CMakeScratch/TryCompile-IuMwgg/CMakeLists.txt:5 (project)


-- Check size of struct sockaddr_storage - done
-- Performing Test HAVE_MSG_NOSIGNAL
CMake Deprecation Warning at /home/runner/workspace/.ndk-tools/android-ndk-r27c/build/cmake/android.toolchain.cmake:35 (cmake_minimum_required):
  Compatibility with CMake < 3.10 will be removed from a future version of
  CMake.

  Update the VERSION argument <min> value.  Or, use the <min>...<max> syntax
  to tell CMake that the project requires at least <min> but has been updated
  to work with policies introduced by <max> or earlier.
Call Stack (most recent call first):
  /home/runner/workspace/thirdparty/vcpkg/scripts/toolchains/android.cmake:32 (include)
  /home/runner/workspace/thirdparty/vcpkg/scripts/buildsystems/vcpkg.cmake:210 (include)
  /home/runner/workspace/thirdparty/vcpkg/buildtrees/curl/arm64-android-dbg/CMakeFiles/4.3.3/CMakeSystem.cmake:6 (include)
  /home/runner/workspace/thirdparty/vcpkg/buildtrees/curl/arm64-android-dbg/CMakeFiles/CMakeScratch/TryCompile-HqcNwb/CMakeLists.txt:5 (project)


CMake Deprecation Warning at /home/runner/workspace/.ndk-tools/android-ndk-r27c/build/cmake/android-legacy.toolchain.cmake:35 (cmake_minimum_required):
  Compatibility with CMake < 3.10 will be removed from a future version of
  CMake.

  Update the VERSION argument <min> value.  Or, use the <min>...<max> syntax
  to tell CMake that the project requires at least <min> but has been updated
  to work with policies introduced by <max> or earlier.
Call Stack (most recent call first):
  /home/runner/workspace/.ndk-tools/android-ndk-r27c/build/cmake/android.toolchain.cmake:55 (include)
  /home/runner/workspace/thirdparty/vcpkg/scripts/toolchains/android.cmake:32 (include)
  /home/runner/workspace/thirdparty/vcpkg/scripts/buildsystems/vcpkg.cmake:210 (include)
  /home/runner/workspace/thirdparty/vcpkg/buildtrees/curl/arm64-android-dbg/CMakeFiles/4.3.3/CMakeSystem.cmake:6 (include)
  /home/runner/workspace/thirdparty/vcpkg/buildtrees/curl/arm64-android-dbg/CMakeFiles/CMakeScratch/TryCompile-HqcNwb/CMakeLists.txt:5 (project)


CMake Deprecation Warning at /home/runner/workspace/.ndk-tools/android-ndk-r27c/build/cmake/flags.cmake:18 (cmake_minimum_required):
  Compatibility with CMake < 3.10 will be removed from a future version of
  CMake.

  Update the VERSION argument <min> value.  Or, use the <min>...<max> syntax
  to tell CMake that the project requires at least <min> but has been updated
  to work with policies introduced by <max> or earlier.
Call Stack (most recent call first):
  /home/runner/workspace/thirdparty/vcpkg/downloads/tools/cmake-4.3.3-linux/cmake-4.3.3-linux-x86_64/share/cmake-4.3/Modules/Platform/Android-Clang.cmake:23 (include)
  /home/runner/workspace/thirdparty/vcpkg/downloads/tools/cmake-4.3.3-linux/cmake-4.3.3-linux-x86_64/share/cmake-4.3/Modules/Platform/Android-Clang-C.cmake:1 (include)
  /home/runner/workspace/thirdparty/vcpkg/downloads/tools/cmake-4.3.3-linux/cmake-4.3.3-linux-x86_64/share/cmake-4.3/Modules/CMakeCInformation.cmake:48 (include)
  /home/runner/workspace/thirdparty/vcpkg/buildtrees/curl/arm64-android-dbg/CMakeFiles/CMakeScratch/TryCompile-HqcNwb/CMakeLists.txt:5 (project)


-- Performing Test HAVE_MSG_NOSIGNAL - Success
-- Performing Test HAVE_STRUCT_TIMEVAL
CMake Deprecation Warning at /home/runner/workspace/.ndk-tools/android-ndk-r27c/build/cmake/android.toolchain.cmake:35 (cmake_minimum_required):
  Compatibility with CMake < 3.10 will be removed from a future version of
  CMake.

  Update the VERSION argument <min> value.  Or, use the <min>...<max> syntax
  to tell CMake that the project requires at least <min> but has been updated
  to work with policies introduced by <max> or earlier.
Call Stack (most recent call first):
  /home/runner/workspace/thirdparty/vcpkg/scripts/toolchains/android.cmake:32 (include)
  /home/runner/workspace/thirdparty/vcpkg/scripts/buildsystems/vcpkg.cmake:210 (include)
  /home/runner/workspace/thirdparty/vcpkg/buildtrees/curl/arm64-android-dbg/CMakeFiles/4.3.3/CMakeSystem.cmake:6 (include)
  /home/runner/workspace/thirdparty/vcpkg/buildtrees/curl/arm64-android-dbg/CMakeFiles/CMakeScratch/TryCompile-MAJ3z2/CMakeLists.txt:5 (project)


CMake Deprecation Warning at /home/runner/workspace/.ndk-tools/android-ndk-r27c/build/cmake/android-legacy.toolchain.cmake:35 (cmake_minimum_required):
  Compatibility with CMake < 3.10 will be removed from a future version of
  CMake.

  Update the VERSION argument <min> value.  Or, use the <min>...<max> syntax
  to tell CMake that the project requires at least <min> but has been updated
  to work with policies introduced by <max> or earlier.
Call Stack (most recent call first):
  /home/runner/workspace/.ndk-tools/android-ndk-r27c/build/cmake/android.toolchain.cmake:55 (include)
  /home/runner/workspace/thirdparty/vcpkg/scripts/toolchains/android.cmake:32 (include)
  /home/runner/workspace/thirdparty/vcpkg/scripts/buildsystems/vcpkg.cmake:210 (include)
  /home/runner/workspace/thirdparty/vcpkg/buildtrees/curl/arm64-android-dbg/CMakeFiles/4.3.3/CMakeSystem.cmake:6 (include)
  /home/runner/workspace/thirdparty/vcpkg/buildtrees/curl/arm64-android-dbg/CMakeFiles/CMakeScratch/TryCompile-MAJ3z2/CMakeLists.txt:5 (project)


CMake Deprecation Warning at /home/runner/workspace/.ndk-tools/android-ndk-r27c/build/cmake/flags.cmake:18 (cmake_minimum_required):
  Compatibility with CMake < 3.10 will be removed from a future version of
  CMake.

  Update the VERSION argument <min> value.  Or, use the <min>...<max> syntax
  to tell CMake that the project requires at least <min> but has been updated
  to work with policies introduced by <max> or earlier.
Call Stack (most recent call first):
  /home/runner/workspace/thirdparty/vcpkg/downloads/tools/cmake-4.3.3-linux/cmake-4.3.3-linux-x86_64/share/cmake-4.3/Modules/Platform/Android-Clang.cmake:23 (include)
  /home/runner/workspace/thirdparty/vcpkg/downloads/tools/cmake-4.3.3-linux/cmake-4.3.3-linux-x86_64/share/cmake-4.3/Modules/Platform/Android-Clang-C.cmake:1 (include)
  /home/runner/workspace/thirdparty/vcpkg/downloads/tools/cmake-4.3.3-linux/cmake-4.3.3-linux-x86_64/share/cmake-4.3/Modules/CMakeCInformation.cmake:48 (include)
  /home/runner/workspace/thirdparty/vcpkg/buildtrees/curl/arm64-android-dbg/CMakeFiles/CMakeScratch/TryCompile-MAJ3z2/CMakeLists.txt:5 (project)


-- Performing Test HAVE_STRUCT_TIMEVAL - Success
-- Performing Test HAVE_H_ERRNO
CMake Deprecation Warning at /home/runner/workspace/.ndk-tools/android-ndk-r27c/build/cmake/android.toolchain.cmake:35 (cmake_minimum_required):
  Compatibility with CMake < 3.10 will be removed from a future version of
  CMake.

  Update the VERSION argument <min> value.  Or, use the <min>...<max> syntax
  to tell CMake that the project requires at least <min> but has been updated
  to work with policies introduced by <max> or earlier.
Call Stack (most recent call first):
  /home/runner/workspace/thirdparty/vcpkg/scripts/toolchains/android.cmake:32 (include)
  /home/runner/workspace/thirdparty/vcpkg/scripts/buildsystems/vcpkg.cmake:210 (include)
  /home/runner/workspace/thirdparty/vcpkg/buildtrees/curl/arm64-android-dbg/CMakeFiles/4.3.3/CMakeSystem.cmake:6 (include)
  /home/runner/workspace/thirdparty/vcpkg/buildtrees/curl/arm64-android-dbg/CMakeFiles/CMakeScratch/TryCompile-AzzcVF/CMakeLists.txt:5 (project)


CMake Deprecation Warning at /home/runner/workspace/.ndk-tools/android-ndk-r27c/build/cmake/android-legacy.toolchain.cmake:35 (cmake_minimum_required):
  Compatibility with CMake < 3.10 will be removed from a future version of
  CMake.

  Update the VERSION argument <min> value.  Or, use the <min>...<max> syntax
  to tell CMake that the project requires at least <min> but has been updated
  to work with policies introduced by <max> or earlier.
Call Stack (most recent call first):
  /home/runner/workspace/.ndk-tools/android-ndk-r27c/build/cmake/android.toolchain.cmake:55 (include)
  /home/runner/workspace/thirdparty/vcpkg/scripts/toolchains/android.cmake:32 (include)
  /home/runner/workspace/thirdparty/vcpkg/scripts/buildsystems/vcpkg.cmake:210 (include)
  /home/runner/workspace/thirdparty/vcpkg/buildtrees/curl/arm64-android-dbg/CMakeFiles/4.3.3/CMakeSystem.cmake:6 (include)
  /home/runner/workspace/thirdparty/vcpkg/buildtrees/curl/arm64-android-dbg/CMakeFiles/CMakeScratch/TryCompile-AzzcVF/CMakeLists.txt:5 (project)


CMake Deprecation Warning at /home/runner/workspace/.ndk-tools/android-ndk-r27c/build/cmake/flags.cmake:18 (cmake_minimum_required):
  Compatibility with CMake < 3.10 will be removed from a future version of
  CMake.

  Update the VERSION argument <min> value.  Or, use the <min>...<max> syntax
  to tell CMake that the project requires at least <min> but has been updated
  to work with policies introduced by <max> or earlier.
Call Stack (most recent call first):
  /home/runner/workspace/thirdparty/vcpkg/downloads/tools/cmake-4.3.3-linux/cmake-4.3.3-linux-x86_64/share/cmake-4.3/Modules/Platform/Android-Clang.cmake:23 (include)
  /home/runner/workspace/thirdparty/vcpkg/downloads/tools/cmake-4.3.3-linux/cmake-4.3.3-linux-x86_64/share/cmake-4.3/Modules/Platform/Android-Clang-C.cmake:1 (include)
  /home/runner/workspace/thirdparty/vcpkg/downloads/tools/cmake-4.3.3-linux/cmake-4.3.3-linux-x86_64/share/cmake-4.3/Modules/CMakeCInformation.cmake:48 (include)
  /home/runner/workspace/thirdparty/vcpkg/buildtrees/curl/arm64-android-dbg/CMakeFiles/CMakeScratch/TryCompile-AzzcVF/CMakeLists.txt:5 (project)


-- Performing Test HAVE_H_ERRNO - Success
-- Performing Test HAVE_CLOCK_GETTIME_MONOTONIC_RAW
CMake Deprecation Warning at /home/runner/workspace/.ndk-tools/android-ndk-r27c/build/cmake/android.toolchain.cmake:35 (cmake_minimum_required):
  Compatibility with CMake < 3.10 will be removed from a future version of
  CMake.

  Update the VERSION argument <min> value.  Or, use the <min>...<max> syntax
  to tell CMake that the project requires at least <min> but has been updated
  to work with policies introduced by <max> or earlier.
Call Stack (most recent call first):
  /home/runner/workspace/thirdparty/vcpkg/scripts/toolchains/android.cmake:32 (include)
  /home/runner/workspace/thirdparty/vcpkg/scripts/buildsystems/vcpkg.cmake:210 (include)
  /home/runner/workspace/thirdparty/vcpkg/buildtrees/curl/arm64-android-dbg/CMakeFiles/4.3.3/CMakeSystem.cmake:6 (include)
  /home/runner/workspace/thirdparty/vcpkg/buildtrees/curl/arm64-android-dbg/CMakeFiles/CMakeScratch/TryCompile-10RUXM/CMakeLists.txt:5 (project)


CMake Deprecation Warning at /home/runner/workspace/.ndk-tools/android-ndk-r27c/build/cmake/android-legacy.toolchain.cmake:35 (cmake_minimum_required):
  Compatibility with CMake < 3.10 will be removed from a future version of
  CMake.

  Update the VERSION argument <min> value.  Or, use the <min>...<max> syntax
  to tell CMake that the project requires at least <min> but has been updated
  to work with policies introduced by <max> or earlier.
Call Stack (most recent call first):
  /home/runner/workspace/.ndk-tools/android-ndk-r27c/build/cmake/android.toolchain.cmake:55 (include)
  /home/runner/workspace/thirdparty/vcpkg/scripts/toolchains/android.cmake:32 (include)
  /home/runner/workspace/thirdparty/vcpkg/scripts/buildsystems/vcpkg.cmake:210 (include)
  /home/runner/workspace/thirdparty/vcpkg/buildtrees/curl/arm64-android-dbg/CMakeFiles/4.3.3/CMakeSystem.cmake:6 (include)
  /home/runner/workspace/thirdparty/vcpkg/buildtrees/curl/arm64-android-dbg/CMakeFiles/CMakeScratch/TryCompile-10RUXM/CMakeLists.txt:5 (project)


CMake Deprecation Warning at /home/runner/workspace/.ndk-tools/android-ndk-r27c/build/cmake/flags.cmake:18 (cmake_minimum_required):
  Compatibility with CMake < 3.10 will be removed from a future version of
  CMake.

  Update the VERSION argument <min> value.  Or, use the <min>...<max> syntax
  to tell CMake that the project requires at least <min> but has been updated
  to work with policies introduced by <max> or earlier.
Call Stack (most recent call first):
  /home/runner/workspace/thirdparty/vcpkg/downloads/tools/cmake-4.3.3-linux/cmake-4.3.3-linux-x86_64/share/cmake-4.3/Modules/Platform/Android-Clang.cmake:23 (include)
  /home/runner/workspace/thirdparty/vcpkg/downloads/tools/cmake-4.3.3-linux/cmake-4.3.3-linux-x86_64/share/cmake-4.3/Modules/Platform/Android-Clang-C.cmake:1 (include)
  /home/runner/workspace/thirdparty/vcpkg/downloads/tools/cmake-4.3.3-linux/cmake-4.3.3-linux-x86_64/share/cmake-4.3/Modules/CMakeCInformation.cmake:48 (include)
  /home/runner/workspace/thirdparty/vcpkg/buildtrees/curl/arm64-android-dbg/CMakeFiles/CMakeScratch/TryCompile-10RUXM/CMakeLists.txt:5 (project)


-- Performing Test HAVE_CLOCK_GETTIME_MONOTONIC_RAW - Success
-- Protocols: dict file ftp ftps gopher gophers http https imap imaps ipfs ipns mqtt pop3 pop3s rtsp smb smbs smtp smtps telnet tftp
-- Features: alt-svc AsynchDNS HSTS HTTPS-proxy IPv6 Largefile libz NTLM SSL threadsafe TLS-SRP UnixSockets
-- Enabled SSL backends: OpenSSL v3+
CMake Warning at CMakeLists.txt:2163 (message):
  Bad lib in library list: Threads::Threads


-- Configuring done (14.0s)
-- Generating done (0.2s)
CMake Warning:
  Manually-specified variables were not used by the project:

    FETCHCONTENT_FULLY_DISCONNECTED
    VCPKG_PLATFORM_TOOLSET
    VCPKG_SET_CHARSET_FLAG
    _VCPKG_ROOT_DIR


-- Build files have been written to: /home/runner/workspace/thirdparty/vcpkg/buildtrees/curl/arm64-android-dbg
[2/2] "/home/runner/workspace/thirdparty/vcpkg/downloads/tools/cmake-4.3.3-linux/cmake-4.3.3-linux-x86_64/bin/cmake" -E chdir ".." "/home/runner/workspace/thirdparty/vcpkg/downloads/tools/cmake-4.3.3-linux/cmake-4.3.3-linux-x86_64/bin/cmake" "/home/runner/workspace/thirdparty/vcpkg/buildtrees/curl/src/url-8_11_1-50c8f64114.clean" "-G" "Ninja" "-DCMAKE_BUILD_TYPE=Release" "-DCMAKE_INSTALL_PREFIX=/home/runner/workspace/thirdparty/vcpkg/packages/curl_arm64-android" "-DFETCHCONTENT_FULLY_DISCONNECTED=ON" "-DCMAKE_PROJECT_INCLUDE=/home/runner/workspace/thirdparty/vcpkg/buildtrees/versioning_/versions/curl/aae0f4f9dd2f724e673c0d458fc4531626864393/cmake-project-include.cmake" "-DPKG_CONFIG_EXECUTABLE=/home/runner/workspace/.local/bin/pkg-config" "-DUSE_NGHTTP2=OFF" "-DCURL_USE_WOLFSSL=OFF" "-DCURL_USE_OPENSSL=ON" "-DCURL_USE_MBEDTLS=OFF" "-DCURL_USE_LIBSSH2=OFF" "-DBUILD_CURL_EXE=OFF" "-DENABLE_ARES=OFF" "-DCURL_WINDOWS_SSPI=OFF" "-DCURL_BROTLI=OFF" "-DCURL_USE_SCHANNEL=OFF" "-DCURL_USE_SECTRANSP=OFF" "-DUSE_LIBIDN2=OFF" "-DUSE_WIN32_IDN=OFF" "-DCURL_ZSTD=OFF" "-DCURL_USE_LIBPSL=OFF" "-DCURL_USE_GSSAPI=OFF" "-DCURL_USE_GSASL=OFF" "-DCURL_USE_GNUTLS=OFF" "-DCURL_DISABLE_LDAP=ON" "-DCURL_DISABLE_LDAPS=ON" "-DHTTP_ONLY=OFF" "-DCURL_DISABLE_WEBSOCKETS=ON" "-DBUILD_TESTING=OFF" "-DENABLE_CURL_MANUAL=OFF" "-DCURL_CA_FALLBACK=ON" "-DCURL_USE_PKGCONFIG=OFF" "-DCMAKE_DISABLE_FIND_PACKAGE_Perl=ON" "-DCMAKE_MAKE_PROGRAM=/home/runner/workspace/thirdparty/vcpkg/downloads/tools/ninja-1.13.2-linux/ninja" "-DCMAKE_SYSTEM_NAME=Android" "-DCMAKE_SYSTEM_VERSION=28" "-DBUILD_SHARED_LIBS=OFF" "-DVCPKG_CHAINLOAD_TOOLCHAIN_FILE=/home/runner/workspace/thirdparty/vcpkg/scripts/toolchains/android.cmake" "-DVCPKG_TARGET_TRIPLET=arm64-android" "-DVCPKG_SET_CHARSET_FLAG=ON" "-DVCPKG_PLATFORM_TOOLSET=external" "-DCMAKE_EXPORT_NO_PACKAGE_REGISTRY=ON" "-DCMAKE_FIND_PACKAGE_NO_PACKAGE_REGISTRY=ON" "-DCMAKE_FIND_PACKAGE_NO_SYSTEM_PACKAGE_REGISTRY=ON" "-DCMAKE_INSTALL_SYSTEM_RUNTIME_LIBS_SKIP=TRUE" "-DCMAKE_VERBOSE_MAKEFILE=ON" "-DVCPKG_APPLOCAL_DEPS=OFF" "-DCMAKE_TOOLCHAIN_FILE=/home/runner/workspace/thirdparty/vcpkg/scripts/buildsystems/vcpkg.cmake" "-DCMAKE_ERROR_ON_ABSOLUTE_INSTALL_DESTINATION=ON" "-DVCPKG_CXX_FLAGS=" "-DVCPKG_CXX_FLAGS_RELEASE=" "-DVCPKG_CXX_FLAGS_DEBUG=" "-DVCPKG_C_FLAGS=" "-DVCPKG_C_FLAGS_RELEASE=" "-DVCPKG_C_FLAGS_DEBUG=" "-DVCPKG_CRT_LINKAGE=dynamic" "-DVCPKG_LINKER_FLAGS=" "-DVCPKG_LINKER_FLAGS_RELEASE=" "-DVCPKG_LINKER_FLAGS_DEBUG=" "-DVCPKG_TARGET_ARCHITECTURE=arm64" "-DCMAKE_INSTALL_LIBDIR:STRING=lib" "-DCMAKE_INSTALL_BINDIR:STRING=bin" "-D_VCPKG_ROOT_DIR=/home/runner/workspace/thirdparty/vcpkg" "-D_VCPKG_INSTALLED_DIR=/home/runner/workspace/out/build/android-debug/vcpkg_installed" "-DVCPKG_MANIFEST_INSTALL=OFF" "-DANDROID_ABI=arm64-v8a"
-- Using CMake version 4.3.3
-- curl version=[8.11.1-DEV]
CMake Deprecation Warning at /home/runner/workspace/.ndk-tools/android-ndk-r27c/build/cmake/android.toolchain.cmake:35 (cmake_minimum_required):
  Compatibility with CMake < 3.10 will be removed from a future version of
  CMake.

  Update the VERSION argument <min> value.  Or, use the <min>...<max> syntax
  to tell CMake that the project requires at least <min> but has been updated
  to work with policies introduced by <max> or earlier.
Call Stack (most recent call first):
  /home/runner/workspace/thirdparty/vcpkg/scripts/toolchains/android.cmake:32 (include)
  /home/runner/workspace/thirdparty/vcpkg/scripts/buildsystems/vcpkg.cmake:210 (include)
  /home/runner/workspace/thirdparty/vcpkg/downloads/tools/cmake-4.3.3-linux/cmake-4.3.3-linux-x86_64/share/cmake-4.3/Modules/CMakeDetermineSystem.cmake:146 (include)
  CMakeLists.txt:94 (project)


CMake Deprecation Warning at /home/runner/workspace/.ndk-tools/android-ndk-r27c/build/cmake/android-legacy.toolchain.cmake:35 (cmake_minimum_required):
  Compatibility with CMake < 3.10 will be removed from a future version of
  CMake.

  Update the VERSION argument <min> value.  Or, use the <min>...<max> syntax
  to tell CMake that the project requires at least <min> but has been updated
  to work with policies introduced by <max> or earlier.
Call Stack (most recent call first):
  /home/runner/workspace/.ndk-tools/android-ndk-r27c/build/cmake/android.toolchain.cmake:55 (include)
  /home/runner/workspace/thirdparty/vcpkg/scripts/toolchains/android.cmake:32 (include)
  /home/runner/workspace/thirdparty/vcpkg/scripts/buildsystems/vcpkg.cmake:210 (include)
  /home/runner/workspace/thirdparty/vcpkg/downloads/tools/cmake-4.3.3-linux/cmake-4.3.3-linux-x86_64/share/cmake-4.3/Modules/CMakeDetermineSystem.cmake:146 (include)
  CMakeLists.txt:94 (project)


CMake Deprecation Warning at /home/runner/workspace/.ndk-tools/android-ndk-r27c/build/cmake/android.toolchain.cmake:35 (cmake_minimum_required):
  Compatibility with CMake < 3.10 will be removed from a future version of
  CMake.

  Update the VERSION argument <min> value.  Or, use the <min>...<max> syntax
  to tell CMake that the project requires at least <min> but has been updated
  to work with policies introduced by <max> or earlier.
Call Stack (most recent call first):
  /home/runner/workspace/thirdparty/vcpkg/scripts/toolchains/android.cmake:32 (include)
  /home/runner/workspace/thirdparty/vcpkg/scripts/buildsystems/vcpkg.cmake:210 (include)
  /home/runner/workspace/thirdparty/vcpkg/buildtrees/curl/arm64-android-rel/CMakeFiles/4.3.3/CMakeSystem.cmake:6 (include)
  CMakeLists.txt:94 (project)


-- The C compiler identification is Clang 18.0.3
CMake Deprecation Warning at /home/runner/workspace/.ndk-tools/android-ndk-r27c/build/cmake/flags.cmake:18 (cmake_minimum_required):
  Compatibility with CMake < 3.10 will be removed from a future version of
  CMake.

  Update the VERSION argument <min> value.  Or, use the <min>...<max> syntax
  to tell CMake that the project requires at least <min> but has been updated
  to work with policies introduced by <max> or earlier.
Call Stack (most recent call first):
  /home/runner/workspace/thirdparty/vcpkg/downloads/tools/cmake-4.3.3-linux/cmake-4.3.3-linux-x86_64/share/cmake-4.3/Modules/Platform/Android-Clang.cmake:23 (include)
  /home/runner/workspace/thirdparty/vcpkg/downloads/tools/cmake-4.3.3-linux/cmake-4.3.3-linux-x86_64/share/cmake-4.3/Modules/Platform/Android-Clang-C.cmake:1 (include)
  /home/runner/workspace/thirdparty/vcpkg/downloads/tools/cmake-4.3.3-linux/cmake-4.3.3-linux-x86_64/share/cmake-4.3/Modules/CMakeCInformation.cmake:48 (include)
  CMakeLists.txt:94 (project)


-- Detecting C compiler ABI info
CMake Deprecation Warning at /home/runner/workspace/.ndk-tools/android-ndk-r27c/build/cmake/android.toolchain.cmake:35 (cmake_minimum_required):
  Compatibility with CMake < 3.10 will be removed from a future version of
  CMake.

  Update the VERSION argument <min> value.  Or, use the <min>...<max> syntax
  to tell CMake that the project requires at least <min> but has been updated
  to work with policies introduced by <max> or earlier.
Call Stack (most recent call first):
  /home/runner/workspace/thirdparty/vcpkg/scripts/toolchains/android.cmake:32 (include)
  /home/runner/workspace/thirdparty/vcpkg/scripts/buildsystems/vcpkg.cmake:210 (include)
  /home/runner/workspace/thirdparty/vcpkg/buildtrees/curl/arm64-android-rel/CMakeFiles/4.3.3/CMakeSystem.cmake:6 (include)
  /home/runner/workspace/thirdparty/vcpkg/buildtrees/curl/arm64-android-rel/CMakeFiles/CMakeScratch/TryCompile-eBrTpv/CMakeLists.txt:5 (project)


CMake Deprecation Warning at /home/runner/workspace/.ndk-tools/android-ndk-r27c/build/cmake/android-legacy.toolchain.cmake:35 (cmake_minimum_required):
  Compatibility with CMake < 3.10 will be removed from a future version of
  CMake.

  Update the VERSION argument <min> value.  Or, use the <min>...<max> syntax
  to tell CMake that the project requires at least <min> but has been updated
  to work with policies introduced by <max> or earlier.
Call Stack (most recent call first):
  /home/runner/workspace/.ndk-tools/android-ndk-r27c/build/cmake/android.toolchain.cmake:55 (include)
  /home/runner/workspace/thirdparty/vcpkg/scripts/toolchains/android.cmake:32 (include)
  /home/runner/workspace/thirdparty/vcpkg/scripts/buildsystems/vcpkg.cmake:210 (include)
  /home/runner/workspace/thirdparty/vcpkg/buildtrees/curl/arm64-android-rel/CMakeFiles/4.3.3/CMakeSystem.cmake:6 (include)
  /home/runner/workspace/thirdparty/vcpkg/buildtrees/curl/arm64-android-rel/CMakeFiles/CMakeScratch/TryCompile-eBrTpv/CMakeLists.txt:5 (project)


CMake Deprecation Warning at /home/runner/workspace/.ndk-tools/android-ndk-r27c/build/cmake/flags.cmake:18 (cmake_minimum_required):
  Compatibility with CMake < 3.10 will be removed from a future version of
  CMake.

  Update the VERSION argument <min> value.  Or, use the <min>...<max> syntax
  to tell CMake that the project requires at least <min> but has been updated
  to work with policies introduced by <max> or earlier.
Call Stack (most recent call first):
  /home/runner/workspace/thirdparty/vcpkg/downloads/tools/cmake-4.3.3-linux/cmake-4.3.3-linux-x86_64/share/cmake-4.3/Modules/Platform/Android-Clang.cmake:23 (include)
  /home/runner/workspace/thirdparty/vcpkg/downloads/tools/cmake-4.3.3-linux/cmake-4.3.3-linux-x86_64/share/cmake-4.3/Modules/Platform/Android-Clang-C.cmake:1 (include)
  /home/runner/workspace/thirdparty/vcpkg/downloads/tools/cmake-4.3.3-linux/cmake-4.3.3-linux-x86_64/share/cmake-4.3/Modules/CMakeCInformation.cmake:48 (include)
  /home/runner/workspace/thirdparty/vcpkg/buildtrees/curl/arm64-android-rel/CMakeFiles/CMakeScratch/TryCompile-eBrTpv/CMakeLists.txt:5 (project)


-- Detecting C compiler ABI info - done
-- Check for working C compiler: /home/runner/workspace/.ndk-tools/android-ndk-r27c/toolchains/llvm/prebuilt/linux-x86_64/bin/clang - skipped
-- Detecting C compile features
-- Detecting C compile features - done
-- CMake platform flags: UNIX VCPKG CROSS
-- Cross-compiling: Linux/x86_64 -> Android/aarch64
-- Picky compiler options: -Werror-implicit-function-declaration -Wextra -Wall -pedantic -Wbad-function-cast -Wconversion -Winline -Wmissing-declarations -Wmissing-prototypes -Wnested-externs -Wno-long-long -Wno-multichar -Wpointer-arith -Wshadow -Wsign-compare -Wundef -Wunused -Wwrite-strings -Waddress -Wattributes -Wcast-align -Wdeclaration-after-statement -Wdiv-by-zero -Wempty-body -Wendif-labels -Wfloat-equal -Wformat-security -Wignored-qualifiers -Wmissing-field-initializers -Wmissing-noreturn -Wno-format-nonliteral -Wno-system-headers -Wold-style-definition -Wredundant-decls -Wsign-conversion -Wno-error=sign-conversion -Wstrict-prototypes -Wtype-limits -Wunreachable-code -Wunused-parameter -Wvla -Wshift-sign-overflow -Wshorten-64-to-32 -Wformat=2 -Wlanguage-extension-token -Wdouble-promotion -Wenum-conversion -Wpragmas -Wunused-const-variable -Wheader-guard -Wsometimes-uninitialized -Wcomma -Wmissing-variable-declarations -Wassign-enum -Wextra-semi-stmt -Wimplicit-fallthrough
-- Performing Test HAVE_SOCKADDR_IN6_SIN6_ADDR
CMake Deprecation Warning at /home/runner/workspace/.ndk-tools/android-ndk-r27c/build/cmake/android.toolchain.cmake:35 (cmake_minimum_required):
  Compatibility with CMake < 3.10 will be removed from a future version of
  CMake.

  Update the VERSION argument <min> value.  Or, use the <min>...<max> syntax
  to tell CMake that the project requires at least <min> but has been updated
  to work with policies introduced by <max> or earlier.
Call Stack (most recent call first):
  /home/runner/workspace/thirdparty/vcpkg/scripts/toolchains/android.cmake:32 (include)
  /home/runner/workspace/thirdparty/vcpkg/scripts/buildsystems/vcpkg.cmake:210 (include)
  /home/runner/workspace/thirdparty/vcpkg/buildtrees/curl/arm64-android-rel/CMakeFiles/4.3.3/CMakeSystem.cmake:6 (include)
  /home/runner/workspace/thirdparty/vcpkg/buildtrees/curl/arm64-android-rel/CMakeFiles/CMakeScratch/TryCompile-CZMJu3/CMakeLists.txt:5 (project)


CMake Deprecation Warning at /home/runner/workspace/.ndk-tools/android-ndk-r27c/build/cmake/android-legacy.toolchain.cmake:35 (cmake_minimum_required):
  Compatibility with CMake < 3.10 will be removed from a future version of
  CMake.

  Update the VERSION argument <min> value.  Or, use the <min>...<max> syntax
  to tell CMake that the project requires at least <min> but has been updated
  to work with policies introduced by <max> or earlier.
Call Stack (most recent call first):
  /home/runner/workspace/.ndk-tools/android-ndk-r27c/build/cmake/android.toolchain.cmake:55 (include)
  /home/runner/workspace/thirdparty/vcpkg/scripts/toolchains/android.cmake:32 (include)
  /home/runner/workspace/thirdparty/vcpkg/scripts/buildsystems/vcpkg.cmake:210 (include)
  /home/runner/workspace/thirdparty/vcpkg/buildtrees/curl/arm64-android-rel/CMakeFiles/4.3.3/CMakeSystem.cmake:6 (include)
  /home/runner/workspace/thirdparty/vcpkg/buildtrees/curl/arm64-android-rel/CMakeFiles/CMakeScratch/TryCompile-CZMJu3/CMakeLists.txt:5 (project)


CMake Deprecation Warning at /home/runner/workspace/.ndk-tools/android-ndk-r27c/build/cmake/flags.cmake:18 (cmake_minimum_required):
  Compatibility with CMake < 3.10 will be removed from a future version of
  CMake.

  Update the VERSION argument <min> value.  Or, use the <min>...<max> syntax
  to tell CMake that the project requires at least <min> but has been updated
  to work with policies introduced by <max> or earlier.
Call Stack (most recent call first):
  /home/runner/workspace/thirdparty/vcpkg/downloads/tools/cmake-4.3.3-linux/cmake-4.3.3-linux-x86_64/share/cmake-4.3/Modules/Platform/Android-Clang.cmake:23 (include)
  /home/runner/workspace/thirdparty/vcpkg/downloads/tools/cmake-4.3.3-linux/cmake-4.3.3-linux-x86_64/share/cmake-4.3/Modules/Platform/Android-Clang-C.cmake:1 (include)
  /home/runner/workspace/thirdparty/vcpkg/downloads/tools/cmake-4.3.3-linux/cmake-4.3.3-linux-x86_64/share/cmake-4.3/Modules/CMakeCInformation.cmake:48 (include)
  /home/runner/workspace/thirdparty/vcpkg/buildtrees/curl/arm64-android-rel/CMakeFiles/CMakeScratch/TryCompile-CZMJu3/CMakeLists.txt:5 (project)


-- Performing Test HAVE_SOCKADDR_IN6_SIN6_ADDR - Success
-- Performing Test HAVE_SOCKADDR_IN6_SIN6_SCOPE_ID
CMake Deprecation Warning at /home/runner/workspace/.ndk-tools/android-ndk-r27c/build/cmake/android.toolchain.cmake:35 (cmake_minimum_required):
  Compatibility with CMake < 3.10 will be removed from a future version of
  CMake.

  Update the VERSION argument <min> value.  Or, use the <min>...<max> syntax
  to tell CMake that the project requires at least <min> but has been updated
  to work with policies introduced by <max> or earlier.
Call Stack (most recent call first):
  /home/runner/workspace/thirdparty/vcpkg/scripts/toolchains/android.cmake:32 (include)
  /home/runner/workspace/thirdparty/vcpkg/scripts/buildsystems/vcpkg.cmake:210 (include)
  /home/runner/workspace/thirdparty/vcpkg/buildtrees/curl/arm64-android-rel/CMakeFiles/4.3.3/CMakeSystem.cmake:6 (include)
  /home/runner/workspace/thirdparty/vcpkg/buildtrees/curl/arm64-android-rel/CMakeFiles/CMakeScratch/TryCompile-0AAoKa/CMakeLists.txt:5 (project)


CMake Deprecation Warning at /home/runner/workspace/.ndk-tools/android-ndk-r27c/build/cmake/android-legacy.toolchain.cmake:35 (cmake_minimum_required):
  Compatibility with CMake < 3.10 will be removed from a future version of
  CMake.

  Update the VERSION argument <min> value.  Or, use the <min>...<max> syntax
  to tell CMake that the project requires at least <min> but has been updated
  to work with policies introduced by <max> or earlier.
Call Stack (most recent call first):
  /home/runner/workspace/.ndk-tools/android-ndk-r27c/build/cmake/android.toolchain.cmake:55 (include)
  /home/runner/workspace/thirdparty/vcpkg/scripts/toolchains/android.cmake:32 (include)
  /home/runner/workspace/thirdparty/vcpkg/scripts/buildsystems/vcpkg.cmake:210 (include)
  /home/runner/workspace/thirdparty/vcpkg/buildtrees/curl/arm64-android-rel/CMakeFiles/4.3.3/CMakeSystem.cmake:6 (include)
  /home/runner/workspace/thirdparty/vcpkg/buildtrees/curl/arm64-android-rel/CMakeFiles/CMakeScratch/TryCompile-0AAoKa/CMakeLists.txt:5 (project)


CMake Deprecation Warning at /home/runner/workspace/.ndk-tools/android-ndk-r27c/build/cmake/flags.cmake:18 (cmake_minimum_required):
  Compatibility with CMake < 3.10 will be removed from a future version of
  CMake.

  Update the VERSION argument <min> value.  Or, use the <min>...<max> syntax
  to tell CMake that the project requires at least <min> but has been updated
  to work with policies introduced by <max> or earlier.
Call Stack (most recent call first):
  /home/runner/workspace/thirdparty/vcpkg/downloads/tools/cmake-4.3.3-linux/cmake-4.3.3-linux-x86_64/share/cmake-4.3/Modules/Platform/Android-Clang.cmake:23 (include)
  /home/runner/workspace/thirdparty/vcpkg/downloads/tools/cmake-4.3.3-linux/cmake-4.3.3-linux-x86_64/share/cmake-4.3/Modules/Platform/Android-Clang-C.cmake:1 (include)
  /home/runner/workspace/thirdparty/vcpkg/downloads/tools/cmake-4.3.3-linux/cmake-4.3.3-linux-x86_64/share/cmake-4.3/Modules/CMakeCInformation.cmake:48 (include)
  /home/runner/workspace/thirdparty/vcpkg/buildtrees/curl/arm64-android-rel/CMakeFiles/CMakeScratch/TryCompile-0AAoKa/CMakeLists.txt:5 (project)


-- Performing Test HAVE_SOCKADDR_IN6_SIN6_SCOPE_ID - Success
CMake Warning at CMakeLists.txt:466 (message):
  Perl not found.  Will not build manuals.


-- Performing Test CMAKE_HAVE_LIBC_PTHREAD
CMake Deprecation Warning at /home/runner/workspace/.ndk-tools/android-ndk-r27c/build/cmake/android.toolchain.cmake:35 (cmake_minimum_required):
  Compatibility with CMake < 3.10 will be removed from a future version of
  CMake.

  Update the VERSION argument <min> value.  Or, use the <min>...<max> syntax
  to tell CMake that the project requires at least <min> but has been updated
  to work with policies introduced by <max> or earlier.
Call Stack (most recent call first):
  /home/runner/workspace/thirdparty/vcpkg/scripts/toolchains/android.cmake:32 (include)
  /home/runner/workspace/thirdparty/vcpkg/scripts/buildsystems/vcpkg.cmake:210 (include)
  /home/runner/workspace/thirdparty/vcpkg/buildtrees/curl/arm64-android-rel/CMakeFiles/4.3.3/CMakeSystem.cmake:6 (include)
  /home/runner/workspace/thirdparty/vcpkg/buildtrees/curl/arm64-android-rel/CMakeFiles/CMakeScratch/TryCompile-x4xWFE/CMakeLists.txt:5 (project)


CMake Deprecation Warning at /home/runner/workspace/.ndk-tools/android-ndk-r27c/build/cmake/android-legacy.toolchain.cmake:35 (cmake_minimum_required):
  Compatibility with CMake < 3.10 will be removed from a future version of
  CMake.

  Update the VERSION argument <min> value.  Or, use the <min>...<max> syntax
  to tell CMake that the project requires at least <min> but has been updated
  to work with policies introduced by <max> or earlier.
Call Stack (most recent call first):
  /home/runner/workspace/.ndk-tools/android-ndk-r27c/build/cmake/android.toolchain.cmake:55 (include)
  /home/runner/workspace/thirdparty/vcpkg/scripts/toolchains/android.cmake:32 (include)
  /home/runner/workspace/thirdparty/vcpkg/scripts/buildsystems/vcpkg.cmake:210 (include)
  /home/runner/workspace/thirdparty/vcpkg/buildtrees/curl/arm64-android-rel/CMakeFiles/4.3.3/CMakeSystem.cmake:6 (include)
  /home/runner/workspace/thirdparty/vcpkg/buildtrees/curl/arm64-android-rel/CMakeFiles/CMakeScratch/TryCompile-x4xWFE/CMakeLists.txt:5 (project)


CMake Deprecation Warning at /home/runner/workspace/.ndk-tools/android-ndk-r27c/build/cmake/flags.cmake:18 (cmake_minimum_required):
  Compatibility with CMake < 3.10 will be removed from a future version of
  CMake.

  Update the VERSION argument <min> value.  Or, use the <min>...<max> syntax
  to tell CMake that the project requires at least <min> but has been updated
  to work with policies introduced by <max> or earlier.
Call Stack (most recent call first):
  /home/runner/workspace/thirdparty/vcpkg/downloads/tools/cmake-4.3.3-linux/cmake-4.3.3-linux-x86_64/share/cmake-4.3/Modules/Platform/Android-Clang.cmake:23 (include)
  /home/runner/workspace/thirdparty/vcpkg/downloads/tools/cmake-4.3.3-linux/cmake-4.3.3-linux-x86_64/share/cmake-4.3/Modules/Platform/Android-Clang-C.cmake:1 (include)
  /home/runner/workspace/thirdparty/vcpkg/downloads/tools/cmake-4.3.3-linux/cmake-4.3.3-linux-x86_64/share/cmake-4.3/Modules/CMakeCInformation.cmake:48 (include)
  /home/runner/workspace/thirdparty/vcpkg/buildtrees/curl/arm64-android-rel/CMakeFiles/CMakeScratch/TryCompile-x4xWFE/CMakeLists.txt:5 (project)


-- Performing Test CMAKE_HAVE_LIBC_PTHREAD - Failed
-- Looking for pthread_create in pthreads
CMake Deprecation Warning at /home/runner/workspace/.ndk-tools/android-ndk-r27c/build/cmake/android.toolchain.cmake:35 (cmake_minimum_required):
  Compatibility with CMake < 3.10 will be removed from a future version of
  CMake.

  Update the VERSION argument <min> value.  Or, use the <min>...<max> syntax
  to tell CMake that the project requires at least <min> but has been updated
  to work with policies introduced by <max> or earlier.
Call Stack (most recent call first):
  /home/runner/workspace/thirdparty/vcpkg/scripts/toolchains/android.cmake:32 (include)
  /home/runner/workspace/thirdparty/vcpkg/scripts/buildsystems/vcpkg.cmake:210 (include)
  /home/runner/workspace/thirdparty/vcpkg/buildtrees/curl/arm64-android-rel/CMakeFiles/4.3.3/CMakeSystem.cmake:6 (include)
  /home/runner/workspace/thirdparty/vcpkg/buildtrees/curl/arm64-android-rel/CMakeFiles/CMakeScratch/TryCompile-5AnPHb/CMakeLists.txt:5 (project)


CMake Deprecation Warning at /home/runner/workspace/.ndk-tools/android-ndk-r27c/build/cmake/android-legacy.toolchain.cmake:35 (cmake_minimum_required):
  Compatibility with CMake < 3.10 will be removed from a future version of
  CMake.

  Update the VERSION argument <min> value.  Or, use the <min>...<max> syntax
  to tell CMake that the project requires at least <min> but has been updated
  to work with policies introduced by <max> or earlier.
Call Stack (most recent call first):
  /home/runner/workspace/.ndk-tools/android-ndk-r27c/build/cmake/android.toolchain.cmake:55 (include)
  /home/runner/workspace/thirdparty/vcpkg/scripts/toolchains/android.cmake:32 (include)
  /home/runner/workspace/thirdparty/vcpkg/scripts/buildsystems/vcpkg.cmake:210 (include)
  /home/runner/workspace/thirdparty/vcpkg/buildtrees/curl/arm64-android-rel/CMakeFiles/4.3.3/CMakeSystem.cmake:6 (include)
  /home/runner/workspace/thirdparty/vcpkg/buildtrees/curl/arm64-android-rel/CMakeFiles/CMakeScratch/TryCompile-5AnPHb/CMakeLists.txt:5 (project)


CMake Deprecation Warning at /home/runner/workspace/.ndk-tools/android-ndk-r27c/build/cmake/flags.cmake:18 (cmake_minimum_required):
  Compatibility with CMake < 3.10 will be removed from a future version of
  CMake.

  Update the VERSION argument <min> value.  Or, use the <min>...<max> syntax
  to tell CMake that the project requires at least <min> but has been updated
  to work with policies introduced by <max> or earlier.
Call Stack (most recent call first):
  /home/runner/workspace/thirdparty/vcpkg/downloads/tools/cmake-4.3.3-linux/cmake-4.3.3-linux-x86_64/share/cmake-4.3/Modules/Platform/Android-Clang.cmake:23 (include)
  /home/runner/workspace/thirdparty/vcpkg/downloads/tools/cmake-4.3.3-linux/cmake-4.3.3-linux-x86_64/share/cmake-4.3/Modules/Platform/Android-Clang-C.cmake:1 (include)
  /home/runner/workspace/thirdparty/vcpkg/downloads/tools/cmake-4.3.3-linux/cmake-4.3.3-linux-x86_64/share/cmake-4.3/Modules/CMakeCInformation.cmake:48 (include)
  /home/runner/workspace/thirdparty/vcpkg/buildtrees/curl/arm64-android-rel/CMakeFiles/CMakeScratch/TryCompile-5AnPHb/CMakeLists.txt:5 (project)


-- Looking for pthread_create in pthreads - not found
-- Looking for pthread_create in pthread
CMake Deprecation Warning at /home/runner/workspace/.ndk-tools/android-ndk-r27c/build/cmake/android.toolchain.cmake:35 (cmake_minimum_required):
  Compatibility with CMake < 3.10 will be removed from a future version of
  CMake.

  Update the VERSION argument <min> value.  Or, use the <min>...<max> syntax
  to tell CMake that the project requires at least <min> but has been updated
  to work with policies introduced by <max> or earlier.
Call Stack (most recent call first):
  /home/runner/workspace/thirdparty/vcpkg/scripts/toolchains/android.cmake:32 (include)
  /home/runner/workspace/thirdparty/vcpkg/scripts/buildsystems/vcpkg.cmake:210 (include)
  /home/runner/workspace/thirdparty/vcpkg/buildtrees/curl/arm64-android-rel/CMakeFiles/4.3.3/CMakeSystem.cmake:6 (include)
  /home/runner/workspace/thirdparty/vcpkg/buildtrees/curl/arm64-android-rel/CMakeFiles/CMakeScratch/TryCompile-Y2jfNp/CMakeLists.txt:5 (project)


CMake Deprecation Warning at /home/runner/workspace/.ndk-tools/android-ndk-r27c/build/cmake/android-legacy.toolchain.cmake:35 (cmake_minimum_required):
  Compatibility with CMake < 3.10 will be removed from a future version of
  CMake.

  Update the VERSION argument <min> value.  Or, use the <min>...<max> syntax
  to tell CMake that the project requires at least <min> but has been updated
  to work with policies introduced by <max> or earlier.
Call Stack (most recent call first):
  /home/runner/workspace/.ndk-tools/android-ndk-r27c/build/cmake/android.toolchain.cmake:55 (include)
  /home/runner/workspace/thirdparty/vcpkg/scripts/toolchains/android.cmake:32 (include)
  /home/runner/workspace/thirdparty/vcpkg/scripts/buildsystems/vcpkg.cmake:210 (include)
  /home/runner/workspace/thirdparty/vcpkg/buildtrees/curl/arm64-android-rel/CMakeFiles/4.3.3/CMakeSystem.cmake:6 (include)
  /home/runner/workspace/thirdparty/vcpkg/buildtrees/curl/arm64-android-rel/CMakeFiles/CMakeScratch/TryCompile-Y2jfNp/CMakeLists.txt:5 (project)


CMake Deprecation Warning at /home/runner/workspace/.ndk-tools/android-ndk-r27c/build/cmake/flags.cmake:18 (cmake_minimum_required):
  Compatibility with CMake < 3.10 will be removed from a future version of
  CMake.

  Update the VERSION argument <min> value.  Or, use the <min>...<max> syntax
  to tell CMake that the project requires at least <min> but has been updated
  to work with policies introduced by <max> or earlier.
Call Stack (most recent call first):
  /home/runner/workspace/thirdparty/vcpkg/downloads/tools/cmake-4.3.3-linux/cmake-4.3.3-linux-x86_64/share/cmake-4.3/Modules/Platform/Android-Clang.cmake:23 (include)
  /home/runner/workspace/thirdparty/vcpkg/downloads/tools/cmake-4.3.3-linux/cmake-4.3.3-linux-x86_64/share/cmake-4.3/Modules/Platform/Android-Clang-C.cmake:1 (include)
  /home/runner/workspace/thirdparty/vcpkg/downloads/tools/cmake-4.3.3-linux/cmake-4.3.3-linux-x86_64/share/cmake-4.3/Modules/CMakeCInformation.cmake:48 (include)
  /home/runner/workspace/thirdparty/vcpkg/buildtrees/curl/arm64-android-rel/CMakeFiles/CMakeScratch/TryCompile-Y2jfNp/CMakeLists.txt:5 (project)


-- Looking for pthread_create in pthread - not found
-- Check if compiler accepts -pthread
CMake Deprecation Warning at /home/runner/workspace/.ndk-tools/android-ndk-r27c/build/cmake/android.toolchain.cmake:35 (cmake_minimum_required):
  Compatibility with CMake < 3.10 will be removed from a future version of
  CMake.

  Update the VERSION argument <min> value.  Or, use the <min>...<max> syntax
  to tell CMake that the project requires at least <min> but has been updated
  to work with policies introduced by <max> or earlier.
Call Stack (most recent call first):
  /home/runner/workspace/thirdparty/vcpkg/scripts/toolchains/android.cmake:32 (include)
  /home/runner/workspace/thirdparty/vcpkg/scripts/buildsystems/vcpkg.cmake:210 (include)
  /home/runner/workspace/thirdparty/vcpkg/buildtrees/curl/arm64-android-rel/CMakeFiles/4.3.3/CMakeSystem.cmake:6 (include)
  /home/runner/workspace/thirdparty/vcpkg/buildtrees/curl/arm64-android-rel/CMakeFiles/CMakeScratch/TryCompile-JupZYQ/CMakeLists.txt:5 (project)


CMake Deprecation Warning at /home/runner/workspace/.ndk-tools/android-ndk-r27c/build/cmake/android-legacy.toolchain.cmake:35 (cmake_minimum_required):
  Compatibility with CMake < 3.10 will be removed from a future version of
  CMake.

  Update the VERSION argument <min> value.  Or, use the <min>...<max> syntax
  to tell CMake that the project requires at least <min> but has been updated
  to work with policies introduced by <max> or earlier.
Call Stack (most recent call first):
  /home/runner/workspace/.ndk-tools/android-ndk-r27c/build/cmake/android.toolchain.cmake:55 (include)
  /home/runner/workspace/thirdparty/vcpkg/scripts/toolchains/android.cmake:32 (include)
  /home/runner/workspace/thirdparty/vcpkg/scripts/buildsystems/vcpkg.cmake:210 (include)
  /home/runner/workspace/thirdparty/vcpkg/buildtrees/curl/arm64-android-rel/CMakeFiles/4.3.3/CMakeSystem.cmake:6 (include)
  /home/runner/workspace/thirdparty/vcpkg/buildtrees/curl/arm64-android-rel/CMakeFiles/CMakeScratch/TryCompile-JupZYQ/CMakeLists.txt:5 (project)


CMake Deprecation Warning at /home/runner/workspace/.ndk-tools/android-ndk-r27c/build/cmake/flags.cmake:18 (cmake_minimum_required):
  Compatibility with CMake < 3.10 will be removed from a future version of
  CMake.

  Update the VERSION argument <min> value.  Or, use the <min>...<max> syntax
  to tell CMake that the project requires at least <min> but has been updated
  to work with policies introduced by <max> or earlier.
Call Stack (most recent call first):
  /home/runner/workspace/thirdparty/vcpkg/downloads/tools/cmake-4.3.3-linux/cmake-4.3.3-linux-x86_64/share/cmake-4.3/Modules/Platform/Android-Clang.cmake:23 (include)
  /home/runner/workspace/thirdparty/vcpkg/downloads/tools/cmake-4.3.3-linux/cmake-4.3.3-linux-x86_64/share/cmake-4.3/Modules/Platform/Android-Clang-C.cmake:1 (include)
  /home/runner/workspace/thirdparty/vcpkg/downloads/tools/cmake-4.3.3-linux/cmake-4.3.3-linux-x86_64/share/cmake-4.3/Modules/CMakeCInformation.cmake:48 (include)
  /home/runner/workspace/thirdparty/vcpkg/buildtrees/curl/arm64-android-rel/CMakeFiles/CMakeScratch/TryCompile-JupZYQ/CMakeLists.txt:5 (project)


-- Check if compiler accepts -pthread - yes
-- Found Threads: TRUE
-- Looking for connect in socket
CMake Deprecation Warning at /home/runner/workspace/.ndk-tools/android-ndk-r27c/build/cmake/android.toolchain.cmake:35 (cmake_minimum_required):
  Compatibility with CMake < 3.10 will be removed from a future version of
  CMake.

  Update the VERSION argument <min> value.  Or, use the <min>...<max> syntax
  to tell CMake that the project requires at least <min> but has been updated
  to work with policies introduced by <max> or earlier.
Call Stack (most recent call first):
  /home/runner/workspace/thirdparty/vcpkg/scripts/toolchains/android.cmake:32 (include)
  /home/runner/workspace/thirdparty/vcpkg/scripts/buildsystems/vcpkg.cmake:210 (include)
  /home/runner/workspace/thirdparty/vcpkg/buildtrees/curl/arm64-android-rel/CMakeFiles/4.3.3/CMakeSystem.cmake:6 (include)
  /home/runner/workspace/thirdparty/vcpkg/buildtrees/curl/arm64-android-rel/CMakeFiles/CMakeScratch/TryCompile-vP0yOn/CMakeLists.txt:5 (project)


CMake Deprecation Warning at /home/runner/workspace/.ndk-tools/android-ndk-r27c/build/cmake/android-legacy.toolchain.cmake:35 (cmake_minimum_required):
  Compatibility with CMake < 3.10 will be removed from a future version of
  CMake.

  Update the VERSION argument <min> value.  Or, use the <min>...<max> syntax
  to tell CMake that the project requires at least <min> but has been updated
  to work with policies introduced by <max> or earlier.
Call Stack (most recent call first):
  /home/runner/workspace/.ndk-tools/android-ndk-r27c/build/cmake/android.toolchain.cmake:55 (include)
  /home/runner/workspace/thirdparty/vcpkg/scripts/toolchains/android.cmake:32 (include)
  /home/runner/workspace/thirdparty/vcpkg/scripts/buildsystems/vcpkg.cmake:210 (include)
  /home/runner/workspace/thirdparty/vcpkg/buildtrees/curl/arm64-android-rel/CMakeFiles/4.3.3/CMakeSystem.cmake:6 (include)
  /home/runner/workspace/thirdparty/vcpkg/buildtrees/curl/arm64-android-rel/CMakeFiles/CMakeScratch/TryCompile-vP0yOn/CMakeLists.txt:5 (project)


CMake Deprecation Warning at /home/runner/workspace/.ndk-tools/android-ndk-r27c/build/cmake/flags.cmake:18 (cmake_minimum_required):
  Compatibility with CMake < 3.10 will be removed from a future version of
  CMake.

  Update the VERSION argument <min> value.  Or, use the <min>...<max> syntax
  to tell CMake that the project requires at least <min> but has been updated
  to work with policies introduced by <max> or earlier.
Call Stack (most recent call first):
  /home/runner/workspace/thirdparty/vcpkg/downloads/tools/cmake-4.3.3-linux/cmake-4.3.3-linux-x86_64/share/cmake-4.3/Modules/Platform/Android-Clang.cmake:23 (include)
  /home/runner/workspace/thirdparty/vcpkg/downloads/tools/cmake-4.3.3-linux/cmake-4.3.3-linux-x86_64/share/cmake-4.3/Modules/Platform/Android-Clang-C.cmake:1 (include)
  /home/runner/workspace/thirdparty/vcpkg/downloads/tools/cmake-4.3.3-linux/cmake-4.3.3-linux-x86_64/share/cmake-4.3/Modules/CMakeCInformation.cmake:48 (include)
  /home/runner/workspace/thirdparty/vcpkg/buildtrees/curl/arm64-android-rel/CMakeFiles/CMakeScratch/TryCompile-vP0yOn/CMakeLists.txt:5 (project)


-- Looking for connect in socket - not found
-- Looking for gethostname
CMake Deprecation Warning at /home/runner/workspace/.ndk-tools/android-ndk-r27c/build/cmake/android.toolchain.cmake:35 (cmake_minimum_required):
  Compatibility with CMake < 3.10 will be removed from a future version of
  CMake.

  Update the VERSION argument <min> value.  Or, use the <min>...<max> syntax
  to tell CMake that the project requires at least <min> but has been updated
  to work with policies introduced by <max> or earlier.
Call Stack (most recent call first):
  /home/runner/workspace/thirdparty/vcpkg/scripts/toolchains/android.cmake:32 (include)
  /home/runner/workspace/thirdparty/vcpkg/scripts/buildsystems/vcpkg.cmake:210 (include)
  /home/runner/workspace/thirdparty/vcpkg/buildtrees/curl/arm64-android-rel/CMakeFiles/4.3.3/CMakeSystem.cmake:6 (include)
  /home/runner/workspace/thirdparty/vcpkg/buildtrees/curl/arm64-android-rel/CMakeFiles/CMakeScratch/TryCompile-6V6Pgx/CMakeLists.txt:5 (project)


CMake Deprecation Warning at /home/runner/workspace/.ndk-tools/android-ndk-r27c/build/cmake/android-legacy.toolchain.cmake:35 (cmake_minimum_required):
  Compatibility with CMake < 3.10 will be removed from a future version of
  CMake.

  Update the VERSION argument <min> value.  Or, use the <min>...<max> syntax
  to tell CMake that the project requires at least <min> but has been updated
  to work with policies introduced by <max> or earlier.
Call Stack (most recent call first):
  /home/runner/workspace/.ndk-tools/android-ndk-r27c/build/cmake/android.toolchain.cmake:55 (include)
  /home/runner/workspace/thirdparty/vcpkg/scripts/toolchains/android.cmake:32 (include)
  /home/runner/workspace/thirdparty/vcpkg/scripts/buildsystems/vcpkg.cmake:210 (include)
  /home/runner/workspace/thirdparty/vcpkg/buildtrees/curl/arm64-android-rel/CMakeFiles/4.3.3/CMakeSystem.cmake:6 (include)
  /home/runner/workspace/thirdparty/vcpkg/buildtrees/curl/arm64-android-rel/CMakeFiles/CMakeScratch/TryCompile-6V6Pgx/CMakeLists.txt:5 (project)


CMake Deprecation Warning at /home/runner/workspace/.ndk-tools/android-ndk-r27c/build/cmake/flags.cmake:18 (cmake_minimum_required):
  Compatibility with CMake < 3.10 will be removed from a future version of
  CMake.

  Update the VERSION argument <min> value.  Or, use the <min>...<max> syntax
  to tell CMake that the project requires at least <min> but has been updated
  to work with policies introduced by <max> or earlier.
Call Stack (most recent call first):
  /home/runner/workspace/thirdparty/vcpkg/downloads/tools/cmake-4.3.3-linux/cmake-4.3.3-linux-x86_64/share/cmake-4.3/Modules/Platform/Android-Clang.cmake:23 (include)
  /home/runner/workspace/thirdparty/vcpkg/downloads/tools/cmake-4.3.3-linux/cmake-4.3.3-linux-x86_64/share/cmake-4.3/Modules/Platform/Android-Clang-C.cmake:1 (include)
  /home/runner/workspace/thirdparty/vcpkg/downloads/tools/cmake-4.3.3-linux/cmake-4.3.3-linux-x86_64/share/cmake-4.3/Modules/CMakeCInformation.cmake:48 (include)
  /home/runner/workspace/thirdparty/vcpkg/buildtrees/curl/arm64-android-rel/CMakeFiles/CMakeScratch/TryCompile-6V6Pgx/CMakeLists.txt:5 (project)


-- Looking for gethostname - found
-- Found OpenSSL: /home/runner/workspace/out/build/android-debug/vcpkg_installed/arm64-android/lib/libcrypto.a (found version "3.4.0")
-- Looking for OPENSSL_IS_BORINGSSL
CMake Deprecation Warning at /home/runner/workspace/.ndk-tools/android-ndk-r27c/build/cmake/android.toolchain.cmake:35 (cmake_minimum_required):
  Compatibility with CMake < 3.10 will be removed from a future version of
  CMake.

  Update the VERSION argument <min> value.  Or, use the <min>...<max> syntax
  to tell CMake that the project requires at least <min> but has been updated
  to work with policies introduced by <max> or earlier.
Call Stack (most recent call first):
  /home/runner/workspace/thirdparty/vcpkg/scripts/toolchains/android.cmake:32 (include)
  /home/runner/workspace/thirdparty/vcpkg/scripts/buildsystems/vcpkg.cmake:210 (include)
  /home/runner/workspace/thirdparty/vcpkg/buildtrees/curl/arm64-android-rel/CMakeFiles/4.3.3/CMakeSystem.cmake:6 (include)
  /home/runner/workspace/thirdparty/vcpkg/buildtrees/curl/arm64-android-rel/CMakeFiles/CMakeScratch/TryCompile-GJltLz/CMakeLists.txt:5 (project)


CMake Deprecation Warning at /home/runner/workspace/.ndk-tools/android-ndk-r27c/build/cmake/android-legacy.toolchain.cmake:35 (cmake_minimum_required):
  Compatibility with CMake < 3.10 will be removed from a future version of
  CMake.

  Update the VERSION argument <min> value.  Or, use the <min>...<max> syntax
  to tell CMake that the project requires at least <min> but has been updated
  to work with policies introduced by <max> or earlier.
Call Stack (most recent call first):
  /home/runner/workspace/.ndk-tools/android-ndk-r27c/build/cmake/android.toolchain.cmake:55 (include)
  /home/runner/workspace/thirdparty/vcpkg/scripts/toolchains/android.cmake:32 (include)
  /home/runner/workspace/thirdparty/vcpkg/scripts/buildsystems/vcpkg.cmake:210 (include)
  /home/runner/workspace/thirdparty/vcpkg/buildtrees/curl/arm64-android-rel/CMakeFiles/4.3.3/CMakeSystem.cmake:6 (include)
  /home/runner/workspace/thirdparty/vcpkg/buildtrees/curl/arm64-android-rel/CMakeFiles/CMakeScratch/TryCompile-GJltLz/CMakeLists.txt:5 (project)


CMake Deprecation Warning at /home/runner/workspace/.ndk-tools/android-ndk-r27c/build/cmake/flags.cmake:18 (cmake_minimum_required):
  Compatibility with CMake < 3.10 will be removed from a future version of
  CMake.

  Update the VERSION argument <min> value.  Or, use the <min>...<max> syntax
  to tell CMake that the project requires at least <min> but has been updated
  to work with policies introduced by <max> or earlier.
Call Stack (most recent call first):
  /home/runner/workspace/thirdparty/vcpkg/downloads/tools/cmake-4.3.3-linux/cmake-4.3.3-linux-x86_64/share/cmake-4.3/Modules/Platform/Android-Clang.cmake:23 (include)
  /home/runner/workspace/thirdparty/vcpkg/downloads/tools/cmake-4.3.3-linux/cmake-4.3.3-linux-x86_64/share/cmake-4.3/Modules/Platform/Android-Clang-C.cmake:1 (include)
  /home/runner/workspace/thirdparty/vcpkg/downloads/tools/cmake-4.3.3-linux/cmake-4.3.3-linux-x86_64/share/cmake-4.3/Modules/CMakeCInformation.cmake:48 (include)
  /home/runner/workspace/thirdparty/vcpkg/buildtrees/curl/arm64-android-rel/CMakeFiles/CMakeScratch/TryCompile-GJltLz/CMakeLists.txt:5 (project)


-- Looking for OPENSSL_IS_BORINGSSL - not found
-- Looking for OPENSSL_IS_AWSLC
CMake Deprecation Warning at /home/runner/workspace/.ndk-tools/android-ndk-r27c/build/cmake/android.toolchain.cmake:35 (cmake_minimum_required):
  Compatibility with CMake < 3.10 will be removed from a future version of
  CMake.

  Update the VERSION argument <min> value.  Or, use the <min>...<max> syntax
  to tell CMake that the project requires at least <min> but has been updated
  to work with policies introduced by <max> or earlier.
Call Stack (most recent call first):
  /home/runner/workspace/thirdparty/vcpkg/scripts/toolchains/android.cmake:32 (include)
  /home/runner/workspace/thirdparty/vcpkg/scripts/buildsystems/vcpkg.cmake:210 (include)
  /home/runner/workspace/thirdparty/vcpkg/buildtrees/curl/arm64-android-rel/CMakeFiles/4.3.3/CMakeSystem.cmake:6 (include)
  /home/runner/workspace/thirdparty/vcpkg/buildtrees/curl/arm64-android-rel/CMakeFiles/CMakeScratch/TryCompile-oHVUFQ/CMakeLists.txt:5 (project)


CMake Deprecation Warning at /home/runner/workspace/.ndk-tools/android-ndk-r27c/build/cmake/android-legacy.toolchain.cmake:35 (cmake_minimum_required):
  Compatibility with CMake < 3.10 will be removed from a future version of
  CMake.

  Update the VERSION argument <min> value.  Or, use the <min>...<max> syntax
  to tell CMake that the project requires at least <min> but has been updated
  to work with policies introduced by <max> or earlier.
Call Stack (most recent call first):
  /home/runner/workspace/.ndk-tools/android-ndk-r27c/build/cmake/android.toolchain.cmake:55 (include)
  /home/runner/workspace/thirdparty/vcpkg/scripts/toolchains/android.cmake:32 (include)
  /home/runner/workspace/thirdparty/vcpkg/scripts/buildsystems/vcpkg.cmake:210 (include)
  /home/runner/workspace/thirdparty/vcpkg/buildtrees/curl/arm64-android-rel/CMakeFiles/4.3.3/CMakeSystem.cmake:6 (include)
  /home/runner/workspace/thirdparty/vcpkg/buildtrees/curl/arm64-android-rel/CMakeFiles/CMakeScratch/TryCompile-oHVUFQ/CMakeLists.txt:5 (project)


CMake Deprecation Warning at /home/runner/workspace/.ndk-tools/android-ndk-r27c/build/cmake/flags.cmake:18 (cmake_minimum_required):
  Compatibility with CMake < 3.10 will be removed from a future version of
  CMake.

  Update the VERSION argument <min> value.  Or, use the <min>...<max> syntax
  to tell CMake that the project requires at least <min> but has been updated
  to work with policies introduced by <max> or earlier.
Call Stack (most recent call first):
  /home/runner/workspace/thirdparty/vcpkg/downloads/tools/cmake-4.3.3-linux/cmake-4.3.3-linux-x86_64/share/cmake-4.3/Modules/Platform/Android-Clang.cmake:23 (include)
  /home/runner/workspace/thirdparty/vcpkg/downloads/tools/cmake-4.3.3-linux/cmake-4.3.3-linux-x86_64/share/cmake-4.3/Modules/Platform/Android-Clang-C.cmake:1 (include)
  /home/runner/workspace/thirdparty/vcpkg/downloads/tools/cmake-4.3.3-linux/cmake-4.3.3-linux-x86_64/share/cmake-4.3/Modules/CMakeCInformation.cmake:48 (include)
  /home/runner/workspace/thirdparty/vcpkg/buildtrees/curl/arm64-android-rel/CMakeFiles/CMakeScratch/TryCompile-oHVUFQ/CMakeLists.txt:5 (project)


-- Looking for OPENSSL_IS_AWSLC - not found
-- Found ZLIB: optimized;/home/runner/workspace/out/build/android-debug/vcpkg_installed/arm64-android/lib/libz.a;debug;/home/runner/workspace/out/build/android-debug/vcpkg_installed/arm64-android/debug/lib/libz.a (found version "1.3.1")
-- Looking for SSL_set0_wbio
CMake Deprecation Warning at /home/runner/workspace/.ndk-tools/android-ndk-r27c/build/cmake/android.toolchain.cmake:35 (cmake_minimum_required):
  Compatibility with CMake < 3.10 will be removed from a future version of
  CMake.

  Update the VERSION argument <min> value.  Or, use the <min>...<max> syntax
  to tell CMake that the project requires at least <min> but has been updated
  to work with policies introduced by <max> or earlier.
Call Stack (most recent call first):
  /home/runner/workspace/thirdparty/vcpkg/scripts/toolchains/android.cmake:32 (include)
  /home/runner/workspace/thirdparty/vcpkg/scripts/buildsystems/vcpkg.cmake:210 (include)
  /home/runner/workspace/thirdparty/vcpkg/buildtrees/curl/arm64-android-rel/CMakeFiles/4.3.3/CMakeSystem.cmake:6 (include)
  /home/runner/workspace/thirdparty/vcpkg/buildtrees/curl/arm64-android-rel/CMakeFiles/CMakeScratch/TryCompile-Pl8kTf/CMakeLists.txt:5 (project)


CMake Deprecation Warning at /home/runner/workspace/.ndk-tools/android-ndk-r27c/build/cmake/android-legacy.toolchain.cmake:35 (cmake_minimum_required):
  Compatibility with CMake < 3.10 will be removed from a future version of
  CMake.

  Update the VERSION argument <min> value.  Or, use the <min>...<max> syntax
  to tell CMake that the project requires at least <min> but has been updated
  to work with policies introduced by <max> or earlier.
Call Stack (most recent call first):
  /home/runner/workspace/.ndk-tools/android-ndk-r27c/build/cmake/android.toolchain.cmake:55 (include)
  /home/runner/workspace/thirdparty/vcpkg/scripts/toolchains/android.cmake:32 (include)
  /home/runner/workspace/thirdparty/vcpkg/scripts/buildsystems/vcpkg.cmake:210 (include)
  /home/runner/workspace/thirdparty/vcpkg/buildtrees/curl/arm64-android-rel/CMakeFiles/4.3.3/CMakeSystem.cmake:6 (include)
  /home/runner/workspace/thirdparty/vcpkg/buildtrees/curl/arm64-android-rel/CMakeFiles/CMakeScratch/TryCompile-Pl8kTf/CMakeLists.txt:5 (project)


CMake Deprecation Warning at /home/runner/workspace/.ndk-tools/android-ndk-r27c/build/cmake/flags.cmake:18 (cmake_minimum_required):
  Compatibility with CMake < 3.10 will be removed from a future version of
  CMake.

  Update the VERSION argument <min> value.  Or, use the <min>...<max> syntax
  to tell CMake that the project requires at least <min> but has been updated
  to work with policies introduced by <max> or earlier.
Call Stack (most recent call first):
  /home/runner/workspace/thirdparty/vcpkg/downloads/tools/cmake-4.3.3-linux/cmake-4.3.3-linux-x86_64/share/cmake-4.3/Modules/Platform/Android-Clang.cmake:23 (include)
  /home/runner/workspace/thirdparty/vcpkg/downloads/tools/cmake-4.3.3-linux/cmake-4.3.3-linux-x86_64/share/cmake-4.3/Modules/Platform/Android-Clang-C.cmake:1 (include)
  /home/runner/workspace/thirdparty/vcpkg/downloads/tools/cmake-4.3.3-linux/cmake-4.3.3-linux-x86_64/share/cmake-4.3/Modules/CMakeCInformation.cmake:48 (include)
  /home/runner/workspace/thirdparty/vcpkg/buildtrees/curl/arm64-android-rel/CMakeFiles/CMakeScratch/TryCompile-Pl8kTf/CMakeLists.txt:5 (project)


-- Looking for SSL_set0_wbio - found
-- Looking for SSL_CTX_set_srp_username
CMake Deprecation Warning at /home/runner/workspace/.ndk-tools/android-ndk-r27c/build/cmake/android.toolchain.cmake:35 (cmake_minimum_required):
  Compatibility with CMake < 3.10 will be removed from a future version of
  CMake.

  Update the VERSION argument <min> value.  Or, use the <min>...<max> syntax
  to tell CMake that the project requires at least <min> but has been updated
  to work with policies introduced by <max> or earlier.
Call Stack (most recent call first):
  /home/runner/workspace/thirdparty/vcpkg/scripts/toolchains/android.cmake:32 (include)
  /home/runner/workspace/thirdparty/vcpkg/scripts/buildsystems/vcpkg.cmake:210 (include)
  /home/runner/workspace/thirdparty/vcpkg/buildtrees/curl/arm64-android-rel/CMakeFiles/4.3.3/CMakeSystem.cmake:6 (include)
  /home/runner/workspace/thirdparty/vcpkg/buildtrees/curl/arm64-android-rel/CMakeFiles/CMakeScratch/TryCompile-aTQ8hB/CMakeLists.txt:5 (project)


CMake Deprecation Warning at /home/runner/workspace/.ndk-tools/android-ndk-r27c/build/cmake/android-legacy.toolchain.cmake:35 (cmake_minimum_required):
  Compatibility with CMake < 3.10 will be removed from a future version of
  CMake.

  Update the VERSION argument <min> value.  Or, use the <min>...<max> syntax
  to tell CMake that the project requires at least <min> but has been updated
  to work with policies introduced by <max> or earlier.
Call Stack (most recent call first):
  /home/runner/workspace/.ndk-tools/android-ndk-r27c/build/cmake/android.toolchain.cmake:55 (include)
  /home/runner/workspace/thirdparty/vcpkg/scripts/toolchains/android.cmake:32 (include)
  /home/runner/workspace/thirdparty/vcpkg/scripts/buildsystems/vcpkg.cmake:210 (include)
  /home/runner/workspace/thirdparty/vcpkg/buildtrees/curl/arm64-android-rel/CMakeFiles/4.3.3/CMakeSystem.cmake:6 (include)
  /home/runner/workspace/thirdparty/vcpkg/buildtrees/curl/arm64-android-rel/CMakeFiles/CMakeScratch/TryCompile-aTQ8hB/CMakeLists.txt:5 (project)


CMake Deprecation Warning at /home/runner/workspace/.ndk-tools/android-ndk-r27c/build/cmake/flags.cmake:18 (cmake_minimum_required):
  Compatibility with CMake < 3.10 will be removed from a future version of
  CMake.

  Update the VERSION argument <min> value.  Or, use the <min>...<max> syntax
  to tell CMake that the project requires at least <min> but has been updated
  to work with policies introduced by <max> or earlier.
Call Stack (most recent call first):
  /home/runner/workspace/thirdparty/vcpkg/downloads/tools/cmake-4.3.3-linux/cmake-4.3.3-linux-x86_64/share/cmake-4.3/Modules/Platform/Android-Clang.cmake:23 (include)
  /home/runner/workspace/thirdparty/vcpkg/downloads/tools/cmake-4.3.3-linux/cmake-4.3.3-linux-x86_64/share/cmake-4.3/Modules/Platform/Android-Clang-C.cmake:1 (include)
  /home/runner/workspace/thirdparty/vcpkg/downloads/tools/cmake-4.3.3-linux/cmake-4.3.3-linux-x86_64/share/cmake-4.3/Modules/CMakeCInformation.cmake:48 (include)
  /home/runner/workspace/thirdparty/vcpkg/buildtrees/curl/arm64-android-rel/CMakeFiles/CMakeScratch/TryCompile-aTQ8hB/CMakeLists.txt:5 (project)


-- Looking for SSL_CTX_set_srp_username - found
-- Performing Test USE_UNIX_SOCKETS
CMake Deprecation Warning at /home/runner/workspace/.ndk-tools/android-ndk-r27c/build/cmake/android.toolchain.cmake:35 (cmake_minimum_required):
  Compatibility with CMake < 3.10 will be removed from a future version of
  CMake.

  Update the VERSION argument <min> value.  Or, use the <min>...<max> syntax
  to tell CMake that the project requires at least <min> but has been updated
  to work with policies introduced by <max> or earlier.
Call Stack (most recent call first):
  /home/runner/workspace/thirdparty/vcpkg/scripts/toolchains/android.cmake:32 (include)
  /home/runner/workspace/thirdparty/vcpkg/scripts/buildsystems/vcpkg.cmake:210 (include)
  /home/runner/workspace/thirdparty/vcpkg/buildtrees/curl/arm64-android-rel/CMakeFiles/4.3.3/CMakeSystem.cmake:6 (include)
  /home/runner/workspace/thirdparty/vcpkg/buildtrees/curl/arm64-android-rel/CMakeFiles/CMakeScratch/TryCompile-dNjeog/CMakeLists.txt:5 (project)


CMake Deprecation Warning at /home/runner/workspace/.ndk-tools/android-ndk-r27c/build/cmake/android-legacy.toolchain.cmake:35 (cmake_minimum_required):
  Compatibility with CMake < 3.10 will be removed from a future version of
  CMake.

  Update the VERSION argument <min> value.  Or, use the <min>...<max> syntax
  to tell CMake that the project requires at least <min> but has been updated
  to work with policies introduced by <max> or earlier.
Call Stack (most recent call first):
  /home/runner/workspace/.ndk-tools/android-ndk-r27c/build/cmake/android.toolchain.cmake:55 (include)
  /home/runner/workspace/thirdparty/vcpkg/scripts/toolchains/android.cmake:32 (include)
  /home/runner/workspace/thirdparty/vcpkg/scripts/buildsystems/vcpkg.cmake:210 (include)
  /home/runner/workspace/thirdparty/vcpkg/buildtrees/curl/arm64-android-rel/CMakeFiles/4.3.3/CMakeSystem.cmake:6 (include)
  /home/runner/workspace/thirdparty/vcpkg/buildtrees/curl/arm64-android-rel/CMakeFiles/CMakeScratch/TryCompile-dNjeog/CMakeLists.txt:5 (project)


CMake Deprecation Warning at /home/runner/workspace/.ndk-tools/android-ndk-r27c/build/cmake/flags.cmake:18 (cmake_minimum_required):
  Compatibility with CMake < 3.10 will be removed from a future version of
  CMake.

  Update the VERSION argument <min> value.  Or, use the <min>...<max> syntax
  to tell CMake that the project requires at least <min> but has been updated
  to work with policies introduced by <max> or earlier.
Call Stack (most recent call first):
  /home/runner/workspace/thirdparty/vcpkg/downloads/tools/cmake-4.3.3-linux/cmake-4.3.3-linux-x86_64/share/cmake-4.3/Modules/Platform/Android-Clang.cmake:23 (include)
  /home/runner/workspace/thirdparty/vcpkg/downloads/tools/cmake-4.3.3-linux/cmake-4.3.3-linux-x86_64/share/cmake-4.3/Modules/Platform/Android-Clang-C.cmake:1 (include)
  /home/runner/workspace/thirdparty/vcpkg/downloads/tools/cmake-4.3.3-linux/cmake-4.3.3-linux-x86_64/share/cmake-4.3/Modules/CMakeCInformation.cmake:48 (include)
  /home/runner/workspace/thirdparty/vcpkg/buildtrees/curl/arm64-android-rel/CMakeFiles/CMakeScratch/TryCompile-dNjeog/CMakeLists.txt:5 (project)


-- Performing Test USE_UNIX_SOCKETS - Success
-- Looking for sys/eventfd.h
CMake Deprecation Warning at /home/runner/workspace/.ndk-tools/android-ndk-r27c/build/cmake/android.toolchain.cmake:35 (cmake_minimum_required):
  Compatibility with CMake < 3.10 will be removed from a future version of
  CMake.

  Update the VERSION argument <min> value.  Or, use the <min>...<max> syntax
  to tell CMake that the project requires at least <min> but has been updated
  to work with policies introduced by <max> or earlier.
Call Stack (most recent call first):
  /home/runner/workspace/thirdparty/vcpkg/scripts/toolchains/android.cmake:32 (include)
  /home/runner/workspace/thirdparty/vcpkg/scripts/buildsystems/vcpkg.cmake:210 (include)
  /home/runner/workspace/thirdparty/vcpkg/buildtrees/curl/arm64-android-rel/CMakeFiles/4.3.3/CMakeSystem.cmake:6 (include)
  /home/runner/workspace/thirdparty/vcpkg/buildtrees/curl/arm64-android-rel/CMakeFiles/CMakeScratch/TryCompile-N5o0Mx/CMakeLists.txt:5 (project)


CMake Deprecation Warning at /home/runner/workspace/.ndk-tools/android-ndk-r27c/build/cmake/android-legacy.toolchain.cmake:35 (cmake_minimum_required):
  Compatibility with CMake < 3.10 will be removed from a future version of
  CMake.

  Update the VERSION argument <min> value.  Or, use the <min>...<max> syntax
  to tell CMake that the project requires at least <min> but has been updated
  to work with policies introduced by <max> or earlier.
Call Stack (most recent call first):
  /home/runner/workspace/.ndk-tools/android-ndk-r27c/build/cmake/android.toolchain.cmake:55 (include)
  /home/runner/workspace/thirdparty/vcpkg/scripts/toolchains/android.cmake:32 (include)
  /home/runner/workspace/thirdparty/vcpkg/scripts/buildsystems/vcpkg.cmake:210 (include)
  /home/runner/workspace/thirdparty/vcpkg/buildtrees/curl/arm64-android-rel/CMakeFiles/4.3.3/CMakeSystem.cmake:6 (include)
  /home/runner/workspace/thirdparty/vcpkg/buildtrees/curl/arm64-android-rel/CMakeFiles/CMakeScratch/TryCompile-N5o0Mx/CMakeLists.txt:5 (project)


CMake Deprecation Warning at /home/runner/workspace/.ndk-tools/android-ndk-r27c/build/cmake/flags.cmake:18 (cmake_minimum_required):
  Compatibility with CMake < 3.10 will be removed from a future version of
  CMake.

  Update the VERSION argument <min> value.  Or, use the <min>...<max> syntax
  to tell CMake that the project requires at least <min> but has been updated
  to work with policies introduced by <max> or earlier.
Call Stack (most recent call first):
  /home/runner/workspace/thirdparty/vcpkg/downloads/tools/cmake-4.3.3-linux/cmake-4.3.3-linux-x86_64/share/cmake-4.3/Modules/Platform/Android-Clang.cmake:23 (include)
  /home/runner/workspace/thirdparty/vcpkg/downloads/tools/cmake-4.3.3-linux/cmake-4.3.3-linux-x86_64/share/cmake-4.3/Modules/Platform/Android-Clang-C.cmake:1 (include)
  /home/runner/workspace/thirdparty/vcpkg/downloads/tools/cmake-4.3.3-linux/cmake-4.3.3-linux-x86_64/share/cmake-4.3/Modules/CMakeCInformation.cmake:48 (include)
  /home/runner/workspace/thirdparty/vcpkg/buildtrees/curl/arm64-android-rel/CMakeFiles/CMakeScratch/TryCompile-N5o0Mx/CMakeLists.txt:5 (project)


-- Looking for sys/eventfd.h - found
-- Looking for sys/filio.h
CMake Deprecation Warning at /home/runner/workspace/.ndk-tools/android-ndk-r27c/build/cmake/android.toolchain.cmake:35 (cmake_minimum_required):
  Compatibility with CMake < 3.10 will be removed from a future version of
  CMake.

  Update the VERSION argument <min> value.  Or, use the <min>...<max> syntax
  to tell CMake that the project requires at least <min> but has been updated
  to work with policies introduced by <max> or earlier.
Call Stack (most recent call first):
  /home/runner/workspace/thirdparty/vcpkg/scripts/toolchains/android.cmake:32 (include)
  /home/runner/workspace/thirdparty/vcpkg/scripts/buildsystems/vcpkg.cmake:210 (include)
  /home/runner/workspace/thirdparty/vcpkg/buildtrees/curl/arm64-android-rel/CMakeFiles/4.3.3/CMakeSystem.cmake:6 (include)
  /home/runner/workspace/thirdparty/vcpkg/buildtrees/curl/arm64-android-rel/CMakeFiles/CMakeScratch/TryCompile-DNcDy2/CMakeLists.txt:5 (project)


CMake Deprecation Warning at /home/runner/workspace/.ndk-tools/android-ndk-r27c/build/cmake/android-legacy.toolchain.cmake:35 (cmake_minimum_required):
  Compatibility with CMake < 3.10 will be removed from a future version of
  CMake.

  Update the VERSION argument <min> value.  Or, use the <min>...<max> syntax
  to tell CMake that the project requires at least <min> but has been updated
  to work with policies introduced by <max> or earlier.
Call Stack (most recent call first):
  /home/runner/workspace/.ndk-tools/android-ndk-r27c/build/cmake/android.toolchain.cmake:55 (include)
  /home/runner/workspace/thirdparty/vcpkg/scripts/toolchains/android.cmake:32 (include)
  /home/runner/workspace/thirdparty/vcpkg/scripts/buildsystems/vcpkg.cmake:210 (include)
  /home/runner/workspace/thirdparty/vcpkg/buildtrees/curl/arm64-android-rel/CMakeFiles/4.3.3/CMakeSystem.cmake:6 (include)
  /home/runner/workspace/thirdparty/vcpkg/buildtrees/curl/arm64-android-rel/CMakeFiles/CMakeScratch/TryCompile-DNcDy2/CMakeLists.txt:5 (project)


CMake Deprecation Warning at /home/runner/workspace/.ndk-tools/android-ndk-r27c/build/cmake/flags.cmake:18 (cmake_minimum_required):
  Compatibility with CMake < 3.10 will be removed from a future version of
  CMake.

  Update the VERSION argument <min> value.  Or, use the <min>...<max> syntax
  to tell CMake that the project requires at least <min> but has been updated
  to work with policies introduced by <max> or earlier.
Call Stack (most recent call first):
  /home/runner/workspace/thirdparty/vcpkg/downloads/tools/cmake-4.3.3-linux/cmake-4.3.3-linux-x86_64/share/cmake-4.3/Modules/Platform/Android-Clang.cmake:23 (include)
  /home/runner/workspace/thirdparty/vcpkg/downloads/tools/cmake-4.3.3-linux/cmake-4.3.3-linux-x86_64/share/cmake-4.3/Modules/Platform/Android-Clang-C.cmake:1 (include)
  /home/runner/workspace/thirdparty/vcpkg/downloads/tools/cmake-4.3.3-linux/cmake-4.3.3-linux-x86_64/share/cmake-4.3/Modules/CMakeCInformation.cmake:48 (include)
  /home/runner/workspace/thirdparty/vcpkg/buildtrees/curl/arm64-android-rel/CMakeFiles/CMakeScratch/TryCompile-DNcDy2/CMakeLists.txt:5 (project)


-- Looking for sys/filio.h - not found
-- Looking for sys/wait.h
CMake Deprecation Warning at /home/runner/workspace/.ndk-tools/android-ndk-r27c/build/cmake/android.toolchain.cmake:35 (cmake_minimum_required):
  Compatibility with CMake < 3.10 will be removed from a future version of
  CMake.

  Update the VERSION argument <min> value.  Or, use the <min>...<max> syntax
  to tell CMake that the project requires at least <min> but has been updated
  to work with policies introduced by <max> or earlier.
Call Stack (most recent call first):
  /home/runner/workspace/thirdparty/vcpkg/scripts/toolchains/android.cmake:32 (include)
  /home/runner/workspace/thirdparty/vcpkg/scripts/buildsystems/vcpkg.cmake:210 (include)
  /home/runner/workspace/thirdparty/vcpkg/buildtrees/curl/arm64-android-rel/CMakeFiles/4.3.3/CMakeSystem.cmake:6 (include)
  /home/runner/workspace/thirdparty/vcpkg/buildtrees/curl/arm64-android-rel/CMakeFiles/CMakeScratch/TryCompile-J1DRgI/CMakeLists.txt:5 (project)


CMake Deprecation Warning at /home/runner/workspace/.ndk-tools/android-ndk-r27c/build/cmake/android-legacy.toolchain.cmake:35 (cmake_minimum_required):
  Compatibility with CMake < 3.10 will be removed from a future version of
  CMake.

  Update the VERSION argument <min> value.  Or, use the <min>...<max> syntax
  to tell CMake that the project requires at least <min> but has been updated
  to work with policies introduced by <max> or earlier.
Call Stack (most recent call first):
  /home/runner/workspace/.ndk-tools/android-ndk-r27c/build/cmake/android.toolchain.cmake:55 (include)
  /home/runner/workspace/thirdparty/vcpkg/scripts/toolchains/android.cmake:32 (include)
  /home/runner/workspace/thirdparty/vcpkg/scripts/buildsystems/vcpkg.cmake:210 (include)
  /home/runner/workspace/thirdparty/vcpkg/buildtrees/curl/arm64-android-rel/CMakeFiles/4.3.3/CMakeSystem.cmake:6 (include)
  /home/runner/workspace/thirdparty/vcpkg/buildtrees/curl/arm64-android-rel/CMakeFiles/CMakeScratch/TryCompile-J1DRgI/CMakeLists.txt:5 (project)


CMake Deprecation Warning at /home/runner/workspace/.ndk-tools/android-ndk-r27c/build/cmake/flags.cmake:18 (cmake_minimum_required):
  Compatibility with CMake < 3.10 will be removed from a future version of
  CMake.

  Update the VERSION argument <min> value.  Or, use the <min>...<max> syntax
  to tell CMake that the project requires at least <min> but has been updated
  to work with policies introduced by <max> or earlier.
Call Stack (most recent call first):
  /home/runner/workspace/thirdparty/vcpkg/downloads/tools/cmake-4.3.3-linux/cmake-4.3.3-linux-x86_64/share/cmake-4.3/Modules/Platform/Android-Clang.cmake:23 (include)
  /home/runner/workspace/thirdparty/vcpkg/downloads/tools/cmake-4.3.3-linux/cmake-4.3.3-linux-x86_64/share/cmake-4.3/Modules/Platform/Android-Clang-C.cmake:1 (include)
  /home/runner/workspace/thirdparty/vcpkg/downloads/tools/cmake-4.3.3-linux/cmake-4.3.3-linux-x86_64/share/cmake-4.3/Modules/CMakeCInformation.cmake:48 (include)
  /home/runner/workspace/thirdparty/vcpkg/buildtrees/curl/arm64-android-rel/CMakeFiles/CMakeScratch/TryCompile-J1DRgI/CMakeLists.txt:5 (project)


-- Looking for sys/wait.h - found
-- Looking for sys/ioctl.h
CMake Deprecation Warning at /home/runner/workspace/.ndk-tools/android-ndk-r27c/build/cmake/android.toolchain.cmake:35 (cmake_minimum_required):
  Compatibility with CMake < 3.10 will be removed from a future version of
  CMake.

  Update the VERSION argument <min> value.  Or, use the <min>...<max> syntax
  to tell CMake that the project requires at least <min> but has been updated
  to work with policies introduced by <max> or earlier.
Call Stack (most recent call first):
  /home/runner/workspace/thirdparty/vcpkg/scripts/toolchains/android.cmake:32 (include)
  /home/runner/workspace/thirdparty/vcpkg/scripts/buildsystems/vcpkg.cmake:210 (include)
  /home/runner/workspace/thirdparty/vcpkg/buildtrees/curl/arm64-android-rel/CMakeFiles/4.3.3/CMakeSystem.cmake:6 (include)
  /home/runner/workspace/thirdparty/vcpkg/buildtrees/curl/arm64-android-rel/CMakeFiles/CMakeScratch/TryCompile-sA9LY1/CMakeLists.txt:5 (project)


CMake Deprecation Warning at /home/runner/workspace/.ndk-tools/android-ndk-r27c/build/cmake/android-legacy.toolchain.cmake:35 (cmake_minimum_required):
  Compatibility with CMake < 3.10 will be removed from a future version of
  CMake.

  Update the VERSION argument <min> value.  Or, use the <min>...<max> syntax
  to tell CMake that the project requires at least <min> but has been updated
  to work with policies introduced by <max> or earlier.
Call Stack (most recent call first):
  /home/runner/workspace/.ndk-tools/android-ndk-r27c/build/cmake/android.toolchain.cmake:55 (include)
  /home/runner/workspace/thirdparty/vcpkg/scripts/toolchains/android.cmake:32 (include)
  /home/runner/workspace/thirdparty/vcpkg/scripts/buildsystems/vcpkg.cmake:210 (include)
  /home/runner/workspace/thirdparty/vcpkg/buildtrees/curl/arm64-android-rel/CMakeFiles/4.3.3/CMakeSystem.cmake:6 (include)
  /home/runner/workspace/thirdparty/vcpkg/buildtrees/curl/arm64-android-rel/CMakeFiles/CMakeScratch/TryCompile-sA9LY1/CMakeLists.txt:5 (project)


CMake Deprecation Warning at /home/runner/workspace/.ndk-tools/android-ndk-r27c/build/cmake/flags.cmake:18 (cmake_minimum_required):
  Compatibility with CMake < 3.10 will be removed from a future version of
  CMake.

  Update the VERSION argument <min> value.  Or, use the <min>...<max> syntax
  to tell CMake that the project requires at least <min> but has been updated
  to work with policies introduced by <max> or earlier.
Call Stack (most recent call first):
  /home/runner/workspace/thirdparty/vcpkg/downloads/tools/cmake-4.3.3-linux/cmake-4.3.3-linux-x86_64/share/cmake-4.3/Modules/Platform/Android-Clang.cmake:23 (include)
  /home/runner/workspace/thirdparty/vcpkg/downloads/tools/cmake-4.3.3-linux/cmake-4.3.3-linux-x86_64/share/cmake-4.3/Modules/Platform/Android-Clang-C.cmake:1 (include)
  /home/runner/workspace/thirdparty/vcpkg/downloads/tools/cmake-4.3.3-linux/cmake-4.3.3-linux-x86_64/share/cmake-4.3/Modules/CMakeCInformation.cmake:48 (include)
  /home/runner/workspace/thirdparty/vcpkg/buildtrees/curl/arm64-android-rel/CMakeFiles/CMakeScratch/TryCompile-sA9LY1/CMakeLists.txt:5 (project)


-- Looking for sys/ioctl.h - found
-- Looking for sys/param.h
CMake Deprecation Warning at /home/runner/workspace/.ndk-tools/android-ndk-r27c/build/cmake/android.toolchain.cmake:35 (cmake_minimum_required):
  Compatibility with CMake < 3.10 will be removed from a future version of
  CMake.

  Update the VERSION argument <min> value.  Or, use the <min>...<max> syntax
  to tell CMake that the project requires at least <min> but has been updated
  to work with policies introduced by <max> or earlier.
Call Stack (most recent call first):
  /home/runner/workspace/thirdparty/vcpkg/scripts/toolchains/android.cmake:32 (include)
  /home/runner/workspace/thirdparty/vcpkg/scripts/buildsystems/vcpkg.cmake:210 (include)
  /home/runner/workspace/thirdparty/vcpkg/buildtrees/curl/arm64-android-rel/CMakeFiles/4.3.3/CMakeSystem.cmake:6 (include)
  /home/runner/workspace/thirdparty/vcpkg/buildtrees/curl/arm64-android-rel/CMakeFiles/CMakeScratch/TryCompile-DNv7pc/CMakeLists.txt:5 (project)


CMake Deprecation Warning at /home/runner/workspace/.ndk-tools/android-ndk-r27c/build/cmake/android-legacy.toolchain.cmake:35 (cmake_minimum_required):
  Compatibility with CMake < 3.10 will be removed from a future version of
  CMake.

  Update the VERSION argument <min> value.  Or, use the <min>...<max> syntax
  to tell CMake that the project requires at least <min> but has been updated
  to work with policies introduced by <max> or earlier.
Call Stack (most recent call first):
  /home/runner/workspace/.ndk-tools/android-ndk-r27c/build/cmake/android.toolchain.cmake:55 (include)
  /home/runner/workspace/thirdparty/vcpkg/scripts/toolchains/android.cmake:32 (include)
  /home/runner/workspace/thirdparty/vcpkg/scripts/buildsystems/vcpkg.cmake:210 (include)
  /home/runner/workspace/thirdparty/vcpkg/buildtrees/curl/arm64-android-rel/CMakeFiles/4.3.3/CMakeSystem.cmake:6 (include)
  /home/runner/workspace/thirdparty/vcpkg/buildtrees/curl/arm64-android-rel/CMakeFiles/CMakeScratch/TryCompile-DNv7pc/CMakeLists.txt:5 (project)


CMake Deprecation Warning at /home/runner/workspace/.ndk-tools/android-ndk-r27c/build/cmake/flags.cmake:18 (cmake_minimum_required):
  Compatibility with CMake < 3.10 will be removed from a future version of
  CMake.

  Update the VERSION argument <min> value.  Or, use the <min>...<max> syntax
  to tell CMake that the project requires at least <min> but has been updated
  to work with policies introduced by <max> or earlier.
Call Stack (most recent call first):
  /home/runner/workspace/thirdparty/vcpkg/downloads/tools/cmake-4.3.3-linux/cmake-4.3.3-linux-x86_64/share/cmake-4.3/Modules/Platform/Android-Clang.cmake:23 (include)
  /home/runner/workspace/thirdparty/vcpkg/downloads/tools/cmake-4.3.3-linux/cmake-4.3.3-linux-x86_64/share/cmake-4.3/Modules/Platform/Android-Clang-C.cmake:1 (include)
  /home/runner/workspace/thirdparty/vcpkg/downloads/tools/cmake-4.3.3-linux/cmake-4.3.3-linux-x86_64/share/cmake-4.3/Modules/CMakeCInformation.cmake:48 (include)
  /home/runner/workspace/thirdparty/vcpkg/buildtrees/curl/arm64-android-rel/CMakeFiles/CMakeScratch/TryCompile-DNv7pc/CMakeLists.txt:5 (project)


-- Looking for sys/param.h - found
-- Looking for sys/poll.h
CMake Deprecation Warning at /home/runner/workspace/.ndk-tools/android-ndk-r27c/build/cmake/android.toolchain.cmake:35 (cmake_minimum_required):
  Compatibility with CMake < 3.10 will be removed from a future version of
  CMake.

  Update the VERSION argument <min> value.  Or, use the <min>...<max> syntax
  to tell CMake that the project requires at least <min> but has been updated
  to work with policies introduced by <max> or earlier.
Call Stack (most recent call first):
  /home/runner/workspace/thirdparty/vcpkg/scripts/toolchains/android.cmake:32 (include)
  /home/runner/workspace/thirdparty/vcpkg/scripts/buildsystems/vcpkg.cmake:210 (include)
  /home/runner/workspace/thirdparty/vcpkg/buildtrees/curl/arm64-android-rel/CMakeFiles/4.3.3/CMakeSystem.cmake:6 (include)
  /home/runner/workspace/thirdparty/vcpkg/buildtrees/curl/arm64-android-rel/CMakeFiles/CMakeScratch/TryCompile-3hhiUL/CMakeLists.txt:5 (project)


CMake Deprecation Warning at /home/runner/workspace/.ndk-tools/android-ndk-r27c/build/cmake/android-legacy.toolchain.cmake:35 (cmake_minimum_required):
  Compatibility with CMake < 3.10 will be removed from a future version of
  CMake.

  Update the VERSION argument <min> value.  Or, use the <min>...<max> syntax
  to tell CMake that the project requires at least <min> but has been updated
  to work with policies introduced by <max> or earlier.
Call Stack (most recent call first):
  /home/runner/workspace/.ndk-tools/android-ndk-r27c/build/cmake/android.toolchain.cmake:55 (include)
  /home/runner/workspace/thirdparty/vcpkg/scripts/toolchains/android.cmake:32 (include)
  /home/runner/workspace/thirdparty/vcpkg/scripts/buildsystems/vcpkg.cmake:210 (include)
  /home/runner/workspace/thirdparty/vcpkg/buildtrees/curl/arm64-android-rel/CMakeFiles/4.3.3/CMakeSystem.cmake:6 (include)
  /home/runner/workspace/thirdparty/vcpkg/buildtrees/curl/arm64-android-rel/CMakeFiles/CMakeScratch/TryCompile-3hhiUL/CMakeLists.txt:5 (project)


CMake Deprecation Warning at /home/runner/workspace/.ndk-tools/android-ndk-r27c/build/cmake/flags.cmake:18 (cmake_minimum_required):
  Compatibility with CMake < 3.10 will be removed from a future version of
  CMake.

  Update the VERSION argument <min> value.  Or, use the <min>...<max> syntax
  to tell CMake that the project requires at least <min> but has been updated
  to work with policies introduced by <max> or earlier.
Call Stack (most recent call first):
  /home/runner/workspace/thirdparty/vcpkg/downloads/tools/cmake-4.3.3-linux/cmake-4.3.3-linux-x86_64/share/cmake-4.3/Modules/Platform/Android-Clang.cmake:23 (include)
  /home/runner/workspace/thirdparty/vcpkg/downloads/tools/cmake-4.3.3-linux/cmake-4.3.3-linux-x86_64/share/cmake-4.3/Modules/Platform/Android-Clang-C.cmake:1 (include)
  /home/runner/workspace/thirdparty/vcpkg/downloads/tools/cmake-4.3.3-linux/cmake-4.3.3-linux-x86_64/share/cmake-4.3/Modules/CMakeCInformation.cmake:48 (include)
  /home/runner/workspace/thirdparty/vcpkg/buildtrees/curl/arm64-android-rel/CMakeFiles/CMakeScratch/TryCompile-3hhiUL/CMakeLists.txt:5 (project)


-- Looking for sys/poll.h - found
-- Looking for sys/resource.h
CMake Deprecation Warning at /home/runner/workspace/.ndk-tools/android-ndk-r27c/build/cmake/android.toolchain.cmake:35 (cmake_minimum_required):
  Compatibility with CMake < 3.10 will be removed from a future version of
  CMake.

  Update the VERSION argument <min> value.  Or, use the <min>...<max> syntax
  to tell CMake that the project requires at least <min> but has been updated
  to work with policies introduced by <max> or earlier.
Call Stack (most recent call first):
  /home/runner/workspace/thirdparty/vcpkg/scripts/toolchains/android.cmake:32 (include)
  /home/runner/workspace/thirdparty/vcpkg/scripts/buildsystems/vcpkg.cmake:210 (include)
  /home/runner/workspace/thirdparty/vcpkg/buildtrees/curl/arm64-android-rel/CMakeFiles/4.3.3/CMakeSystem.cmake:6 (include)
  /home/runner/workspace/thirdparty/vcpkg/buildtrees/curl/arm64-android-rel/CMakeFiles/CMakeScratch/TryCompile-dMNIeW/CMakeLists.txt:5 (project)


CMake Deprecation Warning at /home/runner/workspace/.ndk-tools/android-ndk-r27c/build/cmake/android-legacy.toolchain.cmake:35 (cmake_minimum_required):
  Compatibility with CMake < 3.10 will be removed from a future version of
  CMake.

  Update the VERSION argument <min> value.  Or, use the <min>...<max> syntax
  to tell CMake that the project requires at least <min> but has been updated
  to work with policies introduced by <max> or earlier.
Call Stack (most recent call first):
  /home/runner/workspace/.ndk-tools/android-ndk-r27c/build/cmake/android.toolchain.cmake:55 (include)
  /home/runner/workspace/thirdparty/vcpkg/scripts/toolchains/android.cmake:32 (include)
  /home/runner/workspace/thirdparty/vcpkg/scripts/buildsystems/vcpkg.cmake:210 (include)
  /home/runner/workspace/thirdparty/vcpkg/buildtrees/curl/arm64-android-rel/CMakeFiles/4.3.3/CMakeSystem.cmake:6 (include)
  /home/runner/workspace/thirdparty/vcpkg/buildtrees/curl/arm64-android-rel/CMakeFiles/CMakeScratch/TryCompile-dMNIeW/CMakeLists.txt:5 (project)


CMake Deprecation Warning at /home/runner/workspace/.ndk-tools/android-ndk-r27c/build/cmake/flags.cmake:18 (cmake_minimum_required):
  Compatibility with CMake < 3.10 will be removed from a future version of
  CMake.

  Update the VERSION argument <min> value.  Or, use the <min>...<max> syntax
  to tell CMake that the project requires at least <min> but has been updated
  to work with policies introduced by <max> or earlier.
Call Stack (most recent call first):
  /home/runner/workspace/thirdparty/vcpkg/downloads/tools/cmake-4.3.3-linux/cmake-4.3.3-linux-x86_64/share/cmake-4.3/Modules/Platform/Android-Clang.cmake:23 (include)
  /home/runner/workspace/thirdparty/vcpkg/downloads/tools/cmake-4.3.3-linux/cmake-4.3.3-linux-x86_64/share/cmake-4.3/Modules/Platform/Android-Clang-C.cmake:1 (include)
  /home/runner/workspace/thirdparty/vcpkg/downloads/tools/cmake-4.3.3-linux/cmake-4.3.3-linux-x86_64/share/cmake-4.3/Modules/CMakeCInformation.cmake:48 (include)
  /home/runner/workspace/thirdparty/vcpkg/buildtrees/curl/arm64-android-rel/CMakeFiles/CMakeScratch/TryCompile-dMNIeW/CMakeLists.txt:5 (project)


-- Looking for sys/resource.h - found
-- Looking for include file sys/select.h
CMake Deprecation Warning at /home/runner/workspace/.ndk-tools/android-ndk-r27c/build/cmake/android.toolchain.cmake:35 (cmake_minimum_required):
  Compatibility with CMake < 3.10 will be removed from a future version of
  CMake.

  Update the VERSION argument <min> value.  Or, use the <min>...<max> syntax
  to tell CMake that the project requires at least <min> but has been updated
  to work with policies introduced by <max> or earlier.
Call Stack (most recent call first):
  /home/runner/workspace/thirdparty/vcpkg/scripts/toolchains/android.cmake:32 (include)
  /home/runner/workspace/thirdparty/vcpkg/scripts/buildsystems/vcpkg.cmake:210 (include)
  /home/runner/workspace/thirdparty/vcpkg/buildtrees/curl/arm64-android-rel/CMakeFiles/4.3.3/CMakeSystem.cmake:6 (include)
  /home/runner/workspace/thirdparty/vcpkg/buildtrees/curl/arm64-android-rel/CMakeFiles/CMakeScratch/TryCompile-QNVISa/CMakeLists.txt:5 (project)


CMake Deprecation Warning at /home/runner/workspace/.ndk-tools/android-ndk-r27c/build/cmake/android-legacy.toolchain.cmake:35 (cmake_minimum_required):
  Compatibility with CMake < 3.10 will be removed from a future version of
  CMake.

  Update the VERSION argument <min> value.  Or, use the <min>...<max> syntax
  to tell CMake that the project requires at least <min> but has been updated
  to work with policies introduced by <max> or earlier.
Call Stack (most recent call first):
  /home/runner/workspace/.ndk-tools/android-ndk-r27c/build/cmake/android.toolchain.cmake:55 (include)
  /home/runner/workspace/thirdparty/vcpkg/scripts/toolchains/android.cmake:32 (include)
  /home/runner/workspace/thirdparty/vcpkg/scripts/buildsystems/vcpkg.cmake:210 (include)
  /home/runner/workspace/thirdparty/vcpkg/buildtrees/curl/arm64-android-rel/CMakeFiles/4.3.3/CMakeSystem.cmake:6 (include)
  /home/runner/workspace/thirdparty/vcpkg/buildtrees/curl/arm64-android-rel/CMakeFiles/CMakeScratch/TryCompile-QNVISa/CMakeLists.txt:5 (project)


CMake Deprecation Warning at /home/runner/workspace/.ndk-tools/android-ndk-r27c/build/cmake/flags.cmake:18 (cmake_minimum_required):
  Compatibility with CMake < 3.10 will be removed from a future version of
  CMake.

  Update the VERSION argument <min> value.  Or, use the <min>...<max> syntax
  to tell CMake that the project requires at least <min> but has been updated
  to work with policies introduced by <max> or earlier.
Call Stack (most recent call first):
  /home/runner/workspace/thirdparty/vcpkg/downloads/tools/cmake-4.3.3-linux/cmake-4.3.3-linux-x86_64/share/cmake-4.3/Modules/Platform/Android-Clang.cmake:23 (include)
  /home/runner/workspace/thirdparty/vcpkg/downloads/tools/cmake-4.3.3-linux/cmake-4.3.3-linux-x86_64/share/cmake-4.3/Modules/Platform/Android-Clang-C.cmake:1 (include)
  /home/runner/workspace/thirdparty/vcpkg/downloads/tools/cmake-4.3.3-linux/cmake-4.3.3-linux-x86_64/share/cmake-4.3/Modules/CMakeCInformation.cmake:48 (include)
  /home/runner/workspace/thirdparty/vcpkg/buildtrees/curl/arm64-android-rel/CMakeFiles/CMakeScratch/TryCompile-QNVISa/CMakeLists.txt:5 (project)


-- Looking for include file sys/select.h - found
-- Looking for include files sys/select.h, sys/socket.h
CMake Deprecation Warning at /home/runner/workspace/.ndk-tools/android-ndk-r27c/build/cmake/android.toolchain.cmake:35 (cmake_minimum_required):
  Compatibility with CMake < 3.10 will be removed from a future version of
  CMake.

  Update the VERSION argument <min> value.  Or, use the <min>...<max> syntax
  to tell CMake that the project requires at least <min> but has been updated
  to work with policies introduced by <max> or earlier.
Call Stack (most recent call first):
  /home/runner/workspace/thirdparty/vcpkg/scripts/toolchains/android.cmake:32 (include)
  /home/runner/workspace/thirdparty/vcpkg/scripts/buildsystems/vcpkg.cmake:210 (include)
  /home/runner/workspace/thirdparty/vcpkg/buildtrees/curl/arm64-android-rel/CMakeFiles/4.3.3/CMakeSystem.cmake:6 (include)
  /home/runner/workspace/thirdparty/vcpkg/buildtrees/curl/arm64-android-rel/CMakeFiles/CMakeScratch/TryCompile-mLfCoD/CMakeLists.txt:5 (project)


CMake Deprecation Warning at /home/runner/workspace/.ndk-tools/android-ndk-r27c/build/cmake/android-legacy.toolchain.cmake:35 (cmake_minimum_required):
  Compatibility with CMake < 3.10 will be removed from a future version of
  CMake.

  Update the VERSION argument <min> value.  Or, use the <min>...<max> syntax
  to tell CMake that the project requires at least <min> but has been updated
  to work with policies introduced by <max> or earlier.
Call Stack (most recent call first):
  /home/runner/workspace/.ndk-tools/android-ndk-r27c/build/cmake/android.toolchain.cmake:55 (include)
  /home/runner/workspace/thirdparty/vcpkg/scripts/toolchains/android.cmake:32 (include)
  /home/runner/workspace/thirdparty/vcpkg/scripts/buildsystems/vcpkg.cmake:210 (include)
  /home/runner/workspace/thirdparty/vcpkg/buildtrees/curl/arm64-android-rel/CMakeFiles/4.3.3/CMakeSystem.cmake:6 (include)
  /home/runner/workspace/thirdparty/vcpkg/buildtrees/curl/arm64-android-rel/CMakeFiles/CMakeScratch/TryCompile-mLfCoD/CMakeLists.txt:5 (project)


CMake Deprecation Warning at /home/runner/workspace/.ndk-tools/android-ndk-r27c/build/cmake/flags.cmake:18 (cmake_minimum_required):
  Compatibility with CMake < 3.10 will be removed from a future version of
  CMake.

  Update the VERSION argument <min> value.  Or, use the <min>...<max> syntax
  to tell CMake that the project requires at least <min> but has been updated
  to work with policies introduced by <max> or earlier.
Call Stack (most recent call first):
  /home/runner/workspace/thirdparty/vcpkg/downloads/tools/cmake-4.3.3-linux/cmake-4.3.3-linux-x86_64/share/cmake-4.3/Modules/Platform/Android-Clang.cmake:23 (include)
  /home/runner/workspace/thirdparty/vcpkg/downloads/tools/cmake-4.3.3-linux/cmake-4.3.3-linux-x86_64/share/cmake-4.3/Modules/Platform/Android-Clang-C.cmake:1 (include)
  /home/runner/workspace/thirdparty/vcpkg/downloads/tools/cmake-4.3.3-linux/cmake-4.3.3-linux-x86_64/share/cmake-4.3/Modules/CMakeCInformation.cmake:48 (include)
  /home/runner/workspace/thirdparty/vcpkg/buildtrees/curl/arm64-android-rel/CMakeFiles/CMakeScratch/TryCompile-mLfCoD/CMakeLists.txt:5 (project)


-- Looking for include files sys/select.h, sys/socket.h - found
-- Looking for sys/sockio.h
CMake Deprecation Warning at /home/runner/workspace/.ndk-tools/android-ndk-r27c/build/cmake/android.toolchain.cmake:35 (cmake_minimum_required):
  Compatibility with CMake < 3.10 will be removed from a future version of
  CMake.

  Update the VERSION argument <min> value.  Or, use the <min>...<max> syntax
  to tell CMake that the project requires at least <min> but has been updated
  to work with policies introduced by <max> or earlier.
Call Stack (most recent call first):
  /home/runner/workspace/thirdparty/vcpkg/scripts/toolchains/android.cmake:32 (include)
  /home/runner/workspace/thirdparty/vcpkg/scripts/buildsystems/vcpkg.cmake:210 (include)
  /home/runner/workspace/thirdparty/vcpkg/buildtrees/curl/arm64-android-rel/CMakeFiles/4.3.3/CMakeSystem.cmake:6 (include)
  /home/runner/workspace/thirdparty/vcpkg/buildtrees/curl/arm64-android-rel/CMakeFiles/CMakeScratch/TryCompile-498vMj/CMakeLists.txt:5 (project)


CMake Deprecation Warning at /home/runner/workspace/.ndk-tools/android-ndk-r27c/build/cmake/android-legacy.toolchain.cmake:35 (cmake_minimum_required):
  Compatibility with CMake < 3.10 will be removed from a future version of
  CMake.

  Update the VERSION argument <min> value.  Or, use the <min>...<max> syntax
  to tell CMake that the project requires at least <min> but has been updated
  to work with policies introduced by <max> or earlier.
Call Stack (most recent call first):
  /home/runner/workspace/.ndk-tools/android-ndk-r27c/build/cmake/android.toolchain.cmake:55 (include)
  /home/runner/workspace/thirdparty/vcpkg/scripts/toolchains/android.cmake:32 (include)
  /home/runner/workspace/thirdparty/vcpkg/scripts/buildsystems/vcpkg.cmake:210 (include)
  /home/runner/workspace/thirdparty/vcpkg/buildtrees/curl/arm64-android-rel/CMakeFiles/4.3.3/CMakeSystem.cmake:6 (include)
  /home/runner/workspace/thirdparty/vcpkg/buildtrees/curl/arm64-android-rel/CMakeFiles/CMakeScratch/TryCompile-498vMj/CMakeLists.txt:5 (project)


CMake Deprecation Warning at /home/runner/workspace/.ndk-tools/android-ndk-r27c/build/cmake/flags.cmake:18 (cmake_minimum_required):
  Compatibility with CMake < 3.10 will be removed from a future version of
  CMake.

  Update the VERSION argument <min> value.  Or, use the <min>...<max> syntax
  to tell CMake that the project requires at least <min> but has been updated
  to work with policies introduced by <max> or earlier.
Call Stack (most recent call first):
  /home/runner/workspace/thirdparty/vcpkg/downloads/tools/cmake-4.3.3-linux/cmake-4.3.3-linux-x86_64/share/cmake-4.3/Modules/Platform/Android-Clang.cmake:23 (include)
  /home/runner/workspace/thirdparty/vcpkg/downloads/tools/cmake-4.3.3-linux/cmake-4.3.3-linux-x86_64/share/cmake-4.3/Modules/Platform/Android-Clang-C.cmake:1 (include)
  /home/runner/workspace/thirdparty/vcpkg/downloads/tools/cmake-4.3.3-linux/cmake-4.3.3-linux-x86_64/share/cmake-4.3/Modules/CMakeCInformation.cmake:48 (include)
  /home/runner/workspace/thirdparty/vcpkg/buildtrees/curl/arm64-android-rel/CMakeFiles/CMakeScratch/TryCompile-498vMj/CMakeLists.txt:5 (project)


-- Looking for sys/sockio.h - not found
-- Looking for sys/stat.h
CMake Deprecation Warning at /home/runner/workspace/.ndk-tools/android-ndk-r27c/build/cmake/android.toolchain.cmake:35 (cmake_minimum_required):
  Compatibility with CMake < 3.10 will be removed from a future version of
  CMake.

  Update the VERSION argument <min> value.  Or, use the <min>...<max> syntax
  to tell CMake that the project requires at least <min> but has been updated
  to work with policies introduced by <max> or earlier.
Call Stack (most recent call first):
  /home/runner/workspace/thirdparty/vcpkg/scripts/toolchains/android.cmake:32 (include)
  /home/runner/workspace/thirdparty/vcpkg/scripts/buildsystems/vcpkg.cmake:210 (include)
  /home/runner/workspace/thirdparty/vcpkg/buildtrees/curl/arm64-android-rel/CMakeFiles/4.3.3/CMakeSystem.cmake:6 (include)
  /home/runner/workspace/thirdparty/vcpkg/buildtrees/curl/arm64-android-rel/CMakeFiles/CMakeScratch/TryCompile-5Sg6Vz/CMakeLists.txt:5 (project)


CMake Deprecation Warning at /home/runner/workspace/.ndk-tools/android-ndk-r27c/build/cmake/android-legacy.toolchain.cmake:35 (cmake_minimum_required):
  Compatibility with CMake < 3.10 will be removed from a future version of
  CMake.

  Update the VERSION argument <min> value.  Or, use the <min>...<max> syntax
  to tell CMake that the project requires at least <min> but has been updated
  to work with policies introduced by <max> or earlier.
Call Stack (most recent call first):
  /home/runner/workspace/.ndk-tools/android-ndk-r27c/build/cmake/android.toolchain.cmake:55 (include)
  /home/runner/workspace/thirdparty/vcpkg/scripts/toolchains/android.cmake:32 (include)
  /home/runner/workspace/thirdparty/vcpkg/scripts/buildsystems/vcpkg.cmake:210 (include)
  /home/runner/workspace/thirdparty/vcpkg/buildtrees/curl/arm64-android-rel/CMakeFiles/4.3.3/CMakeSystem.cmake:6 (include)
  /home/runner/workspace/thirdparty/vcpkg/buildtrees/curl/arm64-android-rel/CMakeFiles/CMakeScratch/TryCompile-5Sg6Vz/CMakeLists.txt:5 (project)


CMake Deprecation Warning at /home/runner/workspace/.ndk-tools/android-ndk-r27c/build/cmake/flags.cmake:18 (cmake_minimum_required):
  Compatibility with CMake < 3.10 will be removed from a future version of
  CMake.

  Update the VERSION argument <min> value.  Or, use the <min>...<max> syntax
  to tell CMake that the project requires at least <min> but has been updated
  to work with policies introduced by <max> or earlier.
Call Stack (most recent call first):
  /home/runner/workspace/thirdparty/vcpkg/downloads/tools/cmake-4.3.3-linux/cmake-4.3.3-linux-x86_64/share/cmake-4.3/Modules/Platform/Android-Clang.cmake:23 (include)
  /home/runner/workspace/thirdparty/vcpkg/downloads/tools/cmake-4.3.3-linux/cmake-4.3.3-linux-x86_64/share/cmake-4.3/Modules/Platform/Android-Clang-C.cmake:1 (include)
  /home/runner/workspace/thirdparty/vcpkg/downloads/tools/cmake-4.3.3-linux/cmake-4.3.3-linux-x86_64/share/cmake-4.3/Modules/CMakeCInformation.cmake:48 (include)
  /home/runner/workspace/thirdparty/vcpkg/buildtrees/curl/arm64-android-rel/CMakeFiles/CMakeScratch/TryCompile-5Sg6Vz/CMakeLists.txt:5 (project)


-- Looking for sys/stat.h - found
-- Looking for 3 include files sys/select.h, ..., sys/time.h
CMake Deprecation Warning at /home/runner/workspace/.ndk-tools/android-ndk-r27c/build/cmake/android.toolchain.cmake:35 (cmake_minimum_required):
  Compatibility with CMake < 3.10 will be removed from a future version of
  CMake.

  Update the VERSION argument <min> value.  Or, use the <min>...<max> syntax
  to tell CMake that the project requires at least <min> but has been updated
  to work with policies introduced by <max> or earlier.
Call Stack (most recent call first):
  /home/runner/workspace/thirdparty/vcpkg/scripts/toolchains/android.cmake:32 (include)
  /home/runner/workspace/thirdparty/vcpkg/scripts/buildsystems/vcpkg.cmake:210 (include)
  /home/runner/workspace/thirdparty/vcpkg/buildtrees/curl/arm64-android-rel/CMakeFiles/4.3.3/CMakeSystem.cmake:6 (include)
  /home/runner/workspace/thirdparty/vcpkg/buildtrees/curl/arm64-android-rel/CMakeFiles/CMakeScratch/TryCompile-RXmi4S/CMakeLists.txt:5 (project)


CMake Deprecation Warning at /home/runner/workspace/.ndk-tools/android-ndk-r27c/build/cmake/android-legacy.toolchain.cmake:35 (cmake_minimum_required):
  Compatibility with CMake < 3.10 will be removed from a future version of
  CMake.

  Update the VERSION argument <min> value.  Or, use the <min>...<max> syntax
  to tell CMake that the project requires at least <min> but has been updated
  to work with policies introduced by <max> or earlier.
Call Stack (most recent call first):
  /home/runner/workspace/.ndk-tools/android-ndk-r27c/build/cmake/android.toolchain.cmake:55 (include)
  /home/runner/workspace/thirdparty/vcpkg/scripts/toolchains/android.cmake:32 (include)
  /home/runner/workspace/thirdparty/vcpkg/scripts/buildsystems/vcpkg.cmake:210 (include)
  /home/runner/workspace/thirdparty/vcpkg/buildtrees/curl/arm64-android-rel/CMakeFiles/4.3.3/CMakeSystem.cmake:6 (include)
  /home/runner/workspace/thirdparty/vcpkg/buildtrees/curl/arm64-android-rel/CMakeFiles/CMakeScratch/TryCompile-RXmi4S/CMakeLists.txt:5 (project)


CMake Deprecation Warning at /home/runner/workspace/.ndk-tools/android-ndk-r27c/build/cmake/flags.cmake:18 (cmake_minimum_required):
  Compatibility with CMake < 3.10 will be removed from a future version of
  CMake.

  Update the VERSION argument <min> value.  Or, use the <min>...<max> syntax
  to tell CMake that the project requires at least <min> but has been updated
  to work with policies introduced by <max> or earlier.
Call Stack (most recent call first):
  /home/runner/workspace/thirdparty/vcpkg/downloads/tools/cmake-4.3.3-linux/cmake-4.3.3-linux-x86_64/share/cmake-4.3/Modules/Platform/Android-Clang.cmake:23 (include)
  /home/runner/workspace/thirdparty/vcpkg/downloads/tools/cmake-4.3.3-linux/cmake-4.3.3-linux-x86_64/share/cmake-4.3/Modules/Platform/Android-Clang-C.cmake:1 (include)
  /home/runner/workspace/thirdparty/vcpkg/downloads/tools/cmake-4.3.3-linux/cmake-4.3.3-linux-x86_64/share/cmake-4.3/Modules/CMakeCInformation.cmake:48 (include)
  /home/runner/workspace/thirdparty/vcpkg/buildtrees/curl/arm64-android-rel/CMakeFiles/CMakeScratch/TryCompile-RXmi4S/CMakeLists.txt:5 (project)


-- Looking for 3 include files sys/select.h, ..., sys/time.h - found
-- Looking for 4 include files sys/select.h, ..., sys/types.h
CMake Deprecation Warning at /home/runner/workspace/.ndk-tools/android-ndk-r27c/build/cmake/android.toolchain.cmake:35 (cmake_minimum_required):
  Compatibility with CMake < 3.10 will be removed from a future version of
  CMake.

  Update the VERSION argument <min> value.  Or, use the <min>...<max> syntax
  to tell CMake that the project requires at least <min> but has been updated
  to work with policies introduced by <max> or earlier.
Call Stack (most recent call first):
  /home/runner/workspace/thirdparty/vcpkg/scripts/toolchains/android.cmake:32 (include)
  /home/runner/workspace/thirdparty/vcpkg/scripts/buildsystems/vcpkg.cmake:210 (include)
  /home/runner/workspace/thirdparty/vcpkg/buildtrees/curl/arm64-android-rel/CMakeFiles/4.3.3/CMakeSystem.cmake:6 (include)
  /home/runner/workspace/thirdparty/vcpkg/buildtrees/curl/arm64-android-rel/CMakeFiles/CMakeScratch/TryCompile-m6hYsC/CMakeLists.txt:5 (project)


CMake Deprecation Warning at /home/runner/workspace/.ndk-tools/android-ndk-r27c/build/cmake/android-legacy.toolchain.cmake:35 (cmake_minimum_required):
  Compatibility with CMake < 3.10 will be removed from a future version of
  CMake.

  Update the VERSION argument <min> value.  Or, use the <min>...<max> syntax
  to tell CMake that the project requires at least <min> but has been updated
  to work with policies introduced by <max> or earlier.
Call Stack (most recent call first):
  /home/runner/workspace/.ndk-tools/android-ndk-r27c/build/cmake/android.toolchain.cmake:55 (include)
  /home/runner/workspace/thirdparty/vcpkg/scripts/toolchains/android.cmake:32 (include)
  /home/runner/workspace/thirdparty/vcpkg/scripts/buildsystems/vcpkg.cmake:210 (include)
  /home/runner/workspace/thirdparty/vcpkg/buildtrees/curl/arm64-android-rel/CMakeFiles/4.3.3/CMakeSystem.cmake:6 (include)
  /home/runner/workspace/thirdparty/vcpkg/buildtrees/curl/arm64-android-rel/CMakeFiles/CMakeScratch/TryCompile-m6hYsC/CMakeLists.txt:5 (project)


CMake Deprecation Warning at /home/runner/workspace/.ndk-tools/android-ndk-r27c/build/cmake/flags.cmake:18 (cmake_minimum_required):
  Compatibility with CMake < 3.10 will be removed from a future version of
  CMake.

  Update the VERSION argument <min> value.  Or, use the <min>...<max> syntax
  to tell CMake that the project requires at least <min> but has been updated
  to work with policies introduced by <max> or earlier.
Call Stack (most recent call first):
  /home/runner/workspace/thirdparty/vcpkg/downloads/tools/cmake-4.3.3-linux/cmake-4.3.3-linux-x86_64/share/cmake-4.3/Modules/Platform/Android-Clang.cmake:23 (include)
  /home/runner/workspace/thirdparty/vcpkg/downloads/tools/cmake-4.3.3-linux/cmake-4.3.3-linux-x86_64/share/cmake-4.3/Modules/Platform/Android-Clang-C.cmake:1 (include)
  /home/runner/workspace/thirdparty/vcpkg/downloads/tools/cmake-4.3.3-linux/cmake-4.3.3-linux-x86_64/share/cmake-4.3/Modules/CMakeCInformation.cmake:48 (include)
  /home/runner/workspace/thirdparty/vcpkg/buildtrees/curl/arm64-android-rel/CMakeFiles/CMakeScratch/TryCompile-m6hYsC/CMakeLists.txt:5 (project)


-- Looking for 4 include files sys/select.h, ..., sys/types.h - found
-- Looking for sys/un.h
CMake Deprecation Warning at /home/runner/workspace/.ndk-tools/android-ndk-r27c/build/cmake/android.toolchain.cmake:35 (cmake_minimum_required):
  Compatibility with CMake < 3.10 will be removed from a future version of
  CMake.

  Update the VERSION argument <min> value.  Or, use the <min>...<max> syntax
  to tell CMake that the project requires at least <min> but has been updated
  to work with policies introduced by <max> or earlier.
Call Stack (most recent call first):
  /home/runner/workspace/thirdparty/vcpkg/scripts/toolchains/android.cmake:32 (include)
  /home/runner/workspace/thirdparty/vcpkg/scripts/buildsystems/vcpkg.cmake:210 (include)
  /home/runner/workspace/thirdparty/vcpkg/buildtrees/curl/arm64-android-rel/CMakeFiles/4.3.3/CMakeSystem.cmake:6 (include)
  /home/runner/workspace/thirdparty/vcpkg/buildtrees/curl/arm64-android-rel/CMakeFiles/CMakeScratch/TryCompile-JHVHqA/CMakeLists.txt:5 (project)


CMake Deprecation Warning at /home/runner/workspace/.ndk-tools/android-ndk-r27c/build/cmake/android-legacy.toolchain.cmake:35 (cmake_minimum_required):
  Compatibility with CMake < 3.10 will be removed from a future version of
  CMake.

  Update the VERSION argument <min> value.  Or, use the <min>...<max> syntax
  to tell CMake that the project requires at least <min> but has been updated
  to work with policies introduced by <max> or earlier.
Call Stack (most recent call first):
  /home/runner/workspace/.ndk-tools/android-ndk-r27c/build/cmake/android.toolchain.cmake:55 (include)
  /home/runner/workspace/thirdparty/vcpkg/scripts/toolchains/android.cmake:32 (include)
  /home/runner/workspace/thirdparty/vcpkg/scripts/buildsystems/vcpkg.cmake:210 (include)
  /home/runner/workspace/thirdparty/vcpkg/buildtrees/curl/arm64-android-rel/CMakeFiles/4.3.3/CMakeSystem.cmake:6 (include)
  /home/runner/workspace/thirdparty/vcpkg/buildtrees/curl/arm64-android-rel/CMakeFiles/CMakeScratch/TryCompile-JHVHqA/CMakeLists.txt:5 (project)


CMake Deprecation Warning at /home/runner/workspace/.ndk-tools/android-ndk-r27c/build/cmake/flags.cmake:18 (cmake_minimum_required):
  Compatibility with CMake < 3.10 will be removed from a future version of
  CMake.

  Update the VERSION argument <min> value.  Or, use the <min>...<max> syntax
  to tell CMake that the project requires at least <min> but has been updated
  to work with policies introduced by <max> or earlier.
Call Stack (most recent call first):
  /home/runner/workspace/thirdparty/vcpkg/downloads/tools/cmake-4.3.3-linux/cmake-4.3.3-linux-x86_64/share/cmake-4.3/Modules/Platform/Android-Clang.cmake:23 (include)
  /home/runner/workspace/thirdparty/vcpkg/downloads/tools/cmake-4.3.3-linux/cmake-4.3.3-linux-x86_64/share/cmake-4.3/Modules/Platform/Android-Clang-C.cmake:1 (include)
  /home/runner/workspace/thirdparty/vcpkg/downloads/tools/cmake-4.3.3-linux/cmake-4.3.3-linux-x86_64/share/cmake-4.3/Modules/CMakeCInformation.cmake:48 (include)
  /home/runner/workspace/thirdparty/vcpkg/buildtrees/curl/arm64-android-rel/CMakeFiles/CMakeScratch/TryCompile-JHVHqA/CMakeLists.txt:5 (project)


-- Looking for sys/un.h - found
-- Looking for sys/utime.h
CMake Deprecation Warning at /home/runner/workspace/.ndk-tools/android-ndk-r27c/build/cmake/android.toolchain.cmake:35 (cmake_minimum_required):
  Compatibility with CMake < 3.10 will be removed from a future version of
  CMake.

  Update the VERSION argument <min> value.  Or, use the <min>...<max> syntax
  to tell CMake that the project requires at least <min> but has been updated
  to work with policies introduced by <max> or earlier.
Call Stack (most recent call first):
  /home/runner/workspace/thirdparty/vcpkg/scripts/toolchains/android.cmake:32 (include)
  /home/runner/workspace/thirdparty/vcpkg/scripts/buildsystems/vcpkg.cmake:210 (include)
  /home/runner/workspace/thirdparty/vcpkg/buildtrees/curl/arm64-android-rel/CMakeFiles/4.3.3/CMakeSystem.cmake:6 (include)
  /home/runner/workspace/thirdparty/vcpkg/buildtrees/curl/arm64-android-rel/CMakeFiles/CMakeScratch/TryCompile-shSDzj/CMakeLists.txt:5 (project)


CMake Deprecation Warning at /home/runner/workspace/.ndk-tools/android-ndk-r27c/build/cmake/android-legacy.toolchain.cmake:35 (cmake_minimum_required):
  Compatibility with CMake < 3.10 will be removed from a future version of
  CMake.

  Update the VERSION argument <min> value.  Or, use the <min>...<max> syntax
  to tell CMake that the project requires at least <min> but has been updated
  to work with policies introduced by <max> or earlier.
Call Stack (most recent call first):
  /home/runner/workspace/.ndk-tools/android-ndk-r27c/build/cmake/android.toolchain.cmake:55 (include)
  /home/runner/workspace/thirdparty/vcpkg/scripts/toolchains/android.cmake:32 (include)
  /home/runner/workspace/thirdparty/vcpkg/scripts/buildsystems/vcpkg.cmake:210 (include)
  /home/runner/workspace/thirdparty/vcpkg/buildtrees/curl/arm64-android-rel/CMakeFiles/4.3.3/CMakeSystem.cmake:6 (include)
  /home/runner/workspace/thirdparty/vcpkg/buildtrees/curl/arm64-android-rel/CMakeFiles/CMakeScratch/TryCompile-shSDzj/CMakeLists.txt:5 (project)


CMake Deprecation Warning at /home/runner/workspace/.ndk-tools/android-ndk-r27c/build/cmake/flags.cmake:18 (cmake_minimum_required):
  Compatibility with CMake < 3.10 will be removed from a future version of
  CMake.

  Update the VERSION argument <min> value.  Or, use the <min>...<max> syntax
  to tell CMake that the project requires at least <min> but has been updated
  to work with policies introduced by <max> or earlier.
Call Stack (most recent call first):
  /home/runner/workspace/thirdparty/vcpkg/downloads/tools/cmake-4.3.3-linux/cmake-4.3.3-linux-x86_64/share/cmake-4.3/Modules/Platform/Android-Clang.cmake:23 (include)
  /home/runner/workspace/thirdparty/vcpkg/downloads/tools/cmake-4.3.3-linux/cmake-4.3.3-linux-x86_64/share/cmake-4.3/Modules/Platform/Android-Clang-C.cmake:1 (include)
  /home/runner/workspace/thirdparty/vcpkg/downloads/tools/cmake-4.3.3-linux/cmake-4.3.3-linux-x86_64/share/cmake-4.3/Modules/CMakeCInformation.cmake:48 (include)
  /home/runner/workspace/thirdparty/vcpkg/buildtrees/curl/arm64-android-rel/CMakeFiles/CMakeScratch/TryCompile-shSDzj/CMakeLists.txt:5 (project)


-- Looking for sys/utime.h - not found
-- Looking for sys/xattr.h
CMake Deprecation Warning at /home/runner/workspace/.ndk-tools/android-ndk-r27c/build/cmake/android.toolchain.cmake:35 (cmake_minimum_required):
  Compatibility with CMake < 3.10 will be removed from a future version of
  CMake.

  Update the VERSION argument <min> value.  Or, use the <min>...<max> syntax
  to tell CMake that the project requires at least <min> but has been updated
  to work with policies introduced by <max> or earlier.
Call Stack (most recent call first):
  /home/runner/workspace/thirdparty/vcpkg/scripts/toolchains/android.cmake:32 (include)
  /home/runner/workspace/thirdparty/vcpkg/scripts/buildsystems/vcpkg.cmake:210 (include)
  /home/runner/workspace/thirdparty/vcpkg/buildtrees/curl/arm64-android-rel/CMakeFiles/4.3.3/CMakeSystem.cmake:6 (include)
  /home/runner/workspace/thirdparty/vcpkg/buildtrees/curl/arm64-android-rel/CMakeFiles/CMakeScratch/TryCompile-Aqvqsx/CMakeLists.txt:5 (project)


CMake Deprecation Warning at /home/runner/workspace/.ndk-tools/android-ndk-r27c/build/cmake/android-legacy.toolchain.cmake:35 (cmake_minimum_required):
  Compatibility with CMake < 3.10 will be removed from a future version of
  CMake.

  Update the VERSION argument <min> value.  Or, use the <min>...<max> syntax
  to tell CMake that the project requires at least <min> but has been updated
  to work with policies introduced by <max> or earlier.
Call Stack (most recent call first):
  /home/runner/workspace/.ndk-tools/android-ndk-r27c/build/cmake/android.toolchain.cmake:55 (include)
  /home/runner/workspace/thirdparty/vcpkg/scripts/toolchains/android.cmake:32 (include)
  /home/runner/workspace/thirdparty/vcpkg/scripts/buildsystems/vcpkg.cmake:210 (include)
  /home/runner/workspace/thirdparty/vcpkg/buildtrees/curl/arm64-android-rel/CMakeFiles/4.3.3/CMakeSystem.cmake:6 (include)
  /home/runner/workspace/thirdparty/vcpkg/buildtrees/curl/arm64-android-rel/CMakeFiles/CMakeScratch/TryCompile-Aqvqsx/CMakeLists.txt:5 (project)


CMake Deprecation Warning at /home/runner/workspace/.ndk-tools/android-ndk-r27c/build/cmake/flags.cmake:18 (cmake_minimum_required):
  Compatibility with CMake < 3.10 will be removed from a future version of
  CMake.

  Update the VERSION argument <min> value.  Or, use the <min>...<max> syntax
  to tell CMake that the project requires at least <min> but has been updated
  to work with policies introduced by <max> or earlier.
Call Stack (most recent call first):
  /home/runner/workspace/thirdparty/vcpkg/downloads/tools/cmake-4.3.3-linux/cmake-4.3.3-linux-x86_64/share/cmake-4.3/Modules/Platform/Android-Clang.cmake:23 (include)
  /home/runner/workspace/thirdparty/vcpkg/downloads/tools/cmake-4.3.3-linux/cmake-4.3.3-linux-x86_64/share/cmake-4.3/Modules/Platform/Android-Clang-C.cmake:1 (include)
  /home/runner/workspace/thirdparty/vcpkg/downloads/tools/cmake-4.3.3-linux/cmake-4.3.3-linux-x86_64/share/cmake-4.3/Modules/CMakeCInformation.cmake:48 (include)
  /home/runner/workspace/thirdparty/vcpkg/buildtrees/curl/arm64-android-rel/CMakeFiles/CMakeScratch/TryCompile-Aqvqsx/CMakeLists.txt:5 (project)


-- Looking for sys/xattr.h - found
-- Looking for 5 include files sys/select.h, ..., arpa/inet.h
CMake Deprecation Warning at /home/runner/workspace/.ndk-tools/android-ndk-r27c/build/cmake/android.toolchain.cmake:35 (cmake_minimum_required):
  Compatibility with CMake < 3.10 will be removed from a future version of
  CMake.

  Update the VERSION argument <min> value.  Or, use the <min>...<max> syntax
  to tell CMake that the project requires at least <min> but has been updated
  to work with policies introduced by <max> or earlier.
Call Stack (most recent call first):
  /home/runner/workspace/thirdparty/vcpkg/scripts/toolchains/android.cmake:32 (include)
  /home/runner/workspace/thirdparty/vcpkg/scripts/buildsystems/vcpkg.cmake:210 (include)
  /home/runner/workspace/thirdparty/vcpkg/buildtrees/curl/arm64-android-rel/CMakeFiles/4.3.3/CMakeSystem.cmake:6 (include)
  /home/runner/workspace/thirdparty/vcpkg/buildtrees/curl/arm64-android-rel/CMakeFiles/CMakeScratch/TryCompile-FwUumQ/CMakeLists.txt:5 (project)


CMake Deprecation Warning at /home/runner/workspace/.ndk-tools/android-ndk-r27c/build/cmake/android-legacy.toolchain.cmake:35 (cmake_minimum_required):
  Compatibility with CMake < 3.10 will be removed from a future version of
  CMake.

  Update the VERSION argument <min> value.  Or, use the <min>...<max> syntax
  to tell CMake that the project requires at least <min> but has been updated
  to work with policies introduced by <max> or earlier.
Call Stack (most recent call first):
  /home/runner/workspace/.ndk-tools/android-ndk-r27c/build/cmake/android.toolchain.cmake:55 (include)
  /home/runner/workspace/thirdparty/vcpkg/scripts/toolchains/android.cmake:32 (include)
  /home/runner/workspace/thirdparty/vcpkg/scripts/buildsystems/vcpkg.cmake:210 (include)
  /home/runner/workspace/thirdparty/vcpkg/buildtrees/curl/arm64-android-rel/CMakeFiles/4.3.3/CMakeSystem.cmake:6 (include)
  /home/runner/workspace/thirdparty/vcpkg/buildtrees/curl/arm64-android-rel/CMakeFiles/CMakeScratch/TryCompile-FwUumQ/CMakeLists.txt:5 (project)


CMake Deprecation Warning at /home/runner/workspace/.ndk-tools/android-ndk-r27c/build/cmake/flags.cmake:18 (cmake_minimum_required):
  Compatibility with CMake < 3.10 will be removed from a future version of
  CMake.

  Update the VERSION argument <min> value.  Or, use the <min>...<max> syntax
  to tell CMake that the project requires at least <min> but has been updated
  to work with policies introduced by <max> or earlier.
Call Stack (most recent call first):
  /home/runner/workspace/thirdparty/vcpkg/downloads/tools/cmake-4.3.3-linux/cmake-4.3.3-linux-x86_64/share/cmake-4.3/Modules/Platform/Android-Clang.cmake:23 (include)
  /home/runner/workspace/thirdparty/vcpkg/downloads/tools/cmake-4.3.3-linux/cmake-4.3.3-linux-x86_64/share/cmake-4.3/Modules/Platform/Android-Clang-C.cmake:1 (include)
  /home/runner/workspace/thirdparty/vcpkg/downloads/tools/cmake-4.3.3-linux/cmake-4.3.3-linux-x86_64/share/cmake-4.3/Modules/CMakeCInformation.cmake:48 (include)
  /home/runner/workspace/thirdparty/vcpkg/buildtrees/curl/arm64-android-rel/CMakeFiles/CMakeScratch/TryCompile-FwUumQ/CMakeLists.txt:5 (project)


-- Looking for 5 include files sys/select.h, ..., arpa/inet.h - found
-- Looking for dirent.h
CMake Deprecation Warning at /home/runner/workspace/.ndk-tools/android-ndk-r27c/build/cmake/android.toolchain.cmake:35 (cmake_minimum_required):
  Compatibility with CMake < 3.10 will be removed from a future version of
  CMake.

  Update the VERSION argument <min> value.  Or, use the <min>...<max> syntax
  to tell CMake that the project requires at least <min> but has been updated
  to work with policies introduced by <max> or earlier.
Call Stack (most recent call first):
  /home/runner/workspace/thirdparty/vcpkg/scripts/toolchains/android.cmake:32 (include)
  /home/runner/workspace/thirdparty/vcpkg/scripts/buildsystems/vcpkg.cmake:210 (include)
  /home/runner/workspace/thirdparty/vcpkg/buildtrees/curl/arm64-android-rel/CMakeFiles/4.3.3/CMakeSystem.cmake:6 (include)
  /home/runner/workspace/thirdparty/vcpkg/buildtrees/curl/arm64-android-rel/CMakeFiles/CMakeScratch/TryCompile-zFTKZ6/CMakeLists.txt:5 (project)


CMake Deprecation Warning at /home/runner/workspace/.ndk-tools/android-ndk-r27c/build/cmake/android-legacy.toolchain.cmake:35 (cmake_minimum_required):
  Compatibility with CMake < 3.10 will be removed from a future version of
  CMake.

  Update the VERSION argument <min> value.  Or, use the <min>...<max> syntax
  to tell CMake that the project requires at least <min> but has been updated
  to work with policies introduced by <max> or earlier.
Call Stack (most recent call first):
  /home/runner/workspace/.ndk-tools/android-ndk-r27c/build/cmake/android.toolchain.cmake:55 (include)
  /home/runner/workspace/thirdparty/vcpkg/scripts/toolchains/android.cmake:32 (include)
  /home/runner/workspace/thirdparty/vcpkg/scripts/buildsystems/vcpkg.cmake:210 (include)
  /home/runner/workspace/thirdparty/vcpkg/buildtrees/curl/arm64-android-rel/CMakeFiles/4.3.3/CMakeSystem.cmake:6 (include)
  /home/runner/workspace/thirdparty/vcpkg/buildtrees/curl/arm64-android-rel/CMakeFiles/CMakeScratch/TryCompile-zFTKZ6/CMakeLists.txt:5 (project)


CMake Deprecation Warning at /home/runner/workspace/.ndk-tools/android-ndk-r27c/build/cmake/flags.cmake:18 (cmake_minimum_required):
  Compatibility with CMake < 3.10 will be removed from a future version of
  CMake.

  Update the VERSION argument <min> value.  Or, use the <min>...<max> syntax
  to tell CMake that the project requires at least <min> but has been updated
  to work with policies introduced by <max> or earlier.
Call Stack (most recent call first):
  /home/runner/workspace/thirdparty/vcpkg/downloads/tools/cmake-4.3.3-linux/cmake-4.3.3-linux-x86_64/share/cmake-4.3/Modules/Platform/Android-Clang.cmake:23 (include)
  /home/runner/workspace/thirdparty/vcpkg/downloads/tools/cmake-4.3.3-linux/cmake-4.3.3-linux-x86_64/share/cmake-4.3/Modules/Platform/Android-Clang-C.cmake:1 (include)
  /home/runner/workspace/thirdparty/vcpkg/downloads/tools/cmake-4.3.3-linux/cmake-4.3.3-linux-x86_64/share/cmake-4.3/Modules/CMakeCInformation.cmake:48 (include)
  /home/runner/workspace/thirdparty/vcpkg/buildtrees/curl/arm64-android-rel/CMakeFiles/CMakeScratch/TryCompile-zFTKZ6/CMakeLists.txt:5 (project)


-- Looking for dirent.h - found
-- Looking for fcntl.h
CMake Deprecation Warning at /home/runner/workspace/.ndk-tools/android-ndk-r27c/build/cmake/android.toolchain.cmake:35 (cmake_minimum_required):
  Compatibility with CMake < 3.10 will be removed from a future version of
  CMake.

  Update the VERSION argument <min> value.  Or, use the <min>...<max> syntax
  to tell CMake that the project requires at least <min> but has been updated
  to work with policies introduced by <max> or earlier.
Call Stack (most recent call first):
  /home/runner/workspace/thirdparty/vcpkg/scripts/toolchains/android.cmake:32 (include)
  /home/runner/workspace/thirdparty/vcpkg/scripts/buildsystems/vcpkg.cmake:210 (include)
  /home/runner/workspace/thirdparty/vcpkg/buildtrees/curl/arm64-android-rel/CMakeFiles/4.3.3/CMakeSystem.cmake:6 (include)
  /home/runner/workspace/thirdparty/vcpkg/buildtrees/curl/arm64-android-rel/CMakeFiles/CMakeScratch/TryCompile-y3FJ3z/CMakeLists.txt:5 (project)


CMake Deprecation Warning at /home/runner/workspace/.ndk-tools/android-ndk-r27c/build/cmake/android-legacy.toolchain.cmake:35 (cmake_minimum_required):
  Compatibility with CMake < 3.10 will be removed from a future version of
  CMake.

  Update the VERSION argument <min> value.  Or, use the <min>...<max> syntax
  to tell CMake that the project requires at least <min> but has been updated
  to work with policies introduced by <max> or earlier.
Call Stack (most recent call first):
  /home/runner/workspace/.ndk-tools/android-ndk-r27c/build/cmake/android.toolchain.cmake:55 (include)
  /home/runner/workspace/thirdparty/vcpkg/scripts/toolchains/android.cmake:32 (include)
  /home/runner/workspace/thirdparty/vcpkg/scripts/buildsystems/vcpkg.cmake:210 (include)
  /home/runner/workspace/thirdparty/vcpkg/buildtrees/curl/arm64-android-rel/CMakeFiles/4.3.3/CMakeSystem.cmake:6 (include)
  /home/runner/workspace/thirdparty/vcpkg/buildtrees/curl/arm64-android-rel/CMakeFiles/CMakeScratch/TryCompile-y3FJ3z/CMakeLists.txt:5 (project)


CMake Deprecation Warning at /home/runner/workspace/.ndk-tools/android-ndk-r27c/build/cmake/flags.cmake:18 (cmake_minimum_required):
  Compatibility with CMake < 3.10 will be removed from a future version of
  CMake.

  Update the VERSION argument <min> value.  Or, use the <min>...<max> syntax
  to tell CMake that the project requires at least <min> but has been updated
  to work with policies introduced by <max> or earlier.
Call Stack (most recent call first):
  /home/runner/workspace/thirdparty/vcpkg/downloads/tools/cmake-4.3.3-linux/cmake-4.3.3-linux-x86_64/share/cmake-4.3/Modules/Platform/Android-Clang.cmake:23 (include)
  /home/runner/workspace/thirdparty/vcpkg/downloads/tools/cmake-4.3.3-linux/cmake-4.3.3-linux-x86_64/share/cmake-4.3/Modules/Platform/Android-Clang-C.cmake:1 (include)
  /home/runner/workspace/thirdparty/vcpkg/downloads/tools/cmake-4.3.3-linux/cmake-4.3.3-linux-x86_64/share/cmake-4.3/Modules/CMakeCInformation.cmake:48 (include)
  /home/runner/workspace/thirdparty/vcpkg/buildtrees/curl/arm64-android-rel/CMakeFiles/CMakeScratch/TryCompile-y3FJ3z/CMakeLists.txt:5 (project)


-- Looking for fcntl.h - found
-- Looking for 6 include files sys/select.h, ..., ifaddrs.h
CMake Deprecation Warning at /home/runner/workspace/.ndk-tools/android-ndk-r27c/build/cmake/android.toolchain.cmake:35 (cmake_minimum_required):
  Compatibility with CMake < 3.10 will be removed from a future version of
  CMake.

  Update the VERSION argument <min> value.  Or, use the <min>...<max> syntax
  to tell CMake that the project requires at least <min> but has been updated
  to work with policies introduced by <max> or earlier.
Call Stack (most recent call first):
  /home/runner/workspace/thirdparty/vcpkg/scripts/toolchains/android.cmake:32 (include)
  /home/runner/workspace/thirdparty/vcpkg/scripts/buildsystems/vcpkg.cmake:210 (include)
  /home/runner/workspace/thirdparty/vcpkg/buildtrees/curl/arm64-android-rel/CMakeFiles/4.3.3/CMakeSystem.cmake:6 (include)
  /home/runner/workspace/thirdparty/vcpkg/buildtrees/curl/arm64-android-rel/CMakeFiles/CMakeScratch/TryCompile-ict5Px/CMakeLists.txt:5 (project)


CMake Deprecation Warning at /home/runner/workspace/.ndk-tools/android-ndk-r27c/build/cmake/android-legacy.toolchain.cmake:35 (cmake_minimum_required):
  Compatibility with CMake < 3.10 will be removed from a future version of
  CMake.

  Update the VERSION argument <min> value.  Or, use the <min>...<max> syntax
  to tell CMake that the project requires at least <min> but has been updated
  to work with policies introduced by <max> or earlier.
Call Stack (most recent call first):
  /home/runner/workspace/.ndk-tools/android-ndk-r27c/build/cmake/android.toolchain.cmake:55 (include)
  /home/runner/workspace/thirdparty/vcpkg/scripts/toolchains/android.cmake:32 (include)
  /home/runner/workspace/thirdparty/vcpkg/scripts/buildsystems/vcpkg.cmake:210 (include)
  /home/runner/workspace/thirdparty/vcpkg/buildtrees/curl/arm64-android-rel/CMakeFiles/4.3.3/CMakeSystem.cmake:6 (include)
  /home/runner/workspace/thirdparty/vcpkg/buildtrees/curl/arm64-android-rel/CMakeFiles/CMakeScratch/TryCompile-ict5Px/CMakeLists.txt:5 (project)


CMake Deprecation Warning at /home/runner/workspace/.ndk-tools/android-ndk-r27c/build/cmake/flags.cmake:18 (cmake_minimum_required):
  Compatibility with CMake < 3.10 will be removed from a future version of
  CMake.

  Update the VERSION argument <min> value.  Or, use the <min>...<max> syntax
  to tell CMake that the project requires at least <min> but has been updated
  to work with policies introduced by <max> or earlier.
Call Stack (most recent call first):
  /home/runner/workspace/thirdparty/vcpkg/downloads/tools/cmake-4.3.3-linux/cmake-4.3.3-linux-x86_64/share/cmake-4.3/Modules/Platform/Android-Clang.cmake:23 (include)
  /home/runner/workspace/thirdparty/vcpkg/downloads/tools/cmake-4.3.3-linux/cmake-4.3.3-linux-x86_64/share/cmake-4.3/Modules/Platform/Android-Clang-C.cmake:1 (include)
  /home/runner/workspace/thirdparty/vcpkg/downloads/tools/cmake-4.3.3-linux/cmake-4.3.3-linux-x86_64/share/cmake-4.3/Modules/CMakeCInformation.cmake:48 (include)
  /home/runner/workspace/thirdparty/vcpkg/buildtrees/curl/arm64-android-rel/CMakeFiles/CMakeScratch/TryCompile-ict5Px/CMakeLists.txt:5 (project)


-- Looking for 6 include files sys/select.h, ..., ifaddrs.h - found
-- Looking for io.h
CMake Deprecation Warning at /home/runner/workspace/.ndk-tools/android-ndk-r27c/build/cmake/android.toolchain.cmake:35 (cmake_minimum_required):
  Compatibility with CMake < 3.10 will be removed from a future version of
  CMake.

  Update the VERSION argument <min> value.  Or, use the <min>...<max> syntax
  to tell CMake that the project requires at least <min> but has been updated
  to work with policies introduced by <max> or earlier.
Call Stack (most recent call first):
  /home/runner/workspace/thirdparty/vcpkg/scripts/toolchains/android.cmake:32 (include)
  /home/runner/workspace/thirdparty/vcpkg/scripts/buildsystems/vcpkg.cmake:210 (include)
  /home/runner/workspace/thirdparty/vcpkg/buildtrees/curl/arm64-android-rel/CMakeFiles/4.3.3/CMakeSystem.cmake:6 (include)
  /home/runner/workspace/thirdparty/vcpkg/buildtrees/curl/arm64-android-rel/CMakeFiles/CMakeScratch/TryCompile-mXstbA/CMakeLists.txt:5 (project)


CMake Deprecation Warning at /home/runner/workspace/.ndk-tools/android-ndk-r27c/build/cmake/android-legacy.toolchain.cmake:35 (cmake_minimum_required):
  Compatibility with CMake < 3.10 will be removed from a future version of
  CMake.

  Update the VERSION argument <min> value.  Or, use the <min>...<max> syntax
  to tell CMake that the project requires at least <min> but has been updated
  to work with policies introduced by <max> or earlier.
Call Stack (most recent call first):
  /home/runner/workspace/.ndk-tools/android-ndk-r27c/build/cmake/android.toolchain.cmake:55 (include)
  /home/runner/workspace/thirdparty/vcpkg/scripts/toolchains/android.cmake:32 (include)
  /home/runner/workspace/thirdparty/vcpkg/scripts/buildsystems/vcpkg.cmake:210 (include)
  /home/runner/workspace/thirdparty/vcpkg/buildtrees/curl/arm64-android-rel/CMakeFiles/4.3.3/CMakeSystem.cmake:6 (include)
  /home/runner/workspace/thirdparty/vcpkg/buildtrees/curl/arm64-android-rel/CMakeFiles/CMakeScratch/TryCompile-mXstbA/CMakeLists.txt:5 (project)


CMake Deprecation Warning at /home/runner/workspace/.ndk-tools/android-ndk-r27c/build/cmake/flags.cmake:18 (cmake_minimum_required):
  Compatibility with CMake < 3.10 will be removed from a future version of
  CMake.

  Update the VERSION argument <min> value.  Or, use the <min>...<max> syntax
  to tell CMake that the project requires at least <min> but has been updated
  to work with policies introduced by <max> or earlier.
Call Stack (most recent call first):
  /home/runner/workspace/thirdparty/vcpkg/downloads/tools/cmake-4.3.3-linux/cmake-4.3.3-linux-x86_64/share/cmake-4.3/Modules/Platform/Android-Clang.cmake:23 (include)
  /home/runner/workspace/thirdparty/vcpkg/downloads/tools/cmake-4.3.3-linux/cmake-4.3.3-linux-x86_64/share/cmake-4.3/Modules/Platform/Android-Clang-C.cmake:1 (include)
  /home/runner/workspace/thirdparty/vcpkg/downloads/tools/cmake-4.3.3-linux/cmake-4.3.3-linux-x86_64/share/cmake-4.3/Modules/CMakeCInformation.cmake:48 (include)
  /home/runner/workspace/thirdparty/vcpkg/buildtrees/curl/arm64-android-rel/CMakeFiles/CMakeScratch/TryCompile-mXstbA/CMakeLists.txt:5 (project)


-- Looking for io.h - not found
-- Looking for 7 include files sys/select.h, ..., libgen.h
CMake Deprecation Warning at /home/runner/workspace/.ndk-tools/android-ndk-r27c/build/cmake/android.toolchain.cmake:35 (cmake_minimum_required):
  Compatibility with CMake < 3.10 will be removed from a future version of
  CMake.

  Update the VERSION argument <min> value.  Or, use the <min>...<max> syntax
  to tell CMake that the project requires at least <min> but has been updated
  to work with policies introduced by <max> or earlier.
Call Stack (most recent call first):
  /home/runner/workspace/thirdparty/vcpkg/scripts/toolchains/android.cmake:32 (include)
  /home/runner/workspace/thirdparty/vcpkg/scripts/buildsystems/vcpkg.cmake:210 (include)
  /home/runner/workspace/thirdparty/vcpkg/buildtrees/curl/arm64-android-rel/CMakeFiles/4.3.3/CMakeSystem.cmake:6 (include)
  /home/runner/workspace/thirdparty/vcpkg/buildtrees/curl/arm64-android-rel/CMakeFiles/CMakeScratch/TryCompile-XM3PP9/CMakeLists.txt:5 (project)


CMake Deprecation Warning at /home/runner/workspace/.ndk-tools/android-ndk-r27c/build/cmake/android-legacy.toolchain.cmake:35 (cmake_minimum_required):
  Compatibility with CMake < 3.10 will be removed from a future version of
  CMake.

  Update the VERSION argument <min> value.  Or, use the <min>...<max> syntax
  to tell CMake that the project requires at least <min> but has been updated
  to work with policies introduced by <max> or earlier.
Call Stack (most recent call first):
  /home/runner/workspace/.ndk-tools/android-ndk-r27c/build/cmake/android.toolchain.cmake:55 (include)
  /home/runner/workspace/thirdparty/vcpkg/scripts/toolchains/android.cmake:32 (include)
  /home/runner/workspace/thirdparty/vcpkg/scripts/buildsystems/vcpkg.cmake:210 (include)
  /home/runner/workspace/thirdparty/vcpkg/buildtrees/curl/arm64-android-rel/CMakeFiles/4.3.3/CMakeSystem.cmake:6 (include)
  /home/runner/workspace/thirdparty/vcpkg/buildtrees/curl/arm64-android-rel/CMakeFiles/CMakeScratch/TryCompile-XM3PP9/CMakeLists.txt:5 (project)


CMake Deprecation Warning at /home/runner/workspace/.ndk-tools/android-ndk-r27c/build/cmake/flags.cmake:18 (cmake_minimum_required):
  Compatibility with CMake < 3.10 will be removed from a future version of
  CMake.

  Update the VERSION argument <min> value.  Or, use the <min>...<max> syntax
  to tell CMake that the project requires at least <min> but has been updated
  to work with policies introduced by <max> or earlier.
Call Stack (most recent call first):
  /home/runner/workspace/thirdparty/vcpkg/downloads/tools/cmake-4.3.3-linux/cmake-4.3.3-linux-x86_64/share/cmake-4.3/Modules/Platform/Android-Clang.cmake:23 (include)
  /home/runner/workspace/thirdparty/vcpkg/downloads/tools/cmake-4.3.3-linux/cmake-4.3.3-linux-x86_64/share/cmake-4.3/Modules/Platform/Android-Clang-C.cmake:1 (include)
  /home/runner/workspace/thirdparty/vcpkg/downloads/tools/cmake-4.3.3-linux/cmake-4.3.3-linux-x86_64/share/cmake-4.3/Modules/CMakeCInformation.cmake:48 (include)
  /home/runner/workspace/thirdparty/vcpkg/buildtrees/curl/arm64-android-rel/CMakeFiles/CMakeScratch/TryCompile-XM3PP9/CMakeLists.txt:5 (project)


-- Looking for 7 include files sys/select.h, ..., libgen.h - found
-- Looking for linux/tcp.h
CMake Deprecation Warning at /home/runner/workspace/.ndk-tools/android-ndk-r27c/build/cmake/android.toolchain.cmake:35 (cmake_minimum_required):
  Compatibility with CMake < 3.10 will be removed from a future version of
  CMake.

  Update the VERSION argument <min> value.  Or, use the <min>...<max> syntax
  to tell CMake that the project requires at least <min> but has been updated
  to work with policies introduced by <max> or earlier.
Call Stack (most recent call first):
  /home/runner/workspace/thirdparty/vcpkg/scripts/toolchains/android.cmake:32 (include)
  /home/runner/workspace/thirdparty/vcpkg/scripts/buildsystems/vcpkg.cmake:210 (include)
  /home/runner/workspace/thirdparty/vcpkg/buildtrees/curl/arm64-android-rel/CMakeFiles/4.3.3/CMakeSystem.cmake:6 (include)
  /home/runner/workspace/thirdparty/vcpkg/buildtrees/curl/arm64-android-rel/CMakeFiles/CMakeScratch/TryCompile-KEny7u/CMakeLists.txt:5 (project)


CMake Deprecation Warning at /home/runner/workspace/.ndk-tools/android-ndk-r27c/build/cmake/android-legacy.toolchain.cmake:35 (cmake_minimum_required):
  Compatibility with CMake < 3.10 will be removed from a future version of
  CMake.

  Update the VERSION argument <min> value.  Or, use the <min>...<max> syntax
  to tell CMake that the project requires at least <min> but has been updated
  to work with policies introduced by <max> or earlier.
Call Stack (most recent call first):
  /home/runner/workspace/.ndk-tools/android-ndk-r27c/build/cmake/android.toolchain.cmake:55 (include)
  /home/runner/workspace/thirdparty/vcpkg/scripts/toolchains/android.cmake:32 (include)
  /home/runner/workspace/thirdparty/vcpkg/scripts/buildsystems/vcpkg.cmake:210 (include)
  /home/runner/workspace/thirdparty/vcpkg/buildtrees/curl/arm64-android-rel/CMakeFiles/4.3.3/CMakeSystem.cmake:6 (include)
  /home/runner/workspace/thirdparty/vcpkg/buildtrees/curl/arm64-android-rel/CMakeFiles/CMakeScratch/TryCompile-KEny7u/CMakeLists.txt:5 (project)


CMake Deprecation Warning at /home/runner/workspace/.ndk-tools/android-ndk-r27c/build/cmake/flags.cmake:18 (cmake_minimum_required):
  Compatibility with CMake < 3.10 will be removed from a future version of
  CMake.

  Update the VERSION argument <min> value.  Or, use the <min>...<max> syntax
  to tell CMake that the project requires at least <min> but has been updated
  to work with policies introduced by <max> or earlier.
Call Stack (most recent call first):
  /home/runner/workspace/thirdparty/vcpkg/downloads/tools/cmake-4.3.3-linux/cmake-4.3.3-linux-x86_64/share/cmake-4.3/Modules/Platform/Android-Clang.cmake:23 (include)
  /home/runner/workspace/thirdparty/vcpkg/downloads/tools/cmake-4.3.3-linux/cmake-4.3.3-linux-x86_64/share/cmake-4.3/Modules/Platform/Android-Clang-C.cmake:1 (include)
  /home/runner/workspace/thirdparty/vcpkg/downloads/tools/cmake-4.3.3-linux/cmake-4.3.3-linux-x86_64/share/cmake-4.3/Modules/CMakeCInformation.cmake:48 (include)
  /home/runner/workspace/thirdparty/vcpkg/buildtrees/curl/arm64-android-rel/CMakeFiles/CMakeScratch/TryCompile-KEny7u/CMakeLists.txt:5 (project)


-- Looking for linux/tcp.h - found
-- Looking for locale.h
CMake Deprecation Warning at /home/runner/workspace/.ndk-tools/android-ndk-r27c/build/cmake/android.toolchain.cmake:35 (cmake_minimum_required):
  Compatibility with CMake < 3.10 will be removed from a future version of
  CMake.

  Update the VERSION argument <min> value.  Or, use the <min>...<max> syntax
  to tell CMake that the project requires at least <min> but has been updated
  to work with policies introduced by <max> or earlier.
Call Stack (most recent call first):
  /home/runner/workspace/thirdparty/vcpkg/scripts/toolchains/android.cmake:32 (include)
  /home/runner/workspace/thirdparty/vcpkg/scripts/buildsystems/vcpkg.cmake:210 (include)
  /home/runner/workspace/thirdparty/vcpkg/buildtrees/curl/arm64-android-rel/CMakeFiles/4.3.3/CMakeSystem.cmake:6 (include)
  /home/runner/workspace/thirdparty/vcpkg/buildtrees/curl/arm64-android-rel/CMakeFiles/CMakeScratch/TryCompile-3j4Hu1/CMakeLists.txt:5 (project)


CMake Deprecation Warning at /home/runner/workspace/.ndk-tools/android-ndk-r27c/build/cmake/android-legacy.toolchain.cmake:35 (cmake_minimum_required):
  Compatibility with CMake < 3.10 will be removed from a future version of
  CMake.

  Update the VERSION argument <min> value.  Or, use the <min>...<max> syntax
  to tell CMake that the project requires at least <min> but has been updated
  to work with policies introduced by <max> or earlier.
Call Stack (most recent call first):
  /home/runner/workspace/.ndk-tools/android-ndk-r27c/build/cmake/android.toolchain.cmake:55 (include)
  /home/runner/workspace/thirdparty/vcpkg/scripts/toolchains/android.cmake:32 (include)
  /home/runner/workspace/thirdparty/vcpkg/scripts/buildsystems/vcpkg.cmake:210 (include)
  /home/runner/workspace/thirdparty/vcpkg/buildtrees/curl/arm64-android-rel/CMakeFiles/4.3.3/CMakeSystem.cmake:6 (include)
  /home/runner/workspace/thirdparty/vcpkg/buildtrees/curl/arm64-android-rel/CMakeFiles/CMakeScratch/TryCompile-3j4Hu1/CMakeLists.txt:5 (project)


CMake Deprecation Warning at /home/runner/workspace/.ndk-tools/android-ndk-r27c/build/cmake/flags.cmake:18 (cmake_minimum_required):
  Compatibility with CMake < 3.10 will be removed from a future version of
  CMake.

  Update the VERSION argument <min> value.  Or, use the <min>...<max> syntax
  to tell CMake that the project requires at least <min> but has been updated
  to work with policies introduced by <max> or earlier.
Call Stack (most recent call first):
  /home/runner/workspace/thirdparty/vcpkg/downloads/tools/cmake-4.3.3-linux/cmake-4.3.3-linux-x86_64/share/cmake-4.3/Modules/Platform/Android-Clang.cmake:23 (include)
  /home/runner/workspace/thirdparty/vcpkg/downloads/tools/cmake-4.3.3-linux/cmake-4.3.3-linux-x86_64/share/cmake-4.3/Modules/Platform/Android-Clang-C.cmake:1 (include)
  /home/runner/workspace/thirdparty/vcpkg/downloads/tools/cmake-4.3.3-linux/cmake-4.3.3-linux-x86_64/share/cmake-4.3/Modules/CMakeCInformation.cmake:48 (include)
  /home/runner/workspace/thirdparty/vcpkg/buildtrees/curl/arm64-android-rel/CMakeFiles/CMakeScratch/TryCompile-3j4Hu1/CMakeLists.txt:5 (project)


-- Looking for locale.h - found
-- Looking for net/if.h
CMake Deprecation Warning at /home/runner/workspace/.ndk-tools/android-ndk-r27c/build/cmake/android.toolchain.cmake:35 (cmake_minimum_required):
  Compatibility with CMake < 3.10 will be removed from a future version of
  CMake.

  Update the VERSION argument <min> value.  Or, use the <min>...<max> syntax
  to tell CMake that the project requires at least <min> but has been updated
  to work with policies introduced by <max> or earlier.
Call Stack (most recent call first):
  /home/runner/workspace/thirdparty/vcpkg/scripts/toolchains/android.cmake:32 (include)
  /home/runner/workspace/thirdparty/vcpkg/scripts/buildsystems/vcpkg.cmake:210 (include)
  /home/runner/workspace/thirdparty/vcpkg/buildtrees/curl/arm64-android-rel/CMakeFiles/4.3.3/CMakeSystem.cmake:6 (include)
  /home/runner/workspace/thirdparty/vcpkg/buildtrees/curl/arm64-android-rel/CMakeFiles/CMakeScratch/TryCompile-NQZcag/CMakeLists.txt:5 (project)


CMake Deprecation Warning at /home/runner/workspace/.ndk-tools/android-ndk-r27c/build/cmake/android-legacy.toolchain.cmake:35 (cmake_minimum_required):
  Compatibility with CMake < 3.10 will be removed from a future version of
  CMake.

  Update the VERSION argument <min> value.  Or, use the <min>...<max> syntax
  to tell CMake that the project requires at least <min> but has been updated
  to work with policies introduced by <max> or earlier.
Call Stack (most recent call first):
  /home/runner/workspace/.ndk-tools/android-ndk-r27c/build/cmake/android.toolchain.cmake:55 (include)
  /home/runner/workspace/thirdparty/vcpkg/scripts/toolchains/android.cmake:32 (include)
  /home/runner/workspace/thirdparty/vcpkg/scripts/buildsystems/vcpkg.cmake:210 (include)
  /home/runner/workspace/thirdparty/vcpkg/buildtrees/curl/arm64-android-rel/CMakeFiles/4.3.3/CMakeSystem.cmake:6 (include)
  /home/runner/workspace/thirdparty/vcpkg/buildtrees/curl/arm64-android-rel/CMakeFiles/CMakeScratch/TryCompile-NQZcag/CMakeLists.txt:5 (project)


CMake Deprecation Warning at /home/runner/workspace/.ndk-tools/android-ndk-r27c/build/cmake/flags.cmake:18 (cmake_minimum_required):
  Compatibility with CMake < 3.10 will be removed from a future version of
  CMake.

  Update the VERSION argument <min> value.  Or, use the <min>...<max> syntax
  to tell CMake that the project requires at least <min> but has been updated
  to work with policies introduced by <max> or earlier.
Call Stack (most recent call first):
  /home/runner/workspace/thirdparty/vcpkg/downloads/tools/cmake-4.3.3-linux/cmake-4.3.3-linux-x86_64/share/cmake-4.3/Modules/Platform/Android-Clang.cmake:23 (include)
  /home/runner/workspace/thirdparty/vcpkg/downloads/tools/cmake-4.3.3-linux/cmake-4.3.3-linux-x86_64/share/cmake-4.3/Modules/Platform/Android-Clang-C.cmake:1 (include)
  /home/runner/workspace/thirdparty/vcpkg/downloads/tools/cmake-4.3.3-linux/cmake-4.3.3-linux-x86_64/share/cmake-4.3/Modules/CMakeCInformation.cmake:48 (include)
  /home/runner/workspace/thirdparty/vcpkg/buildtrees/curl/arm64-android-rel/CMakeFiles/CMakeScratch/TryCompile-NQZcag/CMakeLists.txt:5 (project)


-- Looking for net/if.h - found
-- Looking for 8 include files sys/select.h, ..., netdb.h
CMake Deprecation Warning at /home/runner/workspace/.ndk-tools/android-ndk-r27c/build/cmake/android.toolchain.cmake:35 (cmake_minimum_required):
  Compatibility with CMake < 3.10 will be removed from a future version of
  CMake.

  Update the VERSION argument <min> value.  Or, use the <min>...<max> syntax
  to tell CMake that the project requires at least <min> but has been updated
  to work with policies introduced by <max> or earlier.
Call Stack (most recent call first):
  /home/runner/workspace/thirdparty/vcpkg/scripts/toolchains/android.cmake:32 (include)
  /home/runner/workspace/thirdparty/vcpkg/scripts/buildsystems/vcpkg.cmake:210 (include)
  /home/runner/workspace/thirdparty/vcpkg/buildtrees/curl/arm64-android-rel/CMakeFiles/4.3.3/CMakeSystem.cmake:6 (include)
  /home/runner/workspace/thirdparty/vcpkg/buildtrees/curl/arm64-android-rel/CMakeFiles/CMakeScratch/TryCompile-SbvTc7/CMakeLists.txt:5 (project)


CMake Deprecation Warning at /home/runner/workspace/.ndk-tools/android-ndk-r27c/build/cmake/android-legacy.toolchain.cmake:35 (cmake_minimum_required):
  Compatibility with CMake < 3.10 will be removed from a future version of
  CMake.

  Update the VERSION argument <min> value.  Or, use the <min>...<max> syntax
  to tell CMake that the project requires at least <min> but has been updated
  to work with policies introduced by <max> or earlier.
Call Stack (most recent call first):
  /home/runner/workspace/.ndk-tools/android-ndk-r27c/build/cmake/android.toolchain.cmake:55 (include)
  /home/runner/workspace/thirdparty/vcpkg/scripts/toolchains/android.cmake:32 (include)
  /home/runner/workspace/thirdparty/vcpkg/scripts/buildsystems/vcpkg.cmake:210 (include)
  /home/runner/workspace/thirdparty/vcpkg/buildtrees/curl/arm64-android-rel/CMakeFiles/4.3.3/CMakeSystem.cmake:6 (include)
  /home/runner/workspace/thirdparty/vcpkg/buildtrees/curl/arm64-android-rel/CMakeFiles/CMakeScratch/TryCompile-SbvTc7/CMakeLists.txt:5 (project)


CMake Deprecation Warning at /home/runner/workspace/.ndk-tools/android-ndk-r27c/build/cmake/flags.cmake:18 (cmake_minimum_required):
  Compatibility with CMake < 3.10 will be removed from a future version of
  CMake.

  Update the VERSION argument <min> value.  Or, use the <min>...<max> syntax
  to tell CMake that the project requires at least <min> but has been updated
  to work with policies introduced by <max> or earlier.
Call Stack (most recent call first):
  /home/runner/workspace/thirdparty/vcpkg/downloads/tools/cmake-4.3.3-linux/cmake-4.3.3-linux-x86_64/share/cmake-4.3/Modules/Platform/Android-Clang.cmake:23 (include)
  /home/runner/workspace/thirdparty/vcpkg/downloads/tools/cmake-4.3.3-linux/cmake-4.3.3-linux-x86_64/share/cmake-4.3/Modules/Platform/Android-Clang-C.cmake:1 (include)
  /home/runner/workspace/thirdparty/vcpkg/downloads/tools/cmake-4.3.3-linux/cmake-4.3.3-linux-x86_64/share/cmake-4.3/Modules/CMakeCInformation.cmake:48 (include)
  /home/runner/workspace/thirdparty/vcpkg/buildtrees/curl/arm64-android-rel/CMakeFiles/CMakeScratch/TryCompile-SbvTc7/CMakeLists.txt:5 (project)


-- Looking for 8 include files sys/select.h, ..., netdb.h - found
-- Looking for 9 include files sys/select.h, ..., netinet/in.h
CMake Deprecation Warning at /home/runner/workspace/.ndk-tools/android-ndk-r27c/build/cmake/android.toolchain.cmake:35 (cmake_minimum_required):
  Compatibility with CMake < 3.10 will be removed from a future version of
  CMake.

  Update the VERSION argument <min> value.  Or, use the <min>...<max> syntax
  to tell CMake that the project requires at least <min> but has been updated
  to work with policies introduced by <max> or earlier.
Call Stack (most recent call first):
  /home/runner/workspace/thirdparty/vcpkg/scripts/toolchains/android.cmake:32 (include)
  /home/runner/workspace/thirdparty/vcpkg/scripts/buildsystems/vcpkg.cmake:210 (include)
  /home/runner/workspace/thirdparty/vcpkg/buildtrees/curl/arm64-android-rel/CMakeFiles/4.3.3/CMakeSystem.cmake:6 (include)
  /home/runner/workspace/thirdparty/vcpkg/buildtrees/curl/arm64-android-rel/CMakeFiles/CMakeScratch/TryCompile-M06hi5/CMakeLists.txt:5 (project)


CMake Deprecation Warning at /home/runner/workspace/.ndk-tools/android-ndk-r27c/build/cmake/android-legacy.toolchain.cmake:35 (cmake_minimum_required):
  Compatibility with CMake < 3.10 will be removed from a future version of
  CMake.

  Update the VERSION argument <min> value.  Or, use the <min>...<max> syntax
  to tell CMake that the project requires at least <min> but has been updated
  to work with policies introduced by <max> or earlier.
Call Stack (most recent call first):
  /home/runner/workspace/.ndk-tools/android-ndk-r27c/build/cmake/android.toolchain.cmake:55 (include)
  /home/runner/workspace/thirdparty/vcpkg/scripts/toolchains/android.cmake:32 (include)
  /home/runner/workspace/thirdparty/vcpkg/scripts/buildsystems/vcpkg.cmake:210 (include)
  /home/runner/workspace/thirdparty/vcpkg/buildtrees/curl/arm64-android-rel/CMakeFiles/4.3.3/CMakeSystem.cmake:6 (include)
  /home/runner/workspace/thirdparty/vcpkg/buildtrees/curl/arm64-android-rel/CMakeFiles/CMakeScratch/TryCompile-M06hi5/CMakeLists.txt:5 (project)


CMake Deprecation Warning at /home/runner/workspace/.ndk-tools/android-ndk-r27c/build/cmake/flags.cmake:18 (cmake_minimum_required):
  Compatibility with CMake < 3.10 will be removed from a future version of
  CMake.

  Update the VERSION argument <min> value.  Or, use the <min>...<max> syntax
  to tell CMake that the project requires at least <min> but has been updated
  to work with policies introduced by <max> or earlier.
Call Stack (most recent call first):
  /home/runner/workspace/thirdparty/vcpkg/downloads/tools/cmake-4.3.3-linux/cmake-4.3.3-linux-x86_64/share/cmake-4.3/Modules/Platform/Android-Clang.cmake:23 (include)
  /home/runner/workspace/thirdparty/vcpkg/downloads/tools/cmake-4.3.3-linux/cmake-4.3.3-linux-x86_64/share/cmake-4.3/Modules/Platform/Android-Clang-C.cmake:1 (include)
  /home/runner/workspace/thirdparty/vcpkg/downloads/tools/cmake-4.3.3-linux/cmake-4.3.3-linux-x86_64/share/cmake-4.3/Modules/CMakeCInformation.cmake:48 (include)
  /home/runner/workspace/thirdparty/vcpkg/buildtrees/curl/arm64-android-rel/CMakeFiles/CMakeScratch/TryCompile-M06hi5/CMakeLists.txt:5 (project)


-- Looking for 9 include files sys/select.h, ..., netinet/in.h - found
-- Looking for netinet/in6.h
CMake Deprecation Warning at /home/runner/workspace/.ndk-tools/android-ndk-r27c/build/cmake/android.toolchain.cmake:35 (cmake_minimum_required):
  Compatibility with CMake < 3.10 will be removed from a future version of
  CMake.

  Update the VERSION argument <min> value.  Or, use the <min>...<max> syntax
  to tell CMake that the project requires at least <min> but has been updated
  to work with policies introduced by <max> or earlier.
Call Stack (most recent call first):
  /home/runner/workspace/thirdparty/vcpkg/scripts/toolchains/android.cmake:32 (include)
  /home/runner/workspace/thirdparty/vcpkg/scripts/buildsystems/vcpkg.cmake:210 (include)
  /home/runner/workspace/thirdparty/vcpkg/buildtrees/curl/arm64-android-rel/CMakeFiles/4.3.3/CMakeSystem.cmake:6 (include)
  /home/runner/workspace/thirdparty/vcpkg/buildtrees/curl/arm64-android-rel/CMakeFiles/CMakeScratch/TryCompile-CWL4PX/CMakeLists.txt:5 (project)


CMake Deprecation Warning at /home/runner/workspace/.ndk-tools/android-ndk-r27c/build/cmake/android-legacy.toolchain.cmake:35 (cmake_minimum_required):
  Compatibility with CMake < 3.10 will be removed from a future version of
  CMake.

  Update the VERSION argument <min> value.  Or, use the <min>...<max> syntax
  to tell CMake that the project requires at least <min> but has been updated
  to work with policies introduced by <max> or earlier.
Call Stack (most recent call first):
  /home/runner/workspace/.ndk-tools/android-ndk-r27c/build/cmake/android.toolchain.cmake:55 (include)
  /home/runner/workspace/thirdparty/vcpkg/scripts/toolchains/android.cmake:32 (include)
  /home/runner/workspace/thirdparty/vcpkg/scripts/buildsystems/vcpkg.cmake:210 (include)
  /home/runner/workspace/thirdparty/vcpkg/buildtrees/curl/arm64-android-rel/CMakeFiles/4.3.3/CMakeSystem.cmake:6 (include)
  /home/runner/workspace/thirdparty/vcpkg/buildtrees/curl/arm64-android-rel/CMakeFiles/CMakeScratch/TryCompile-CWL4PX/CMakeLists.txt:5 (project)


CMake Deprecation Warning at /home/runner/workspace/.ndk-tools/android-ndk-r27c/build/cmake/flags.cmake:18 (cmake_minimum_required):
  Compatibility with CMake < 3.10 will be removed from a future version of
  CMake.

  Update the VERSION argument <min> value.  Or, use the <min>...<max> syntax
  to tell CMake that the project requires at least <min> but has been updated
  to work with policies introduced by <max> or earlier.
Call Stack (most recent call first):
  /home/runner/workspace/thirdparty/vcpkg/downloads/tools/cmake-4.3.3-linux/cmake-4.3.3-linux-x86_64/share/cmake-4.3/Modules/Platform/Android-Clang.cmake:23 (include)
  /home/runner/workspace/thirdparty/vcpkg/downloads/tools/cmake-4.3.3-linux/cmake-4.3.3-linux-x86_64/share/cmake-4.3/Modules/Platform/Android-Clang-C.cmake:1 (include)
  /home/runner/workspace/thirdparty/vcpkg/downloads/tools/cmake-4.3.3-linux/cmake-4.3.3-linux-x86_64/share/cmake-4.3/Modules/CMakeCInformation.cmake:48 (include)
  /home/runner/workspace/thirdparty/vcpkg/buildtrees/curl/arm64-android-rel/CMakeFiles/CMakeScratch/TryCompile-CWL4PX/CMakeLists.txt:5 (project)


-- Looking for netinet/in6.h - found
-- Looking for 10 include files sys/select.h, ..., netinet/tcp.h
CMake Deprecation Warning at /home/runner/workspace/.ndk-tools/android-ndk-r27c/build/cmake/android.toolchain.cmake:35 (cmake_minimum_required):
  Compatibility with CMake < 3.10 will be removed from a future version of
  CMake.

  Update the VERSION argument <min> value.  Or, use the <min>...<max> syntax
  to tell CMake that the project requires at least <min> but has been updated
  to work with policies introduced by <max> or earlier.
Call Stack (most recent call first):
  /home/runner/workspace/thirdparty/vcpkg/scripts/toolchains/android.cmake:32 (include)
  /home/runner/workspace/thirdparty/vcpkg/scripts/buildsystems/vcpkg.cmake:210 (include)
  /home/runner/workspace/thirdparty/vcpkg/buildtrees/curl/arm64-android-rel/CMakeFiles/4.3.3/CMakeSystem.cmake:6 (include)
  /home/runner/workspace/thirdparty/vcpkg/buildtrees/curl/arm64-android-rel/CMakeFiles/CMakeScratch/TryCompile-DRPwy1/CMakeLists.txt:5 (project)


CMake Deprecation Warning at /home/runner/workspace/.ndk-tools/android-ndk-r27c/build/cmake/android-legacy.toolchain.cmake:35 (cmake_minimum_required):
  Compatibility with CMake < 3.10 will be removed from a future version of
  CMake.

  Update the VERSION argument <min> value.  Or, use the <min>...<max> syntax
  to tell CMake that the project requires at least <min> but has been updated
  to work with policies introduced by <max> or earlier.
Call Stack (most recent call first):
  /home/runner/workspace/.ndk-tools/android-ndk-r27c/build/cmake/android.toolchain.cmake:55 (include)
  /home/runner/workspace/thirdparty/vcpkg/scripts/toolchains/android.cmake:32 (include)
  /home/runner/workspace/thirdparty/vcpkg/scripts/buildsystems/vcpkg.cmake:210 (include)
  /home/runner/workspace/thirdparty/vcpkg/buildtrees/curl/arm64-android-rel/CMakeFiles/4.3.3/CMakeSystem.cmake:6 (include)
  /home/runner/workspace/thirdparty/vcpkg/buildtrees/curl/arm64-android-rel/CMakeFiles/CMakeScratch/TryCompile-DRPwy1/CMakeLists.txt:5 (project)


CMake Deprecation Warning at /home/runner/workspace/.ndk-tools/android-ndk-r27c/build/cmake/flags.cmake:18 (cmake_minimum_required):
  Compatibility with CMake < 3.10 will be removed from a future version of
  CMake.

  Update the VERSION argument <min> value.  Or, use the <min>...<max> syntax
  to tell CMake that the project requires at least <min> but has been updated
  to work with policies introduced by <max> or earlier.
Call Stack (most recent call first):
  /home/runner/workspace/thirdparty/vcpkg/downloads/tools/cmake-4.3.3-linux/cmake-4.3.3-linux-x86_64/share/cmake-4.3/Modules/Platform/Android-Clang.cmake:23 (include)
  /home/runner/workspace/thirdparty/vcpkg/downloads/tools/cmake-4.3.3-linux/cmake-4.3.3-linux-x86_64/share/cmake-4.3/Modules/Platform/Android-Clang-C.cmake:1 (include)
  /home/runner/workspace/thirdparty/vcpkg/downloads/tools/cmake-4.3.3-linux/cmake-4.3.3-linux-x86_64/share/cmake-4.3/Modules/CMakeCInformation.cmake:48 (include)
  /home/runner/workspace/thirdparty/vcpkg/buildtrees/curl/arm64-android-rel/CMakeFiles/CMakeScratch/TryCompile-DRPwy1/CMakeLists.txt:5 (project)


-- Looking for 10 include files sys/select.h, ..., netinet/tcp.h - found
-- Looking for 11 include files sys/select.h, ..., netinet/udp.h
CMake Deprecation Warning at /home/runner/workspace/.ndk-tools/android-ndk-r27c/build/cmake/android.toolchain.cmake:35 (cmake_minimum_required):
  Compatibility with CMake < 3.10 will be removed from a future version of
  CMake.

  Update the VERSION argument <min> value.  Or, use the <min>...<max> syntax
  to tell CMake that the project requires at least <min> but has been updated
  to work with policies introduced by <max> or earlier.
Call Stack (most recent call first):
  /home/runner/workspace/thirdparty/vcpkg/scripts/toolchains/android.cmake:32 (include)
  /home/runner/workspace/thirdparty/vcpkg/scripts/buildsystems/vcpkg.cmake:210 (include)
  /home/runner/workspace/thirdparty/vcpkg/buildtrees/curl/arm64-android-rel/CMakeFiles/4.3.3/CMakeSystem.cmake:6 (include)
  /home/runner/workspace/thirdparty/vcpkg/buildtrees/curl/arm64-android-rel/CMakeFiles/CMakeScratch/TryCompile-gglkPo/CMakeLists.txt:5 (project)


CMake Deprecation Warning at /home/runner/workspace/.ndk-tools/android-ndk-r27c/build/cmake/android-legacy.toolchain.cmake:35 (cmake_minimum_required):
  Compatibility with CMake < 3.10 will be removed from a future version of
  CMake.

  Update the VERSION argument <min> value.  Or, use the <min>...<max> syntax
  to tell CMake that the project requires at least <min> but has been updated
  to work with policies introduced by <max> or earlier.
Call Stack (most recent call first):
  /home/runner/workspace/.ndk-tools/android-ndk-r27c/build/cmake/android.toolchain.cmake:55 (include)
  /home/runner/workspace/thirdparty/vcpkg/scripts/toolchains/android.cmake:32 (include)
  /home/runner/workspace/thirdparty/vcpkg/scripts/buildsystems/vcpkg.cmake:210 (include)
  /home/runner/workspace/thirdparty/vcpkg/buildtrees/curl/arm64-android-rel/CMakeFiles/4.3.3/CMakeSystem.cmake:6 (include)
  /home/runner/workspace/thirdparty/vcpkg/buildtrees/curl/arm64-android-rel/CMakeFiles/CMakeScratch/TryCompile-gglkPo/CMakeLists.txt:5 (project)


CMake Deprecation Warning at /home/runner/workspace/.ndk-tools/android-ndk-r27c/build/cmake/flags.cmake:18 (cmake_minimum_required):
  Compatibility with CMake < 3.10 will be removed from a future version of
  CMake.

  Update the VERSION argument <min> value.  Or, use the <min>...<max> syntax
  to tell CMake that the project requires at least <min> but has been updated
  to work with policies introduced by <max> or earlier.
Call Stack (most recent call first):
  /home/runner/workspace/thirdparty/vcpkg/downloads/tools/cmake-4.3.3-linux/cmake-4.3.3-linux-x86_64/share/cmake-4.3/Modules/Platform/Android-Clang.cmake:23 (include)
  /home/runner/workspace/thirdparty/vcpkg/downloads/tools/cmake-4.3.3-linux/cmake-4.3.3-linux-x86_64/share/cmake-4.3/Modules/Platform/Android-Clang-C.cmake:1 (include)
  /home/runner/workspace/thirdparty/vcpkg/downloads/tools/cmake-4.3.3-linux/cmake-4.3.3-linux-x86_64/share/cmake-4.3/Modules/CMakeCInformation.cmake:48 (include)
  /home/runner/workspace/thirdparty/vcpkg/buildtrees/curl/arm64-android-rel/CMakeFiles/CMakeScratch/TryCompile-gglkPo/CMakeLists.txt:5 (project)


-- Looking for 11 include files sys/select.h, ..., netinet/udp.h - found
-- Looking for poll.h
CMake Deprecation Warning at /home/runner/workspace/.ndk-tools/android-ndk-r27c/build/cmake/android.toolchain.cmake:35 (cmake_minimum_required):
  Compatibility with CMake < 3.10 will be removed from a future version of
  CMake.

  Update the VERSION argument <min> value.  Or, use the <min>...<max> syntax
  to tell CMake that the project requires at least <min> but has been updated
  to work with policies introduced by <max> or earlier.
Call Stack (most recent call first):
  /home/runner/workspace/thirdparty/vcpkg/scripts/toolchains/android.cmake:32 (include)
  /home/runner/workspace/thirdparty/vcpkg/scripts/buildsystems/vcpkg.cmake:210 (include)
  /home/runner/workspace/thirdparty/vcpkg/buildtrees/curl/arm64-android-rel/CMakeFiles/4.3.3/CMakeSystem.cmake:6 (include)
  /home/runner/workspace/thirdparty/vcpkg/buildtrees/curl/arm64-android-rel/CMakeFiles/CMakeScratch/TryCompile-uCPHeV/CMakeLists.txt:5 (project)


CMake Deprecation Warning at /home/runner/workspace/.ndk-tools/android-ndk-r27c/build/cmake/android-legacy.toolchain.cmake:35 (cmake_minimum_required):
  Compatibility with CMake < 3.10 will be removed from a future version of
  CMake.

  Update the VERSION argument <min> value.  Or, use the <min>...<max> syntax
  to tell CMake that the project requires at least <min> but has been updated
  to work with policies introduced by <max> or earlier.
Call Stack (most recent call first):
  /home/runner/workspace/.ndk-tools/android-ndk-r27c/build/cmake/android.toolchain.cmake:55 (include)
  /home/runner/workspace/thirdparty/vcpkg/scripts/toolchains/android.cmake:32 (include)
  /home/runner/workspace/thirdparty/vcpkg/scripts/buildsystems/vcpkg.cmake:210 (include)
  /home/runner/workspace/thirdparty/vcpkg/buildtrees/curl/arm64-android-rel/CMakeFiles/4.3.3/CMakeSystem.cmake:6 (include)
  /home/runner/workspace/thirdparty/vcpkg/buildtrees/curl/arm64-android-rel/CMakeFiles/CMakeScratch/TryCompile-uCPHeV/CMakeLists.txt:5 (project)


CMake Deprecation Warning at /home/runner/workspace/.ndk-tools/android-ndk-r27c/build/cmake/flags.cmake:18 (cmake_minimum_required):
  Compatibility with CMake < 3.10 will be removed from a future version of
  CMake.

  Update the VERSION argument <min> value.  Or, use the <min>...<max> syntax
  to tell CMake that the project requires at least <min> but has been updated
  to work with policies introduced by <max> or earlier.
Call Stack (most recent call first):
  /home/runner/workspace/thirdparty/vcpkg/downloads/tools/cmake-4.3.3-linux/cmake-4.3.3-linux-x86_64/share/cmake-4.3/Modules/Platform/Android-Clang.cmake:23 (include)
  /home/runner/workspace/thirdparty/vcpkg/downloads/tools/cmake-4.3.3-linux/cmake-4.3.3-linux-x86_64/share/cmake-4.3/Modules/Platform/Android-Clang-C.cmake:1 (include)
  /home/runner/workspace/thirdparty/vcpkg/downloads/tools/cmake-4.3.3-linux/cmake-4.3.3-linux-x86_64/share/cmake-4.3/Modules/CMakeCInformation.cmake:48 (include)
  /home/runner/workspace/thirdparty/vcpkg/buildtrees/curl/arm64-android-rel/CMakeFiles/CMakeScratch/TryCompile-uCPHeV/CMakeLists.txt:5 (project)


-- Looking for poll.h - found
-- Looking for pwd.h
CMake Deprecation Warning at /home/runner/workspace/.ndk-tools/android-ndk-r27c/build/cmake/android.toolchain.cmake:35 (cmake_minimum_required):
  Compatibility with CMake < 3.10 will be removed from a future version of
  CMake.

  Update the VERSION argument <min> value.  Or, use the <min>...<max> syntax
  to tell CMake that the project requires at least <min> but has been updated
  to work with policies introduced by <max> or earlier.
Call Stack (most recent call first):
  /home/runner/workspace/thirdparty/vcpkg/scripts/toolchains/android.cmake:32 (include)
  /home/runner/workspace/thirdparty/vcpkg/scripts/buildsystems/vcpkg.cmake:210 (include)
  /home/runner/workspace/thirdparty/vcpkg/buildtrees/curl/arm64-android-rel/CMakeFiles/4.3.3/CMakeSystem.cmake:6 (include)
  /home/runner/workspace/thirdparty/vcpkg/buildtrees/curl/arm64-android-rel/CMakeFiles/CMakeScratch/TryCompile-Viy3gX/CMakeLists.txt:5 (project)


CMake Deprecation Warning at /home/runner/workspace/.ndk-tools/android-ndk-r27c/build/cmake/android-legacy.toolchain.cmake:35 (cmake_minimum_required):
  Compatibility with CMake < 3.10 will be removed from a future version of
  CMake.

  Update the VERSION argument <min> value.  Or, use the <min>...<max> syntax
  to tell CMake that the project requires at least <min> but has been updated
  to work with policies introduced by <max> or earlier.
Call Stack (most recent call first):
  /home/runner/workspace/.ndk-tools/android-ndk-r27c/build/cmake/android.toolchain.cmake:55 (include)
  /home/runner/workspace/thirdparty/vcpkg/scripts/toolchains/android.cmake:32 (include)
  /home/runner/workspace/thirdparty/vcpkg/scripts/buildsystems/vcpkg.cmake:210 (include)
  /home/runner/workspace/thirdparty/vcpkg/buildtrees/curl/arm64-android-rel/CMakeFiles/4.3.3/CMakeSystem.cmake:6 (include)
  /home/runner/workspace/thirdparty/vcpkg/buildtrees/curl/arm64-android-rel/CMakeFiles/CMakeScratch/TryCompile-Viy3gX/CMakeLists.txt:5 (project)


CMake Deprecation Warning at /home/runner/workspace/.ndk-tools/android-ndk-r27c/build/cmake/flags.cmake:18 (cmake_minimum_required):
  Compatibility with CMake < 3.10 will be removed from a future version of
  CMake.

  Update the VERSION argument <min> value.  Or, use the <min>...<max> syntax
  to tell CMake that the project requires at least <min> but has been updated
  to work with policies introduced by <max> or earlier.
Call Stack (most recent call first):
  /home/runner/workspace/thirdparty/vcpkg/downloads/tools/cmake-4.3.3-linux/cmake-4.3.3-linux-x86_64/share/cmake-4.3/Modules/Platform/Android-Clang.cmake:23 (include)
  /home/runner/workspace/thirdparty/vcpkg/downloads/tools/cmake-4.3.3-linux/cmake-4.3.3-linux-x86_64/share/cmake-4.3/Modules/Platform/Android-Clang-C.cmake:1 (include)
  /home/runner/workspace/thirdparty/vcpkg/downloads/tools/cmake-4.3.3-linux/cmake-4.3.3-linux-x86_64/share/cmake-4.3/Modules/CMakeCInformation.cmake:48 (include)
  /home/runner/workspace/thirdparty/vcpkg/buildtrees/curl/arm64-android-rel/CMakeFiles/CMakeScratch/TryCompile-Viy3gX/CMakeLists.txt:5 (project)


-- Looking for pwd.h - found
-- Looking for stdatomic.h
CMake Deprecation Warning at /home/runner/workspace/.ndk-tools/android-ndk-r27c/build/cmake/android.toolchain.cmake:35 (cmake_minimum_required):
  Compatibility with CMake < 3.10 will be removed from a future version of
  CMake.

  Update the VERSION argument <min> value.  Or, use the <min>...<max> syntax
  to tell CMake that the project requires at least <min> but has been updated
  to work with policies introduced by <max> or earlier.
Call Stack (most recent call first):
  /home/runner/workspace/thirdparty/vcpkg/scripts/toolchains/android.cmake:32 (include)
  /home/runner/workspace/thirdparty/vcpkg/scripts/buildsystems/vcpkg.cmake:210 (include)
  /home/runner/workspace/thirdparty/vcpkg/buildtrees/curl/arm64-android-rel/CMakeFiles/4.3.3/CMakeSystem.cmake:6 (include)
  /home/runner/workspace/thirdparty/vcpkg/buildtrees/curl/arm64-android-rel/CMakeFiles/CMakeScratch/TryCompile-lvSL75/CMakeLists.txt:5 (project)


CMake Deprecation Warning at /home/runner/workspace/.ndk-tools/android-ndk-r27c/build/cmake/android-legacy.toolchain.cmake:35 (cmake_minimum_required):
  Compatibility with CMake < 3.10 will be removed from a future version of
  CMake.

  Update the VERSION argument <min> value.  Or, use the <min>...<max> syntax
  to tell CMake that the project requires at least <min> but has been updated
  to work with policies introduced by <max> or earlier.
Call Stack (most recent call first):
  /home/runner/workspace/.ndk-tools/android-ndk-r27c/build/cmake/android.toolchain.cmake:55 (include)
  /home/runner/workspace/thirdparty/vcpkg/scripts/toolchains/android.cmake:32 (include)
  /home/runner/workspace/thirdparty/vcpkg/scripts/buildsystems/vcpkg.cmake:210 (include)
  /home/runner/workspace/thirdparty/vcpkg/buildtrees/curl/arm64-android-rel/CMakeFiles/4.3.3/CMakeSystem.cmake:6 (include)
  /home/runner/workspace/thirdparty/vcpkg/buildtrees/curl/arm64-android-rel/CMakeFiles/CMakeScratch/TryCompile-lvSL75/CMakeLists.txt:5 (project)


CMake Deprecation Warning at /home/runner/workspace/.ndk-tools/android-ndk-r27c/build/cmake/flags.cmake:18 (cmake_minimum_required):
  Compatibility with CMake < 3.10 will be removed from a future version of
  CMake.

  Update the VERSION argument <min> value.  Or, use the <min>...<max> syntax
  to tell CMake that the project requires at least <min> but has been updated
  to work with policies introduced by <max> or earlier.
Call Stack (most recent call first):
  /home/runner/workspace/thirdparty/vcpkg/downloads/tools/cmake-4.3.3-linux/cmake-4.3.3-linux-x86_64/share/cmake-4.3/Modules/Platform/Android-Clang.cmake:23 (include)
  /home/runner/workspace/thirdparty/vcpkg/downloads/tools/cmake-4.3.3-linux/cmake-4.3.3-linux-x86_64/share/cmake-4.3/Modules/Platform/Android-Clang-C.cmake:1 (include)
  /home/runner/workspace/thirdparty/vcpkg/downloads/tools/cmake-4.3.3-linux/cmake-4.3.3-linux-x86_64/share/cmake-4.3/Modules/CMakeCInformation.cmake:48 (include)
  /home/runner/workspace/thirdparty/vcpkg/buildtrees/curl/arm64-android-rel/CMakeFiles/CMakeScratch/TryCompile-lvSL75/CMakeLists.txt:5 (project)


-- Looking for stdatomic.h - found
-- Looking for stdbool.h
CMake Deprecation Warning at /home/runner/workspace/.ndk-tools/android-ndk-r27c/build/cmake/android.toolchain.cmake:35 (cmake_minimum_required):
  Compatibility with CMake < 3.10 will be removed from a future version of
  CMake.

  Update the VERSION argument <min> value.  Or, use the <min>...<max> syntax
  to tell CMake that the project requires at least <min> but has been updated
  to work with policies introduced by <max> or earlier.
Call Stack (most recent call first):
  /home/runner/workspace/thirdparty/vcpkg/scripts/toolchains/android.cmake:32 (include)
  /home/runner/workspace/thirdparty/vcpkg/scripts/buildsystems/vcpkg.cmake:210 (include)
  /home/runner/workspace/thirdparty/vcpkg/buildtrees/curl/arm64-android-rel/CMakeFiles/4.3.3/CMakeSystem.cmake:6 (include)
  /home/runner/workspace/thirdparty/vcpkg/buildtrees/curl/arm64-android-rel/CMakeFiles/CMakeScratch/TryCompile-Ys2YFs/CMakeLists.txt:5 (project)


CMake Deprecation Warning at /home/runner/workspace/.ndk-tools/android-ndk-r27c/build/cmake/android-legacy.toolchain.cmake:35 (cmake_minimum_required):
  Compatibility with CMake < 3.10 will be removed from a future version of
  CMake.

  Update the VERSION argument <min> value.  Or, use the <min>...<max> syntax
  to tell CMake that the project requires at least <min> but has been updated
  to work with policies introduced by <max> or earlier.
Call Stack (most recent call first):
  /home/runner/workspace/.ndk-tools/android-ndk-r27c/build/cmake/android.toolchain.cmake:55 (include)
  /home/runner/workspace/thirdparty/vcpkg/scripts/toolchains/android.cmake:32 (include)
  /home/runner/workspace/thirdparty/vcpkg/scripts/buildsystems/vcpkg.cmake:210 (include)
  /home/runner/workspace/thirdparty/vcpkg/buildtrees/curl/arm64-android-rel/CMakeFiles/4.3.3/CMakeSystem.cmake:6 (include)
  /home/runner/workspace/thirdparty/vcpkg/buildtrees/curl/arm64-android-rel/CMakeFiles/CMakeScratch/TryCompile-Ys2YFs/CMakeLists.txt:5 (project)


CMake Deprecation Warning at /home/runner/workspace/.ndk-tools/android-ndk-r27c/build/cmake/flags.cmake:18 (cmake_minimum_required):
  Compatibility with CMake < 3.10 will be removed from a future version of
  CMake.

  Update the VERSION argument <min> value.  Or, use the <min>...<max> syntax
  to tell CMake that the project requires at least <min> but has been updated
  to work with policies introduced by <max> or earlier.
Call Stack (most recent call first):
  /home/runner/workspace/thirdparty/vcpkg/downloads/tools/cmake-4.3.3-linux/cmake-4.3.3-linux-x86_64/share/cmake-4.3/Modules/Platform/Android-Clang.cmake:23 (include)
  /home/runner/workspace/thirdparty/vcpkg/downloads/tools/cmake-4.3.3-linux/cmake-4.3.3-linux-x86_64/share/cmake-4.3/Modules/Platform/Android-Clang-C.cmake:1 (include)
  /home/runner/workspace/thirdparty/vcpkg/downloads/tools/cmake-4.3.3-linux/cmake-4.3.3-linux-x86_64/share/cmake-4.3/Modules/CMakeCInformation.cmake:48 (include)
  /home/runner/workspace/thirdparty/vcpkg/buildtrees/curl/arm64-android-rel/CMakeFiles/CMakeScratch/TryCompile-Ys2YFs/CMakeLists.txt:5 (project)


-- Looking for stdbool.h - found
-- Looking for strings.h
CMake Deprecation Warning at /home/runner/workspace/.ndk-tools/android-ndk-r27c/build/cmake/android.toolchain.cmake:35 (cmake_minimum_required):
  Compatibility with CMake < 3.10 will be removed from a future version of
  CMake.

  Update the VERSION argument <min> value.  Or, use the <min>...<max> syntax
  to tell CMake that the project requires at least <min> but has been updated
  to work with policies introduced by <max> or earlier.
Call Stack (most recent call first):
  /home/runner/workspace/thirdparty/vcpkg/scripts/toolchains/android.cmake:32 (include)
  /home/runner/workspace/thirdparty/vcpkg/scripts/buildsystems/vcpkg.cmake:210 (include)
  /home/runner/workspace/thirdparty/vcpkg/buildtrees/curl/arm64-android-rel/CMakeFiles/4.3.3/CMakeSystem.cmake:6 (include)
  /home/runner/workspace/thirdparty/vcpkg/buildtrees/curl/arm64-android-rel/CMakeFiles/CMakeScratch/TryCompile-7BFgcY/CMakeLists.txt:5 (project)


CMake Deprecation Warning at /home/runner/workspace/.ndk-tools/android-ndk-r27c/build/cmake/android-legacy.toolchain.cmake:35 (cmake_minimum_required):
  Compatibility with CMake < 3.10 will be removed from a future version of
  CMake.

  Update the VERSION argument <min> value.  Or, use the <min>...<max> syntax
  to tell CMake that the project requires at least <min> but has been updated
  to work with policies introduced by <max> or earlier.
Call Stack (most recent call first):
  /home/runner/workspace/.ndk-tools/android-ndk-r27c/build/cmake/android.toolchain.cmake:55 (include)
  /home/runner/workspace/thirdparty/vcpkg/scripts/toolchains/android.cmake:32 (include)
  /home/runner/workspace/thirdparty/vcpkg/scripts/buildsystems/vcpkg.cmake:210 (include)
  /home/runner/workspace/thirdparty/vcpkg/buildtrees/curl/arm64-android-rel/CMakeFiles/4.3.3/CMakeSystem.cmake:6 (include)
  /home/runner/workspace/thirdparty/vcpkg/buildtrees/curl/arm64-android-rel/CMakeFiles/CMakeScratch/TryCompile-7BFgcY/CMakeLists.txt:5 (project)


CMake Deprecation Warning at /home/runner/workspace/.ndk-tools/android-ndk-r27c/build/cmake/flags.cmake:18 (cmake_minimum_required):
  Compatibility with CMake < 3.10 will be removed from a future version of
  CMake.

  Update the VERSION argument <min> value.  Or, use the <min>...<max> syntax
  to tell CMake that the project requires at least <min> but has been updated
  to work with policies introduced by <max> or earlier.
Call Stack (most recent call first):
  /home/runner/workspace/thirdparty/vcpkg/downloads/tools/cmake-4.3.3-linux/cmake-4.3.3-linux-x86_64/share/cmake-4.3/Modules/Platform/Android-Clang.cmake:23 (include)
  /home/runner/workspace/thirdparty/vcpkg/downloads/tools/cmake-4.3.3-linux/cmake-4.3.3-linux-x86_64/share/cmake-4.3/Modules/Platform/Android-Clang-C.cmake:1 (include)
  /home/runner/workspace/thirdparty/vcpkg/downloads/tools/cmake-4.3.3-linux/cmake-4.3.3-linux-x86_64/share/cmake-4.3/Modules/CMakeCInformation.cmake:48 (include)
  /home/runner/workspace/thirdparty/vcpkg/buildtrees/curl/arm64-android-rel/CMakeFiles/CMakeScratch/TryCompile-7BFgcY/CMakeLists.txt:5 (project)


-- Looking for strings.h - found
-- Looking for stropts.h
CMake Deprecation Warning at /home/runner/workspace/.ndk-tools/android-ndk-r27c/build/cmake/android.toolchain.cmake:35 (cmake_minimum_required):
  Compatibility with CMake < 3.10 will be removed from a future version of
  CMake.

  Update the VERSION argument <min> value.  Or, use the <min>...<max> syntax
  to tell CMake that the project requires at least <min> but has been updated
  to work with policies introduced by <max> or earlier.
Call Stack (most recent call first):
  /home/runner/workspace/thirdparty/vcpkg/scripts/toolchains/android.cmake:32 (include)
  /home/runner/workspace/thirdparty/vcpkg/scripts/buildsystems/vcpkg.cmake:210 (include)
  /home/runner/workspace/thirdparty/vcpkg/buildtrees/curl/arm64-android-rel/CMakeFiles/4.3.3/CMakeSystem.cmake:6 (include)
  /home/runner/workspace/thirdparty/vcpkg/buildtrees/curl/arm64-android-rel/CMakeFiles/CMakeScratch/TryCompile-unQOYq/CMakeLists.txt:5 (project)


CMake Deprecation Warning at /home/runner/workspace/.ndk-tools/android-ndk-r27c/build/cmake/android-legacy.toolchain.cmake:35 (cmake_minimum_required):
  Compatibility with CMake < 3.10 will be removed from a future version of
  CMake.

  Update the VERSION argument <min> value.  Or, use the <min>...<max> syntax
  to tell CMake that the project requires at least <min> but has been updated
  to work with policies introduced by <max> or earlier.
Call Stack (most recent call first):
  /home/runner/workspace/.ndk-tools/android-ndk-r27c/build/cmake/android.toolchain.cmake:55 (include)
  /home/runner/workspace/thirdparty/vcpkg/scripts/toolchains/android.cmake:32 (include)
  /home/runner/workspace/thirdparty/vcpkg/scripts/buildsystems/vcpkg.cmake:210 (include)
  /home/runner/workspace/thirdparty/vcpkg/buildtrees/curl/arm64-android-rel/CMakeFiles/4.3.3/CMakeSystem.cmake:6 (include)
  /home/runner/workspace/thirdparty/vcpkg/buildtrees/curl/arm64-android-rel/CMakeFiles/CMakeScratch/TryCompile-unQOYq/CMakeLists.txt:5 (project)


CMake Deprecation Warning at /home/runner/workspace/.ndk-tools/android-ndk-r27c/build/cmake/flags.cmake:18 (cmake_minimum_required):
  Compatibility with CMake < 3.10 will be removed from a future version of
  CMake.

  Update the VERSION argument <min> value.  Or, use the <min>...<max> syntax
  to tell CMake that the project requires at least <min> but has been updated
  to work with policies introduced by <max> or earlier.
Call Stack (most recent call first):
  /home/runner/workspace/thirdparty/vcpkg/downloads/tools/cmake-4.3.3-linux/cmake-4.3.3-linux-x86_64/share/cmake-4.3/Modules/Platform/Android-Clang.cmake:23 (include)
  /home/runner/workspace/thirdparty/vcpkg/downloads/tools/cmake-4.3.3-linux/cmake-4.3.3-linux-x86_64/share/cmake-4.3/Modules/Platform/Android-Clang-C.cmake:1 (include)
  /home/runner/workspace/thirdparty/vcpkg/downloads/tools/cmake-4.3.3-linux/cmake-4.3.3-linux-x86_64/share/cmake-4.3/Modules/CMakeCInformation.cmake:48 (include)
  /home/runner/workspace/thirdparty/vcpkg/buildtrees/curl/arm64-android-rel/CMakeFiles/CMakeScratch/TryCompile-unQOYq/CMakeLists.txt:5 (project)


-- Looking for stropts.h - not found
-- Looking for termio.h
CMake Deprecation Warning at /home/runner/workspace/.ndk-tools/android-ndk-r27c/build/cmake/android.toolchain.cmake:35 (cmake_minimum_required):
  Compatibility with CMake < 3.10 will be removed from a future version of
  CMake.

  Update the VERSION argument <min> value.  Or, use the <min>...<max> syntax
  to tell CMake that the project requires at least <min> but has been updated
  to work with policies introduced by <max> or earlier.
Call Stack (most recent call first):
  /home/runner/workspace/thirdparty/vcpkg/scripts/toolchains/android.cmake:32 (include)
  /home/runner/workspace/thirdparty/vcpkg/scripts/buildsystems/vcpkg.cmake:210 (include)
  /home/runner/workspace/thirdparty/vcpkg/buildtrees/curl/arm64-android-rel/CMakeFiles/4.3.3/CMakeSystem.cmake:6 (include)
  /home/runner/workspace/thirdparty/vcpkg/buildtrees/curl/arm64-android-rel/CMakeFiles/CMakeScratch/TryCompile-FRsIIq/CMakeLists.txt:5 (project)


CMake Deprecation Warning at /home/runner/workspace/.ndk-tools/android-ndk-r27c/build/cmake/android-legacy.toolchain.cmake:35 (cmake_minimum_required):
  Compatibility with CMake < 3.10 will be removed from a future version of
  CMake.

  Update the VERSION argument <min> value.  Or, use the <min>...<max> syntax
  to tell CMake that the project requires at least <min> but has been updated
  to work with policies introduced by <max> or earlier.
Call Stack (most recent call first):
  /home/runner/workspace/.ndk-tools/android-ndk-r27c/build/cmake/android.toolchain.cmake:55 (include)
  /home/runner/workspace/thirdparty/vcpkg/scripts/toolchains/android.cmake:32 (include)
  /home/runner/workspace/thirdparty/vcpkg/scripts/buildsystems/vcpkg.cmake:210 (include)
  /home/runner/workspace/thirdparty/vcpkg/buildtrees/curl/arm64-android-rel/CMakeFiles/4.3.3/CMakeSystem.cmake:6 (include)
  /home/runner/workspace/thirdparty/vcpkg/buildtrees/curl/arm64-android-rel/CMakeFiles/CMakeScratch/TryCompile-FRsIIq/CMakeLists.txt:5 (project)


CMake Deprecation Warning at /home/runner/workspace/.ndk-tools/android-ndk-r27c/build/cmake/flags.cmake:18 (cmake_minimum_required):
  Compatibility with CMake < 3.10 will be removed from a future version of
  CMake.

  Update the VERSION argument <min> value.  Or, use the <min>...<max> syntax
  to tell CMake that the project requires at least <min> but has been updated
  to work with policies introduced by <max> or earlier.
Call Stack (most recent call first):
  /home/runner/workspace/thirdparty/vcpkg/downloads/tools/cmake-4.3.3-linux/cmake-4.3.3-linux-x86_64/share/cmake-4.3/Modules/Platform/Android-Clang.cmake:23 (include)
  /home/runner/workspace/thirdparty/vcpkg/downloads/tools/cmake-4.3.3-linux/cmake-4.3.3-linux-x86_64/share/cmake-4.3/Modules/Platform/Android-Clang-C.cmake:1 (include)
  /home/runner/workspace/thirdparty/vcpkg/downloads/tools/cmake-4.3.3-linux/cmake-4.3.3-linux-x86_64/share/cmake-4.3/Modules/CMakeCInformation.cmake:48 (include)
  /home/runner/workspace/thirdparty/vcpkg/buildtrees/curl/arm64-android-rel/CMakeFiles/CMakeScratch/TryCompile-FRsIIq/CMakeLists.txt:5 (project)


-- Looking for termio.h - found
-- Looking for termios.h
CMake Deprecation Warning at /home/runner/workspace/.ndk-tools/android-ndk-r27c/build/cmake/android.toolchain.cmake:35 (cmake_minimum_required):
  Compatibility with CMake < 3.10 will be removed from a future version of
  CMake.

  Update the VERSION argument <min> value.  Or, use the <min>...<max> syntax
  to tell CMake that the project requires at least <min> but has been updated
  to work with policies introduced by <max> or earlier.
Call Stack (most recent call first):
  /home/runner/workspace/thirdparty/vcpkg/scripts/toolchains/android.cmake:32 (include)
  /home/runner/workspace/thirdparty/vcpkg/scripts/buildsystems/vcpkg.cmake:210 (include)
  /home/runner/workspace/thirdparty/vcpkg/buildtrees/curl/arm64-android-rel/CMakeFiles/4.3.3/CMakeSystem.cmake:6 (include)
  /home/runner/workspace/thirdparty/vcpkg/buildtrees/curl/arm64-android-rel/CMakeFiles/CMakeScratch/TryCompile-Fv1oHV/CMakeLists.txt:5 (project)


CMake Deprecation Warning at /home/runner/workspace/.ndk-tools/android-ndk-r27c/build/cmake/android-legacy.toolchain.cmake:35 (cmake_minimum_required):
  Compatibility with CMake < 3.10 will be removed from a future version of
  CMake.

  Update the VERSION argument <min> value.  Or, use the <min>...<max> syntax
  to tell CMake that the project requires at least <min> but has been updated
  to work with policies introduced by <max> or earlier.
Call Stack (most recent call first):
  /home/runner/workspace/.ndk-tools/android-ndk-r27c/build/cmake/android.toolchain.cmake:55 (include)
  /home/runner/workspace/thirdparty/vcpkg/scripts/toolchains/android.cmake:32 (include)
  /home/runner/workspace/thirdparty/vcpkg/scripts/buildsystems/vcpkg.cmake:210 (include)
  /home/runner/workspace/thirdparty/vcpkg/buildtrees/curl/arm64-android-rel/CMakeFiles/4.3.3/CMakeSystem.cmake:6 (include)
  /home/runner/workspace/thirdparty/vcpkg/buildtrees/curl/arm64-android-rel/CMakeFiles/CMakeScratch/TryCompile-Fv1oHV/CMakeLists.txt:5 (project)


CMake Deprecation Warning at /home/runner/workspace/.ndk-tools/android-ndk-r27c/build/cmake/flags.cmake:18 (cmake_minimum_required):
  Compatibility with CMake < 3.10 will be removed from a future version of
  CMake.

  Update the VERSION argument <min> value.  Or, use the <min>...<max> syntax
  to tell CMake that the project requires at least <min> but has been updated
  to work with policies introduced by <max> or earlier.
Call Stack (most recent call first):
  /home/runner/workspace/thirdparty/vcpkg/downloads/tools/cmake-4.3.3-linux/cmake-4.3.3-linux-x86_64/share/cmake-4.3/Modules/Platform/Android-Clang.cmake:23 (include)
  /home/runner/workspace/thirdparty/vcpkg/downloads/tools/cmake-4.3.3-linux/cmake-4.3.3-linux-x86_64/share/cmake-4.3/Modules/Platform/Android-Clang-C.cmake:1 (include)
  /home/runner/workspace/thirdparty/vcpkg/downloads/tools/cmake-4.3.3-linux/cmake-4.3.3-linux-x86_64/share/cmake-4.3/Modules/CMakeCInformation.cmake:48 (include)
  /home/runner/workspace/thirdparty/vcpkg/buildtrees/curl/arm64-android-rel/CMakeFiles/CMakeScratch/TryCompile-Fv1oHV/CMakeLists.txt:5 (project)


-- Looking for termios.h - found
-- Looking for 12 include files sys/select.h, ..., unistd.h
CMake Deprecation Warning at /home/runner/workspace/.ndk-tools/android-ndk-r27c/build/cmake/android.toolchain.cmake:35 (cmake_minimum_required):
  Compatibility with CMake < 3.10 will be removed from a future version of
  CMake.

  Update the VERSION argument <min> value.  Or, use the <min>...<max> syntax
  to tell CMake that the project requires at least <min> but has been updated
  to work with policies introduced by <max> or earlier.
Call Stack (most recent call first):
  /home/runner/workspace/thirdparty/vcpkg/scripts/toolchains/android.cmake:32 (include)
  /home/runner/workspace/thirdparty/vcpkg/scripts/buildsystems/vcpkg.cmake:210 (include)
  /home/runner/workspace/thirdparty/vcpkg/buildtrees/curl/arm64-android-rel/CMakeFiles/4.3.3/CMakeSystem.cmake:6 (include)
  /home/runner/workspace/thirdparty/vcpkg/buildtrees/curl/arm64-android-rel/CMakeFiles/CMakeScratch/TryCompile-8j8BOJ/CMakeLists.txt:5 (project)


CMake Deprecation Warning at /home/runner/workspace/.ndk-tools/android-ndk-r27c/build/cmake/android-legacy.toolchain.cmake:35 (cmake_minimum_required):
  Compatibility with CMake < 3.10 will be removed from a future version of
  CMake.

  Update the VERSION argument <min> value.  Or, use the <min>...<max> syntax
  to tell CMake that the project requires at least <min> but has been updated
  to work with policies introduced by <max> or earlier.
Call Stack (most recent call first):
  /home/runner/workspace/.ndk-tools/android-ndk-r27c/build/cmake/android.toolchain.cmake:55 (include)
  /home/runner/workspace/thirdparty/vcpkg/scripts/toolchains/android.cmake:32 (include)
  /home/runner/workspace/thirdparty/vcpkg/scripts/buildsystems/vcpkg.cmake:210 (include)
  /home/runner/workspace/thirdparty/vcpkg/buildtrees/curl/arm64-android-rel/CMakeFiles/4.3.3/CMakeSystem.cmake:6 (include)
  /home/runner/workspace/thirdparty/vcpkg/buildtrees/curl/arm64-android-rel/CMakeFiles/CMakeScratch/TryCompile-8j8BOJ/CMakeLists.txt:5 (project)


CMake Deprecation Warning at /home/runner/workspace/.ndk-tools/android-ndk-r27c/build/cmake/flags.cmake:18 (cmake_minimum_required):
  Compatibility with CMake < 3.10 will be removed from a future version of
  CMake.

  Update the VERSION argument <min> value.  Or, use the <min>...<max> syntax
  to tell CMake that the project requires at least <min> but has been updated
  to work with policies introduced by <max> or earlier.
Call Stack (most recent call first):
  /home/runner/workspace/thirdparty/vcpkg/downloads/tools/cmake-4.3.3-linux/cmake-4.3.3-linux-x86_64/share/cmake-4.3/Modules/Platform/Android-Clang.cmake:23 (include)
  /home/runner/workspace/thirdparty/vcpkg/downloads/tools/cmake-4.3.3-linux/cmake-4.3.3-linux-x86_64/share/cmake-4.3/Modules/Platform/Android-Clang-C.cmake:1 (include)
  /home/runner/workspace/thirdparty/vcpkg/downloads/tools/cmake-4.3.3-linux/cmake-4.3.3-linux-x86_64/share/cmake-4.3/Modules/CMakeCInformation.cmake:48 (include)
  /home/runner/workspace/thirdparty/vcpkg/buildtrees/curl/arm64-android-rel/CMakeFiles/CMakeScratch/TryCompile-8j8BOJ/CMakeLists.txt:5 (project)


-- Looking for 12 include files sys/select.h, ..., unistd.h - found
-- Looking for utime.h
CMake Deprecation Warning at /home/runner/workspace/.ndk-tools/android-ndk-r27c/build/cmake/android.toolchain.cmake:35 (cmake_minimum_required):
  Compatibility with CMake < 3.10 will be removed from a future version of
  CMake.

  Update the VERSION argument <min> value.  Or, use the <min>...<max> syntax
  to tell CMake that the project requires at least <min> but has been updated
  to work with policies introduced by <max> or earlier.
Call Stack (most recent call first):
  /home/runner/workspace/thirdparty/vcpkg/scripts/toolchains/android.cmake:32 (include)
  /home/runner/workspace/thirdparty/vcpkg/scripts/buildsystems/vcpkg.cmake:210 (include)
  /home/runner/workspace/thirdparty/vcpkg/buildtrees/curl/arm64-android-rel/CMakeFiles/4.3.3/CMakeSystem.cmake:6 (include)
  /home/runner/workspace/thirdparty/vcpkg/buildtrees/curl/arm64-android-rel/CMakeFiles/CMakeScratch/TryCompile-N1BBC1/CMakeLists.txt:5 (project)


CMake Deprecation Warning at /home/runner/workspace/.ndk-tools/android-ndk-r27c/build/cmake/android-legacy.toolchain.cmake:35 (cmake_minimum_required):
  Compatibility with CMake < 3.10 will be removed from a future version of
  CMake.

  Update the VERSION argument <min> value.  Or, use the <min>...<max> syntax
  to tell CMake that the project requires at least <min> but has been updated
  to work with policies introduced by <max> or earlier.
Call Stack (most recent call first):
  /home/runner/workspace/.ndk-tools/android-ndk-r27c/build/cmake/android.toolchain.cmake:55 (include)
  /home/runner/workspace/thirdparty/vcpkg/scripts/toolchains/android.cmake:32 (include)
  /home/runner/workspace/thirdparty/vcpkg/scripts/buildsystems/vcpkg.cmake:210 (include)
  /home/runner/workspace/thirdparty/vcpkg/buildtrees/curl/arm64-android-rel/CMakeFiles/4.3.3/CMakeSystem.cmake:6 (include)
  /home/runner/workspace/thirdparty/vcpkg/buildtrees/curl/arm64-android-rel/CMakeFiles/CMakeScratch/TryCompile-N1BBC1/CMakeLists.txt:5 (project)


CMake Deprecation Warning at /home/runner/workspace/.ndk-tools/android-ndk-r27c/build/cmake/flags.cmake:18 (cmake_minimum_required):
  Compatibility with CMake < 3.10 will be removed from a future version of
  CMake.

  Update the VERSION argument <min> value.  Or, use the <min>...<max> syntax
  to tell CMake that the project requires at least <min> but has been updated
  to work with policies introduced by <max> or earlier.
Call Stack (most recent call first):
  /home/runner/workspace/thirdparty/vcpkg/downloads/tools/cmake-4.3.3-linux/cmake-4.3.3-linux-x86_64/share/cmake-4.3/Modules/Platform/Android-Clang.cmake:23 (include)
  /home/runner/workspace/thirdparty/vcpkg/downloads/tools/cmake-4.3.3-linux/cmake-4.3.3-linux-x86_64/share/cmake-4.3/Modules/Platform/Android-Clang-C.cmake:1 (include)
  /home/runner/workspace/thirdparty/vcpkg/downloads/tools/cmake-4.3.3-linux/cmake-4.3.3-linux-x86_64/share/cmake-4.3/Modules/CMakeCInformation.cmake:48 (include)
  /home/runner/workspace/thirdparty/vcpkg/buildtrees/curl/arm64-android-rel/CMakeFiles/CMakeScratch/TryCompile-N1BBC1/CMakeLists.txt:5 (project)


-- Looking for utime.h - found
-- Looking for stdint.h
CMake Deprecation Warning at /home/runner/workspace/.ndk-tools/android-ndk-r27c/build/cmake/android.toolchain.cmake:35 (cmake_minimum_required):
  Compatibility with CMake < 3.10 will be removed from a future version of
  CMake.

  Update the VERSION argument <min> value.  Or, use the <min>...<max> syntax
  to tell CMake that the project requires at least <min> but has been updated
  to work with policies introduced by <max> or earlier.
Call Stack (most recent call first):
  /home/runner/workspace/thirdparty/vcpkg/scripts/toolchains/android.cmake:32 (include)
  /home/runner/workspace/thirdparty/vcpkg/scripts/buildsystems/vcpkg.cmake:210 (include)
  /home/runner/workspace/thirdparty/vcpkg/buildtrees/curl/arm64-android-rel/CMakeFiles/4.3.3/CMakeSystem.cmake:6 (include)
  /home/runner/workspace/thirdparty/vcpkg/buildtrees/curl/arm64-android-rel/CMakeFiles/CMakeScratch/TryCompile-hTbGY9/CMakeLists.txt:5 (project)


CMake Deprecation Warning at /home/runner/workspace/.ndk-tools/android-ndk-r27c/build/cmake/android-legacy.toolchain.cmake:35 (cmake_minimum_required):
  Compatibility with CMake < 3.10 will be removed from a future version of
  CMake.

  Update the VERSION argument <min> value.  Or, use the <min>...<max> syntax
  to tell CMake that the project requires at least <min> but has been updated
  to work with policies introduced by <max> or earlier.
Call Stack (most recent call first):
  /home/runner/workspace/.ndk-tools/android-ndk-r27c/build/cmake/android.toolchain.cmake:55 (include)
  /home/runner/workspace/thirdparty/vcpkg/scripts/toolchains/android.cmake:32 (include)
  /home/runner/workspace/thirdparty/vcpkg/scripts/buildsystems/vcpkg.cmake:210 (include)
  /home/runner/workspace/thirdparty/vcpkg/buildtrees/curl/arm64-android-rel/CMakeFiles/4.3.3/CMakeSystem.cmake:6 (include)
  /home/runner/workspace/thirdparty/vcpkg/buildtrees/curl/arm64-android-rel/CMakeFiles/CMakeScratch/TryCompile-hTbGY9/CMakeLists.txt:5 (project)


CMake Deprecation Warning at /home/runner/workspace/.ndk-tools/android-ndk-r27c/build/cmake/flags.cmake:18 (cmake_minimum_required):
  Compatibility with CMake < 3.10 will be removed from a future version of
  CMake.

  Update the VERSION argument <min> value.  Or, use the <min>...<max> syntax
  to tell CMake that the project requires at least <min> but has been updated
  to work with policies introduced by <max> or earlier.
Call Stack (most recent call first):
  /home/runner/workspace/thirdparty/vcpkg/downloads/tools/cmake-4.3.3-linux/cmake-4.3.3-linux-x86_64/share/cmake-4.3/Modules/Platform/Android-Clang.cmake:23 (include)
  /home/runner/workspace/thirdparty/vcpkg/downloads/tools/cmake-4.3.3-linux/cmake-4.3.3-linux-x86_64/share/cmake-4.3/Modules/Platform/Android-Clang-C.cmake:1 (include)
  /home/runner/workspace/thirdparty/vcpkg/downloads/tools/cmake-4.3.3-linux/cmake-4.3.3-linux-x86_64/share/cmake-4.3/Modules/CMakeCInformation.cmake:48 (include)
  /home/runner/workspace/thirdparty/vcpkg/buildtrees/curl/arm64-android-rel/CMakeFiles/CMakeScratch/TryCompile-hTbGY9/CMakeLists.txt:5 (project)


-- Looking for stdint.h - found
-- Looking for stddef.h
CMake Deprecation Warning at /home/runner/workspace/.ndk-tools/android-ndk-r27c/build/cmake/android.toolchain.cmake:35 (cmake_minimum_required):
  Compatibility with CMake < 3.10 will be removed from a future version of
  CMake.

  Update the VERSION argument <min> value.  Or, use the <min>...<max> syntax
  to tell CMake that the project requires at least <min> but has been updated
  to work with policies introduced by <max> or earlier.
Call Stack (most recent call first):
  /home/runner/workspace/thirdparty/vcpkg/scripts/toolchains/android.cmake:32 (include)
  /home/runner/workspace/thirdparty/vcpkg/scripts/buildsystems/vcpkg.cmake:210 (include)
  /home/runner/workspace/thirdparty/vcpkg/buildtrees/curl/arm64-android-rel/CMakeFiles/4.3.3/CMakeSystem.cmake:6 (include)
  /home/runner/workspace/thirdparty/vcpkg/buildtrees/curl/arm64-android-rel/CMakeFiles/CMakeScratch/TryCompile-RsAgls/CMakeLists.txt:5 (project)


CMake Deprecation Warning at /home/runner/workspace/.ndk-tools/android-ndk-r27c/build/cmake/android-legacy.toolchain.cmake:35 (cmake_minimum_required):
  Compatibility with CMake < 3.10 will be removed from a future version of
  CMake.

  Update the VERSION argument <min> value.  Or, use the <min>...<max> syntax
  to tell CMake that the project requires at least <min> but has been updated
  to work with policies introduced by <max> or earlier.
Call Stack (most recent call first):
  /home/runner/workspace/.ndk-tools/android-ndk-r27c/build/cmake/android.toolchain.cmake:55 (include)
  /home/runner/workspace/thirdparty/vcpkg/scripts/toolchains/android.cmake:32 (include)
  /home/runner/workspace/thirdparty/vcpkg/scripts/buildsystems/vcpkg.cmake:210 (include)
  /home/runner/workspace/thirdparty/vcpkg/buildtrees/curl/arm64-android-rel/CMakeFiles/4.3.3/CMakeSystem.cmake:6 (include)
  /home/runner/workspace/thirdparty/vcpkg/buildtrees/curl/arm64-android-rel/CMakeFiles/CMakeScratch/TryCompile-RsAgls/CMakeLists.txt:5 (project)


CMake Deprecation Warning at /home/runner/workspace/.ndk-tools/android-ndk-r27c/build/cmake/flags.cmake:18 (cmake_minimum_required):
  Compatibility with CMake < 3.10 will be removed from a future version of
  CMake.

  Update the VERSION argument <min> value.  Or, use the <min>...<max> syntax
  to tell CMake that the project requires at least <min> but has been updated
  to work with policies introduced by <max> or earlier.
Call Stack (most recent call first):
  /home/runner/workspace/thirdparty/vcpkg/downloads/tools/cmake-4.3.3-linux/cmake-4.3.3-linux-x86_64/share/cmake-4.3/Modules/Platform/Android-Clang.cmake:23 (include)
  /home/runner/workspace/thirdparty/vcpkg/downloads/tools/cmake-4.3.3-linux/cmake-4.3.3-linux-x86_64/share/cmake-4.3/Modules/Platform/Android-Clang-C.cmake:1 (include)
  /home/runner/workspace/thirdparty/vcpkg/downloads/tools/cmake-4.3.3-linux/cmake-4.3.3-linux-x86_64/share/cmake-4.3/Modules/CMakeCInformation.cmake:48 (include)
  /home/runner/workspace/thirdparty/vcpkg/buildtrees/curl/arm64-android-rel/CMakeFiles/CMakeScratch/TryCompile-RsAgls/CMakeLists.txt:5 (project)


-- Looking for stddef.h - found
-- Check size of size_t
CMake Deprecation Warning at /home/runner/workspace/.ndk-tools/android-ndk-r27c/build/cmake/android.toolchain.cmake:35 (cmake_minimum_required):
  Compatibility with CMake < 3.10 will be removed from a future version of
  CMake.

  Update the VERSION argument <min> value.  Or, use the <min>...<max> syntax
  to tell CMake that the project requires at least <min> but has been updated
  to work with policies introduced by <max> or earlier.
Call Stack (most recent call first):
  /home/runner/workspace/thirdparty/vcpkg/scripts/toolchains/android.cmake:32 (include)
  /home/runner/workspace/thirdparty/vcpkg/scripts/buildsystems/vcpkg.cmake:210 (include)
  /home/runner/workspace/thirdparty/vcpkg/buildtrees/curl/arm64-android-rel/CMakeFiles/4.3.3/CMakeSystem.cmake:6 (include)
  /home/runner/workspace/thirdparty/vcpkg/buildtrees/curl/arm64-android-rel/CMakeFiles/CMakeScratch/TryCompile-ZwCarV/CMakeLists.txt:5 (project)


CMake Deprecation Warning at /home/runner/workspace/.ndk-tools/android-ndk-r27c/build/cmake/android-legacy.toolchain.cmake:35 (cmake_minimum_required):
  Compatibility with CMake < 3.10 will be removed from a future version of
  CMake.

  Update the VERSION argument <min> value.  Or, use the <min>...<max> syntax
  to tell CMake that the project requires at least <min> but has been updated
  to work with policies introduced by <max> or earlier.
Call Stack (most recent call first):
  /home/runner/workspace/.ndk-tools/android-ndk-r27c/build/cmake/android.toolchain.cmake:55 (include)
  /home/runner/workspace/thirdparty/vcpkg/scripts/toolchains/android.cmake:32 (include)
  /home/runner/workspace/thirdparty/vcpkg/scripts/buildsystems/vcpkg.cmake:210 (include)
  /home/runner/workspace/thirdparty/vcpkg/buildtrees/curl/arm64-android-rel/CMakeFiles/4.3.3/CMakeSystem.cmake:6 (include)
  /home/runner/workspace/thirdparty/vcpkg/buildtrees/curl/arm64-android-rel/CMakeFiles/CMakeScratch/TryCompile-ZwCarV/CMakeLists.txt:5 (project)


CMake Deprecation Warning at /home/runner/workspace/.ndk-tools/android-ndk-r27c/build/cmake/flags.cmake:18 (cmake_minimum_required):
  Compatibility with CMake < 3.10 will be removed from a future version of
  CMake.

  Update the VERSION argument <min> value.  Or, use the <min>...<max> syntax
  to tell CMake that the project requires at least <min> but has been updated
  to work with policies introduced by <max> or earlier.
Call Stack (most recent call first):
  /home/runner/workspace/thirdparty/vcpkg/downloads/tools/cmake-4.3.3-linux/cmake-4.3.3-linux-x86_64/share/cmake-4.3/Modules/Platform/Android-Clang.cmake:23 (include)
  /home/runner/workspace/thirdparty/vcpkg/downloads/tools/cmake-4.3.3-linux/cmake-4.3.3-linux-x86_64/share/cmake-4.3/Modules/Platform/Android-Clang-C.cmake:1 (include)
  /home/runner/workspace/thirdparty/vcpkg/downloads/tools/cmake-4.3.3-linux/cmake-4.3.3-linux-x86_64/share/cmake-4.3/Modules/CMakeCInformation.cmake:48 (include)
  /home/runner/workspace/thirdparty/vcpkg/buildtrees/curl/arm64-android-rel/CMakeFiles/CMakeScratch/TryCompile-ZwCarV/CMakeLists.txt:5 (project)


-- Check size of size_t - done
-- Check size of ssize_t
CMake Deprecation Warning at /home/runner/workspace/.ndk-tools/android-ndk-r27c/build/cmake/android.toolchain.cmake:35 (cmake_minimum_required):
  Compatibility with CMake < 3.10 will be removed from a future version of
  CMake.

  Update the VERSION argument <min> value.  Or, use the <min>...<max> syntax
  to tell CMake that the project requires at least <min> but has been updated
  to work with policies introduced by <max> or earlier.
Call Stack (most recent call first):
  /home/runner/workspace/thirdparty/vcpkg/scripts/toolchains/android.cmake:32 (include)
  /home/runner/workspace/thirdparty/vcpkg/scripts/buildsystems/vcpkg.cmake:210 (include)
  /home/runner/workspace/thirdparty/vcpkg/buildtrees/curl/arm64-android-rel/CMakeFiles/4.3.3/CMakeSystem.cmake:6 (include)
  /home/runner/workspace/thirdparty/vcpkg/buildtrees/curl/arm64-android-rel/CMakeFiles/CMakeScratch/TryCompile-OkuIsg/CMakeLists.txt:5 (project)


CMake Deprecation Warning at /home/runner/workspace/.ndk-tools/android-ndk-r27c/build/cmake/android-legacy.toolchain.cmake:35 (cmake_minimum_required):
  Compatibility with CMake < 3.10 will be removed from a future version of
  CMake.

  Update the VERSION argument <min> value.  Or, use the <min>...<max> syntax
  to tell CMake that the project requires at least <min> but has been updated
  to work with policies introduced by <max> or earlier.
Call Stack (most recent call first):
  /home/runner/workspace/.ndk-tools/android-ndk-r27c/build/cmake/android.toolchain.cmake:55 (include)
  /home/runner/workspace/thirdparty/vcpkg/scripts/toolchains/android.cmake:32 (include)
  /home/runner/workspace/thirdparty/vcpkg/scripts/buildsystems/vcpkg.cmake:210 (include)
  /home/runner/workspace/thirdparty/vcpkg/buildtrees/curl/arm64-android-rel/CMakeFiles/4.3.3/CMakeSystem.cmake:6 (include)
  /home/runner/workspace/thirdparty/vcpkg/buildtrees/curl/arm64-android-rel/CMakeFiles/CMakeScratch/TryCompile-OkuIsg/CMakeLists.txt:5 (project)


CMake Deprecation Warning at /home/runner/workspace/.ndk-tools/android-ndk-r27c/build/cmake/flags.cmake:18 (cmake_minimum_required):
  Compatibility with CMake < 3.10 will be removed from a future version of
  CMake.

  Update the VERSION argument <min> value.  Or, use the <min>...<max> syntax
  to tell CMake that the project requires at least <min> but has been updated
  to work with policies introduced by <max> or earlier.
Call Stack (most recent call first):
  /home/runner/workspace/thirdparty/vcpkg/downloads/tools/cmake-4.3.3-linux/cmake-4.3.3-linux-x86_64/share/cmake-4.3/Modules/Platform/Android-Clang.cmake:23 (include)
  /home/runner/workspace/thirdparty/vcpkg/downloads/tools/cmake-4.3.3-linux/cmake-4.3.3-linux-x86_64/share/cmake-4.3/Modules/Platform/Android-Clang-C.cmake:1 (include)
  /home/runner/workspace/thirdparty/vcpkg/downloads/tools/cmake-4.3.3-linux/cmake-4.3.3-linux-x86_64/share/cmake-4.3/Modules/CMakeCInformation.cmake:48 (include)
  /home/runner/workspace/thirdparty/vcpkg/buildtrees/curl/arm64-android-rel/CMakeFiles/CMakeScratch/TryCompile-OkuIsg/CMakeLists.txt:5 (project)


-- Check size of ssize_t - done
-- Check size of long long
CMake Deprecation Warning at /home/runner/workspace/.ndk-tools/android-ndk-r27c/build/cmake/android.toolchain.cmake:35 (cmake_minimum_required):
  Compatibility with CMake < 3.10 will be removed from a future version of
  CMake.

  Update the VERSION argument <min> value.  Or, use the <min>...<max> syntax
  to tell CMake that the project requires at least <min> but has been updated
  to work with policies introduced by <max> or earlier.
Call Stack (most recent call first):
  /home/runner/workspace/thirdparty/vcpkg/scripts/toolchains/android.cmake:32 (include)
  /home/runner/workspace/thirdparty/vcpkg/scripts/buildsystems/vcpkg.cmake:210 (include)
  /home/runner/workspace/thirdparty/vcpkg/buildtrees/curl/arm64-android-rel/CMakeFiles/4.3.3/CMakeSystem.cmake:6 (include)
  /home/runner/workspace/thirdparty/vcpkg/buildtrees/curl/arm64-android-rel/CMakeFiles/CMakeScratch/TryCompile-jwflF7/CMakeLists.txt:5 (project)


CMake Deprecation Warning at /home/runner/workspace/.ndk-tools/android-ndk-r27c/build/cmake/android-legacy.toolchain.cmake:35 (cmake_minimum_required):
  Compatibility with CMake < 3.10 will be removed from a future version of
  CMake.

  Update the VERSION argument <min> value.  Or, use the <min>...<max> syntax
  to tell CMake that the project requires at least <min> but has been updated
  to work with policies introduced by <max> or earlier.
Call Stack (most recent call first):
  /home/runner/workspace/.ndk-tools/android-ndk-r27c/build/cmake/android.toolchain.cmake:55 (include)
  /home/runner/workspace/thirdparty/vcpkg/scripts/toolchains/android.cmake:32 (include)
  /home/runner/workspace/thirdparty/vcpkg/scripts/buildsystems/vcpkg.cmake:210 (include)
  /home/runner/workspace/thirdparty/vcpkg/buildtrees/curl/arm64-android-rel/CMakeFiles/4.3.3/CMakeSystem.cmake:6 (include)
  /home/runner/workspace/thirdparty/vcpkg/buildtrees/curl/arm64-android-rel/CMakeFiles/CMakeScratch/TryCompile-jwflF7/CMakeLists.txt:5 (project)


CMake Deprecation Warning at /home/runner/workspace/.ndk-tools/android-ndk-r27c/build/cmake/flags.cmake:18 (cmake_minimum_required):
  Compatibility with CMake < 3.10 will be removed from a future version of
  CMake.

  Update the VERSION argument <min> value.  Or, use the <min>...<max> syntax
  to tell CMake that the project requires at least <min> but has been updated
  to work with policies introduced by <max> or earlier.
Call Stack (most recent call first):
  /home/runner/workspace/thirdparty/vcpkg/downloads/tools/cmake-4.3.3-linux/cmake-4.3.3-linux-x86_64/share/cmake-4.3/Modules/Platform/Android-Clang.cmake:23 (include)
  /home/runner/workspace/thirdparty/vcpkg/downloads/tools/cmake-4.3.3-linux/cmake-4.3.3-linux-x86_64/share/cmake-4.3/Modules/Platform/Android-Clang-C.cmake:1 (include)
  /home/runner/workspace/thirdparty/vcpkg/downloads/tools/cmake-4.3.3-linux/cmake-4.3.3-linux-x86_64/share/cmake-4.3/Modules/CMakeCInformation.cmake:48 (include)
  /home/runner/workspace/thirdparty/vcpkg/buildtrees/curl/arm64-android-rel/CMakeFiles/CMakeScratch/TryCompile-jwflF7/CMakeLists.txt:5 (project)


-- Check size of long long - done
-- Check size of long
CMake Deprecation Warning at /home/runner/workspace/.ndk-tools/android-ndk-r27c/build/cmake/android.toolchain.cmake:35 (cmake_minimum_required):
  Compatibility with CMake < 3.10 will be removed from a future version of
  CMake.

  Update the VERSION argument <min> value.  Or, use the <min>...<max> syntax
  to tell CMake that the project requires at least <min> but has been updated
  to work with policies introduced by <max> or earlier.
Call Stack (most recent call first):
  /home/runner/workspace/thirdparty/vcpkg/scripts/toolchains/android.cmake:32 (include)
  /home/runner/workspace/thirdparty/vcpkg/scripts/buildsystems/vcpkg.cmake:210 (include)
  /home/runner/workspace/thirdparty/vcpkg/buildtrees/curl/arm64-android-rel/CMakeFiles/4.3.3/CMakeSystem.cmake:6 (include)
  /home/runner/workspace/thirdparty/vcpkg/buildtrees/curl/arm64-android-rel/CMakeFiles/CMakeScratch/TryCompile-QUvk78/CMakeLists.txt:5 (project)


CMake Deprecation Warning at /home/runner/workspace/.ndk-tools/android-ndk-r27c/build/cmake/android-legacy.toolchain.cmake:35 (cmake_minimum_required):
  Compatibility with CMake < 3.10 will be removed from a future version of
  CMake.

  Update the VERSION argument <min> value.  Or, use the <min>...<max> syntax
  to tell CMake that the project requires at least <min> but has been updated
  to work with policies introduced by <max> or earlier.
Call Stack (most recent call first):
  /home/runner/workspace/.ndk-tools/android-ndk-r27c/build/cmake/android.toolchain.cmake:55 (include)
  /home/runner/workspace/thirdparty/vcpkg/scripts/toolchains/android.cmake:32 (include)
  /home/runner/workspace/thirdparty/vcpkg/scripts/buildsystems/vcpkg.cmake:210 (include)
  /home/runner/workspace/thirdparty/vcpkg/buildtrees/curl/arm64-android-rel/CMakeFiles/4.3.3/CMakeSystem.cmake:6 (include)
  /home/runner/workspace/thirdparty/vcpkg/buildtrees/curl/arm64-android-rel/CMakeFiles/CMakeScratch/TryCompile-QUvk78/CMakeLists.txt:5 (project)


CMake Deprecation Warning at /home/runner/workspace/.ndk-tools/android-ndk-r27c/build/cmake/flags.cmake:18 (cmake_minimum_required):
  Compatibility with CMake < 3.10 will be removed from a future version of
  CMake.

  Update the VERSION argument <min> value.  Or, use the <min>...<max> syntax
  to tell CMake that the project requires at least <min> but has been updated
  to work with policies introduced by <max> or earlier.
Call Stack (most recent call first):
  /home/runner/workspace/thirdparty/vcpkg/downloads/tools/cmake-4.3.3-linux/cmake-4.3.3-linux-x86_64/share/cmake-4.3/Modules/Platform/Android-Clang.cmake:23 (include)
  /home/runner/workspace/thirdparty/vcpkg/downloads/tools/cmake-4.3.3-linux/cmake-4.3.3-linux-x86_64/share/cmake-4.3/Modules/Platform/Android-Clang-C.cmake:1 (include)
  /home/runner/workspace/thirdparty/vcpkg/downloads/tools/cmake-4.3.3-linux/cmake-4.3.3-linux-x86_64/share/cmake-4.3/Modules/CMakeCInformation.cmake:48 (include)
  /home/runner/workspace/thirdparty/vcpkg/buildtrees/curl/arm64-android-rel/CMakeFiles/CMakeScratch/TryCompile-QUvk78/CMakeLists.txt:5 (project)


-- Check size of long - done
-- Check size of int
CMake Deprecation Warning at /home/runner/workspace/.ndk-tools/android-ndk-r27c/build/cmake/android.toolchain.cmake:35 (cmake_minimum_required):
  Compatibility with CMake < 3.10 will be removed from a future version of
  CMake.

  Update the VERSION argument <min> value.  Or, use the <min>...<max> syntax
  to tell CMake that the project requires at least <min> but has been updated
  to work with policies introduced by <max> or earlier.
Call Stack (most recent call first):
  /home/runner/workspace/thirdparty/vcpkg/scripts/toolchains/android.cmake:32 (include)
  /home/runner/workspace/thirdparty/vcpkg/scripts/buildsystems/vcpkg.cmake:210 (include)
  /home/runner/workspace/thirdparty/vcpkg/buildtrees/curl/arm64-android-rel/CMakeFiles/4.3.3/CMakeSystem.cmake:6 (include)
  /home/runner/workspace/thirdparty/vcpkg/buildtrees/curl/arm64-android-rel/CMakeFiles/CMakeScratch/TryCompile-46OBoK/CMakeLists.txt:5 (project)


CMake Deprecation Warning at /home/runner/workspace/.ndk-tools/android-ndk-r27c/build/cmake/android-legacy.toolchain.cmake:35 (cmake_minimum_required):
  Compatibility with CMake < 3.10 will be removed from a future version of
  CMake.

  Update the VERSION argument <min> value.  Or, use the <min>...<max> syntax
  to tell CMake that the project requires at least <min> but has been updated
  to work with policies introduced by <max> or earlier.
Call Stack (most recent call first):
  /home/runner/workspace/.ndk-tools/android-ndk-r27c/build/cmake/android.toolchain.cmake:55 (include)
  /home/runner/workspace/thirdparty/vcpkg/scripts/toolchains/android.cmake:32 (include)
  /home/runner/workspace/thirdparty/vcpkg/scripts/buildsystems/vcpkg.cmake:210 (include)
  /home/runner/workspace/thirdparty/vcpkg/buildtrees/curl/arm64-android-rel/CMakeFiles/4.3.3/CMakeSystem.cmake:6 (include)
  /home/runner/workspace/thirdparty/vcpkg/buildtrees/curl/arm64-android-rel/CMakeFiles/CMakeScratch/TryCompile-46OBoK/CMakeLists.txt:5 (project)


CMake Deprecation Warning at /home/runner/workspace/.ndk-tools/android-ndk-r27c/build/cmake/flags.cmake:18 (cmake_minimum_required):
  Compatibility with CMake < 3.10 will be removed from a future version of
  CMake.

  Update the VERSION argument <min> value.  Or, use the <min>...<max> syntax
  to tell CMake that the project requires at least <min> but has been updated
  to work with policies introduced by <max> or earlier.
Call Stack (most recent call first):
  /home/runner/workspace/thirdparty/vcpkg/downloads/tools/cmake-4.3.3-linux/cmake-4.3.3-linux-x86_64/share/cmake-4.3/Modules/Platform/Android-Clang.cmake:23 (include)
  /home/runner/workspace/thirdparty/vcpkg/downloads/tools/cmake-4.3.3-linux/cmake-4.3.3-linux-x86_64/share/cmake-4.3/Modules/Platform/Android-Clang-C.cmake:1 (include)
  /home/runner/workspace/thirdparty/vcpkg/downloads/tools/cmake-4.3.3-linux/cmake-4.3.3-linux-x86_64/share/cmake-4.3/Modules/CMakeCInformation.cmake:48 (include)
  /home/runner/workspace/thirdparty/vcpkg/buildtrees/curl/arm64-android-rel/CMakeFiles/CMakeScratch/TryCompile-46OBoK/CMakeLists.txt:5 (project)


-- Check size of int - done
-- Check size of __int64
CMake Deprecation Warning at /home/runner/workspace/.ndk-tools/android-ndk-r27c/build/cmake/android.toolchain.cmake:35 (cmake_minimum_required):
  Compatibility with CMake < 3.10 will be removed from a future version of
  CMake.

  Update the VERSION argument <min> value.  Or, use the <min>...<max> syntax
  to tell CMake that the project requires at least <min> but has been updated
  to work with policies introduced by <max> or earlier.
Call Stack (most recent call first):
  /home/runner/workspace/thirdparty/vcpkg/scripts/toolchains/android.cmake:32 (include)
  /home/runner/workspace/thirdparty/vcpkg/scripts/buildsystems/vcpkg.cmake:210 (include)
  /home/runner/workspace/thirdparty/vcpkg/buildtrees/curl/arm64-android-rel/CMakeFiles/4.3.3/CMakeSystem.cmake:6 (include)
  /home/runner/workspace/thirdparty/vcpkg/buildtrees/curl/arm64-android-rel/CMakeFiles/CMakeScratch/TryCompile-mY8H7F/CMakeLists.txt:5 (project)


CMake Deprecation Warning at /home/runner/workspace/.ndk-tools/android-ndk-r27c/build/cmake/android-legacy.toolchain.cmake:35 (cmake_minimum_required):
  Compatibility with CMake < 3.10 will be removed from a future version of
  CMake.

  Update the VERSION argument <min> value.  Or, use the <min>...<max> syntax
  to tell CMake that the project requires at least <min> but has been updated
  to work with policies introduced by <max> or earlier.
Call Stack (most recent call first):
  /home/runner/workspace/.ndk-tools/android-ndk-r27c/build/cmake/android.toolchain.cmake:55 (include)
  /home/runner/workspace/thirdparty/vcpkg/scripts/toolchains/android.cmake:32 (include)
  /home/runner/workspace/thirdparty/vcpkg/scripts/buildsystems/vcpkg.cmake:210 (include)
  /home/runner/workspace/thirdparty/vcpkg/buildtrees/curl/arm64-android-rel/CMakeFiles/4.3.3/CMakeSystem.cmake:6 (include)
  /home/runner/workspace/thirdparty/vcpkg/buildtrees/curl/arm64-android-rel/CMakeFiles/CMakeScratch/TryCompile-mY8H7F/CMakeLists.txt:5 (project)


CMake Deprecation Warning at /home/runner/workspace/.ndk-tools/android-ndk-r27c/build/cmake/flags.cmake:18 (cmake_minimum_required):
  Compatibility with CMake < 3.10 will be removed from a future version of
  CMake.

  Update the VERSION argument <min> value.  Or, use the <min>...<max> syntax
  to tell CMake that the project requires at least <min> but has been updated
  to work with policies introduced by <max> or earlier.
Call Stack (most recent call first):
  /home/runner/workspace/thirdparty/vcpkg/downloads/tools/cmake-4.3.3-linux/cmake-4.3.3-linux-x86_64/share/cmake-4.3/Modules/Platform/Android-Clang.cmake:23 (include)
  /home/runner/workspace/thirdparty/vcpkg/downloads/tools/cmake-4.3.3-linux/cmake-4.3.3-linux-x86_64/share/cmake-4.3/Modules/Platform/Android-Clang-C.cmake:1 (include)
  /home/runner/workspace/thirdparty/vcpkg/downloads/tools/cmake-4.3.3-linux/cmake-4.3.3-linux-x86_64/share/cmake-4.3/Modules/CMakeCInformation.cmake:48 (include)
  /home/runner/workspace/thirdparty/vcpkg/buildtrees/curl/arm64-android-rel/CMakeFiles/CMakeScratch/TryCompile-mY8H7F/CMakeLists.txt:5 (project)


-- Check size of __int64 - failed
-- Check size of time_t
CMake Deprecation Warning at /home/runner/workspace/.ndk-tools/android-ndk-r27c/build/cmake/android.toolchain.cmake:35 (cmake_minimum_required):
  Compatibility with CMake < 3.10 will be removed from a future version of
  CMake.

  Update the VERSION argument <min> value.  Or, use the <min>...<max> syntax
  to tell CMake that the project requires at least <min> but has been updated
  to work with policies introduced by <max> or earlier.
Call Stack (most recent call first):
  /home/runner/workspace/thirdparty/vcpkg/scripts/toolchains/android.cmake:32 (include)
  /home/runner/workspace/thirdparty/vcpkg/scripts/buildsystems/vcpkg.cmake:210 (include)
  /home/runner/workspace/thirdparty/vcpkg/buildtrees/curl/arm64-android-rel/CMakeFiles/4.3.3/CMakeSystem.cmake:6 (include)
  /home/runner/workspace/thirdparty/vcpkg/buildtrees/curl/arm64-android-rel/CMakeFiles/CMakeScratch/TryCompile-fhF4Hn/CMakeLists.txt:5 (project)


CMake Deprecation Warning at /home/runner/workspace/.ndk-tools/android-ndk-r27c/build/cmake/android-legacy.toolchain.cmake:35 (cmake_minimum_required):
  Compatibility with CMake < 3.10 will be removed from a future version of
  CMake.

  Update the VERSION argument <min> value.  Or, use the <min>...<max> syntax
  to tell CMake that the project requires at least <min> but has been updated
  to work with policies introduced by <max> or earlier.
Call Stack (most recent call first):
  /home/runner/workspace/.ndk-tools/android-ndk-r27c/build/cmake/android.toolchain.cmake:55 (include)
  /home/runner/workspace/thirdparty/vcpkg/scripts/toolchains/android.cmake:32 (include)
  /home/runner/workspace/thirdparty/vcpkg/scripts/buildsystems/vcpkg.cmake:210 (include)
  /home/runner/workspace/thirdparty/vcpkg/buildtrees/curl/arm64-android-rel/CMakeFiles/4.3.3/CMakeSystem.cmake:6 (include)
  /home/runner/workspace/thirdparty/vcpkg/buildtrees/curl/arm64-android-rel/CMakeFiles/CMakeScratch/TryCompile-fhF4Hn/CMakeLists.txt:5 (project)


CMake Deprecation Warning at /home/runner/workspace/.ndk-tools/android-ndk-r27c/build/cmake/flags.cmake:18 (cmake_minimum_required):
  Compatibility with CMake < 3.10 will be removed from a future version of
  CMake.

  Update the VERSION argument <min> value.  Or, use the <min>...<max> syntax
  to tell CMake that the project requires at least <min> but has been updated
  to work with policies introduced by <max> or earlier.
Call Stack (most recent call first):
  /home/runner/workspace/thirdparty/vcpkg/downloads/tools/cmake-4.3.3-linux/cmake-4.3.3-linux-x86_64/share/cmake-4.3/Modules/Platform/Android-Clang.cmake:23 (include)
  /home/runner/workspace/thirdparty/vcpkg/downloads/tools/cmake-4.3.3-linux/cmake-4.3.3-linux-x86_64/share/cmake-4.3/Modules/Platform/Android-Clang-C.cmake:1 (include)
  /home/runner/workspace/thirdparty/vcpkg/downloads/tools/cmake-4.3.3-linux/cmake-4.3.3-linux-x86_64/share/cmake-4.3/Modules/CMakeCInformation.cmake:48 (include)
  /home/runner/workspace/thirdparty/vcpkg/buildtrees/curl/arm64-android-rel/CMakeFiles/CMakeScratch/TryCompile-fhF4Hn/CMakeLists.txt:5 (project)


-- Check size of time_t - done
-- Check size of suseconds_t
CMake Deprecation Warning at /home/runner/workspace/.ndk-tools/android-ndk-r27c/build/cmake/android.toolchain.cmake:35 (cmake_minimum_required):
  Compatibility with CMake < 3.10 will be removed from a future version of
  CMake.

  Update the VERSION argument <min> value.  Or, use the <min>...<max> syntax
  to tell CMake that the project requires at least <min> but has been updated
  to work with policies introduced by <max> or earlier.
Call Stack (most recent call first):
  /home/runner/workspace/thirdparty/vcpkg/scripts/toolchains/android.cmake:32 (include)
  /home/runner/workspace/thirdparty/vcpkg/scripts/buildsystems/vcpkg.cmake:210 (include)
  /home/runner/workspace/thirdparty/vcpkg/buildtrees/curl/arm64-android-rel/CMakeFiles/4.3.3/CMakeSystem.cmake:6 (include)
  /home/runner/workspace/thirdparty/vcpkg/buildtrees/curl/arm64-android-rel/CMakeFiles/CMakeScratch/TryCompile-prOPRD/CMakeLists.txt:5 (project)


CMake Deprecation Warning at /home/runner/workspace/.ndk-tools/android-ndk-r27c/build/cmake/android-legacy.toolchain.cmake:35 (cmake_minimum_required):
  Compatibility with CMake < 3.10 will be removed from a future version of
  CMake.

  Update the VERSION argument <min> value.  Or, use the <min>...<max> syntax
  to tell CMake that the project requires at least <min> but has been updated
  to work with policies introduced by <max> or earlier.
Call Stack (most recent call first):
  /home/runner/workspace/.ndk-tools/android-ndk-r27c/build/cmake/android.toolchain.cmake:55 (include)
  /home/runner/workspace/thirdparty/vcpkg/scripts/toolchains/android.cmake:32 (include)
  /home/runner/workspace/thirdparty/vcpkg/scripts/buildsystems/vcpkg.cmake:210 (include)
  /home/runner/workspace/thirdparty/vcpkg/buildtrees/curl/arm64-android-rel/CMakeFiles/4.3.3/CMakeSystem.cmake:6 (include)
  /home/runner/workspace/thirdparty/vcpkg/buildtrees/curl/arm64-android-rel/CMakeFiles/CMakeScratch/TryCompile-prOPRD/CMakeLists.txt:5 (project)


CMake Deprecation Warning at /home/runner/workspace/.ndk-tools/android-ndk-r27c/build/cmake/flags.cmake:18 (cmake_minimum_required):
  Compatibility with CMake < 3.10 will be removed from a future version of
  CMake.

  Update the VERSION argument <min> value.  Or, use the <min>...<max> syntax
  to tell CMake that the project requires at least <min> but has been updated
  to work with policies introduced by <max> or earlier.
Call Stack (most recent call first):
  /home/runner/workspace/thirdparty/vcpkg/downloads/tools/cmake-4.3.3-linux/cmake-4.3.3-linux-x86_64/share/cmake-4.3/Modules/Platform/Android-Clang.cmake:23 (include)
  /home/runner/workspace/thirdparty/vcpkg/downloads/tools/cmake-4.3.3-linux/cmake-4.3.3-linux-x86_64/share/cmake-4.3/Modules/Platform/Android-Clang-C.cmake:1 (include)
  /home/runner/workspace/thirdparty/vcpkg/downloads/tools/cmake-4.3.3-linux/cmake-4.3.3-linux-x86_64/share/cmake-4.3/Modules/CMakeCInformation.cmake:48 (include)
  /home/runner/workspace/thirdparty/vcpkg/buildtrees/curl/arm64-android-rel/CMakeFiles/CMakeScratch/TryCompile-prOPRD/CMakeLists.txt:5 (project)


-- Check size of suseconds_t - done
-- Looking for fnmatch
CMake Deprecation Warning at /home/runner/workspace/.ndk-tools/android-ndk-r27c/build/cmake/android.toolchain.cmake:35 (cmake_minimum_required):
  Compatibility with CMake < 3.10 will be removed from a future version of
  CMake.

  Update the VERSION argument <min> value.  Or, use the <min>...<max> syntax
  to tell CMake that the project requires at least <min> but has been updated
  to work with policies introduced by <max> or earlier.
Call Stack (most recent call first):
  /home/runner/workspace/thirdparty/vcpkg/scripts/toolchains/android.cmake:32 (include)
  /home/runner/workspace/thirdparty/vcpkg/scripts/buildsystems/vcpkg.cmake:210 (include)
  /home/runner/workspace/thirdparty/vcpkg/buildtrees/curl/arm64-android-rel/CMakeFiles/4.3.3/CMakeSystem.cmake:6 (include)
  /home/runner/workspace/thirdparty/vcpkg/buildtrees/curl/arm64-android-rel/CMakeFiles/CMakeScratch/TryCompile-wu7x3i/CMakeLists.txt:5 (project)


CMake Deprecation Warning at /home/runner/workspace/.ndk-tools/android-ndk-r27c/build/cmake/android-legacy.toolchain.cmake:35 (cmake_minimum_required):
  Compatibility with CMake < 3.10 will be removed from a future version of
  CMake.

  Update the VERSION argument <min> value.  Or, use the <min>...<max> syntax
  to tell CMake that the project requires at least <min> but has been updated
  to work with policies introduced by <max> or earlier.
Call Stack (most recent call first):
  /home/runner/workspace/.ndk-tools/android-ndk-r27c/build/cmake/android.toolchain.cmake:55 (include)
  /home/runner/workspace/thirdparty/vcpkg/scripts/toolchains/android.cmake:32 (include)
  /home/runner/workspace/thirdparty/vcpkg/scripts/buildsystems/vcpkg.cmake:210 (include)
  /home/runner/workspace/thirdparty/vcpkg/buildtrees/curl/arm64-android-rel/CMakeFiles/4.3.3/CMakeSystem.cmake:6 (include)
  /home/runner/workspace/thirdparty/vcpkg/buildtrees/curl/arm64-android-rel/CMakeFiles/CMakeScratch/TryCompile-wu7x3i/CMakeLists.txt:5 (project)


CMake Deprecation Warning at /home/runner/workspace/.ndk-tools/android-ndk-r27c/build/cmake/flags.cmake:18 (cmake_minimum_required):
  Compatibility with CMake < 3.10 will be removed from a future version of
  CMake.

  Update the VERSION argument <min> value.  Or, use the <min>...<max> syntax
  to tell CMake that the project requires at least <min> but has been updated
  to work with policies introduced by <max> or earlier.
Call Stack (most recent call first):
  /home/runner/workspace/thirdparty/vcpkg/downloads/tools/cmake-4.3.3-linux/cmake-4.3.3-linux-x86_64/share/cmake-4.3/Modules/Platform/Android-Clang.cmake:23 (include)
  /home/runner/workspace/thirdparty/vcpkg/downloads/tools/cmake-4.3.3-linux/cmake-4.3.3-linux-x86_64/share/cmake-4.3/Modules/Platform/Android-Clang-C.cmake:1 (include)
  /home/runner/workspace/thirdparty/vcpkg/downloads/tools/cmake-4.3.3-linux/cmake-4.3.3-linux-x86_64/share/cmake-4.3/Modules/CMakeCInformation.cmake:48 (include)
  /home/runner/workspace/thirdparty/vcpkg/buildtrees/curl/arm64-android-rel/CMakeFiles/CMakeScratch/TryCompile-wu7x3i/CMakeLists.txt:5 (project)


-- Looking for fnmatch - found
-- Looking for basename
CMake Deprecation Warning at /home/runner/workspace/.ndk-tools/android-ndk-r27c/build/cmake/android.toolchain.cmake:35 (cmake_minimum_required):
  Compatibility with CMake < 3.10 will be removed from a future version of
  CMake.

  Update the VERSION argument <min> value.  Or, use the <min>...<max> syntax
  to tell CMake that the project requires at least <min> but has been updated
  to work with policies introduced by <max> or earlier.
Call Stack (most recent call first):
  /home/runner/workspace/thirdparty/vcpkg/scripts/toolchains/android.cmake:32 (include)
  /home/runner/workspace/thirdparty/vcpkg/scripts/buildsystems/vcpkg.cmake:210 (include)
  /home/runner/workspace/thirdparty/vcpkg/buildtrees/curl/arm64-android-rel/CMakeFiles/4.3.3/CMakeSystem.cmake:6 (include)
  /home/runner/workspace/thirdparty/vcpkg/buildtrees/curl/arm64-android-rel/CMakeFiles/CMakeScratch/TryCompile-dMG36a/CMakeLists.txt:5 (project)


CMake Deprecation Warning at /home/runner/workspace/.ndk-tools/android-ndk-r27c/build/cmake/android-legacy.toolchain.cmake:35 (cmake_minimum_required):
  Compatibility with CMake < 3.10 will be removed from a future version of
  CMake.

  Update the VERSION argument <min> value.  Or, use the <min>...<max> syntax
  to tell CMake that the project requires at least <min> but has been updated
  to work with policies introduced by <max> or earlier.
Call Stack (most recent call first):
  /home/runner/workspace/.ndk-tools/android-ndk-r27c/build/cmake/android.toolchain.cmake:55 (include)
  /home/runner/workspace/thirdparty/vcpkg/scripts/toolchains/android.cmake:32 (include)
  /home/runner/workspace/thirdparty/vcpkg/scripts/buildsystems/vcpkg.cmake:210 (include)
  /home/runner/workspace/thirdparty/vcpkg/buildtrees/curl/arm64-android-rel/CMakeFiles/4.3.3/CMakeSystem.cmake:6 (include)
  /home/runner/workspace/thirdparty/vcpkg/buildtrees/curl/arm64-android-rel/CMakeFiles/CMakeScratch/TryCompile-dMG36a/CMakeLists.txt:5 (project)


CMake Deprecation Warning at /home/runner/workspace/.ndk-tools/android-ndk-r27c/build/cmake/flags.cmake:18 (cmake_minimum_required):
  Compatibility with CMake < 3.10 will be removed from a future version of
  CMake.

  Update the VERSION argument <min> value.  Or, use the <min>...<max> syntax
  to tell CMake that the project requires at least <min> but has been updated
  to work with policies introduced by <max> or earlier.
Call Stack (most recent call first):
  /home/runner/workspace/thirdparty/vcpkg/downloads/tools/cmake-4.3.3-linux/cmake-4.3.3-linux-x86_64/share/cmake-4.3/Modules/Platform/Android-Clang.cmake:23 (include)
  /home/runner/workspace/thirdparty/vcpkg/downloads/tools/cmake-4.3.3-linux/cmake-4.3.3-linux-x86_64/share/cmake-4.3/Modules/Platform/Android-Clang-C.cmake:1 (include)
  /home/runner/workspace/thirdparty/vcpkg/downloads/tools/cmake-4.3.3-linux/cmake-4.3.3-linux-x86_64/share/cmake-4.3/Modules/CMakeCInformation.cmake:48 (include)
  /home/runner/workspace/thirdparty/vcpkg/buildtrees/curl/arm64-android-rel/CMakeFiles/CMakeScratch/TryCompile-dMG36a/CMakeLists.txt:5 (project)


-- Looking for basename - found
-- Looking for opendir
CMake Deprecation Warning at /home/runner/workspace/.ndk-tools/android-ndk-r27c/build/cmake/android.toolchain.cmake:35 (cmake_minimum_required):
  Compatibility with CMake < 3.10 will be removed from a future version of
  CMake.

  Update the VERSION argument <min> value.  Or, use the <min>...<max> syntax
  to tell CMake that the project requires at least <min> but has been updated
  to work with policies introduced by <max> or earlier.
Call Stack (most recent call first):
  /home/runner/workspace/thirdparty/vcpkg/scripts/toolchains/android.cmake:32 (include)
  /home/runner/workspace/thirdparty/vcpkg/scripts/buildsystems/vcpkg.cmake:210 (include)
  /home/runner/workspace/thirdparty/vcpkg/buildtrees/curl/arm64-android-rel/CMakeFiles/4.3.3/CMakeSystem.cmake:6 (include)
  /home/runner/workspace/thirdparty/vcpkg/buildtrees/curl/arm64-android-rel/CMakeFiles/CMakeScratch/TryCompile-o19XFU/CMakeLists.txt:5 (project)


CMake Deprecation Warning at /home/runner/workspace/.ndk-tools/android-ndk-r27c/build/cmake/android-legacy.toolchain.cmake:35 (cmake_minimum_required):
  Compatibility with CMake < 3.10 will be removed from a future version of
  CMake.

  Update the VERSION argument <min> value.  Or, use the <min>...<max> syntax
  to tell CMake that the project requires at least <min> but has been updated
  to work with policies introduced by <max> or earlier.
Call Stack (most recent call first):
  /home/runner/workspace/.ndk-tools/android-ndk-r27c/build/cmake/android.toolchain.cmake:55 (include)
  /home/runner/workspace/thirdparty/vcpkg/scripts/toolchains/android.cmake:32 (include)
  /home/runner/workspace/thirdparty/vcpkg/scripts/buildsystems/vcpkg.cmake:210 (include)
  /home/runner/workspace/thirdparty/vcpkg/buildtrees/curl/arm64-android-rel/CMakeFiles/4.3.3/CMakeSystem.cmake:6 (include)
  /home/runner/workspace/thirdparty/vcpkg/buildtrees/curl/arm64-android-rel/CMakeFiles/CMakeScratch/TryCompile-o19XFU/CMakeLists.txt:5 (project)


CMake Deprecation Warning at /home/runner/workspace/.ndk-tools/android-ndk-r27c/build/cmake/flags.cmake:18 (cmake_minimum_required):
  Compatibility with CMake < 3.10 will be removed from a future version of
  CMake.

  Update the VERSION argument <min> value.  Or, use the <min>...<max> syntax
  to tell CMake that the project requires at least <min> but has been updated
  to work with policies introduced by <max> or earlier.
Call Stack (most recent call first):
  /home/runner/workspace/thirdparty/vcpkg/downloads/tools/cmake-4.3.3-linux/cmake-4.3.3-linux-x86_64/share/cmake-4.3/Modules/Platform/Android-Clang.cmake:23 (include)
  /home/runner/workspace/thirdparty/vcpkg/downloads/tools/cmake-4.3.3-linux/cmake-4.3.3-linux-x86_64/share/cmake-4.3/Modules/Platform/Android-Clang-C.cmake:1 (include)
  /home/runner/workspace/thirdparty/vcpkg/downloads/tools/cmake-4.3.3-linux/cmake-4.3.3-linux-x86_64/share/cmake-4.3/Modules/CMakeCInformation.cmake:48 (include)
  /home/runner/workspace/thirdparty/vcpkg/buildtrees/curl/arm64-android-rel/CMakeFiles/CMakeScratch/TryCompile-o19XFU/CMakeLists.txt:5 (project)


-- Looking for opendir - found
-- Looking for poll
CMake Deprecation Warning at /home/runner/workspace/.ndk-tools/android-ndk-r27c/build/cmake/android.toolchain.cmake:35 (cmake_minimum_required):
  Compatibility with CMake < 3.10 will be removed from a future version of
  CMake.

  Update the VERSION argument <min> value.  Or, use the <min>...<max> syntax
  to tell CMake that the project requires at least <min> but has been updated
  to work with policies introduced by <max> or earlier.
Call Stack (most recent call first):
  /home/runner/workspace/thirdparty/vcpkg/scripts/toolchains/android.cmake:32 (include)
  /home/runner/workspace/thirdparty/vcpkg/scripts/buildsystems/vcpkg.cmake:210 (include)
  /home/runner/workspace/thirdparty/vcpkg/buildtrees/curl/arm64-android-rel/CMakeFiles/4.3.3/CMakeSystem.cmake:6 (include)
  /home/runner/workspace/thirdparty/vcpkg/buildtrees/curl/arm64-android-rel/CMakeFiles/CMakeScratch/TryCompile-hKqgrO/CMakeLists.txt:5 (project)


CMake Deprecation Warning at /home/runner/workspace/.ndk-tools/android-ndk-r27c/build/cmake/android-legacy.toolchain.cmake:35 (cmake_minimum_required):
  Compatibility with CMake < 3.10 will be removed from a future version of
  CMake.

  Update the VERSION argument <min> value.  Or, use the <min>...<max> syntax
  to tell CMake that the project requires at least <min> but has been updated
  to work with policies introduced by <max> or earlier.
Call Stack (most recent call first):
  /home/runner/workspace/.ndk-tools/android-ndk-r27c/build/cmake/android.toolchain.cmake:55 (include)
  /home/runner/workspace/thirdparty/vcpkg/scripts/toolchains/android.cmake:32 (include)
  /home/runner/workspace/thirdparty/vcpkg/scripts/buildsystems/vcpkg.cmake:210 (include)
  /home/runner/workspace/thirdparty/vcpkg/buildtrees/curl/arm64-android-rel/CMakeFiles/4.3.3/CMakeSystem.cmake:6 (include)
  /home/runner/workspace/thirdparty/vcpkg/buildtrees/curl/arm64-android-rel/CMakeFiles/CMakeScratch/TryCompile-hKqgrO/CMakeLists.txt:5 (project)


CMake Deprecation Warning at /home/runner/workspace/.ndk-tools/android-ndk-r27c/build/cmake/flags.cmake:18 (cmake_minimum_required):
  Compatibility with CMake < 3.10 will be removed from a future version of
  CMake.

  Update the VERSION argument <min> value.  Or, use the <min>...<max> syntax
  to tell CMake that the project requires at least <min> but has been updated
  to work with policies introduced by <max> or earlier.
Call Stack (most recent call first):
  /home/runner/workspace/thirdparty/vcpkg/downloads/tools/cmake-4.3.3-linux/cmake-4.3.3-linux-x86_64/share/cmake-4.3/Modules/Platform/Android-Clang.cmake:23 (include)
  /home/runner/workspace/thirdparty/vcpkg/downloads/tools/cmake-4.3.3-linux/cmake-4.3.3-linux-x86_64/share/cmake-4.3/Modules/Platform/Android-Clang-C.cmake:1 (include)
  /home/runner/workspace/thirdparty/vcpkg/downloads/tools/cmake-4.3.3-linux/cmake-4.3.3-linux-x86_64/share/cmake-4.3/Modules/CMakeCInformation.cmake:48 (include)
  /home/runner/workspace/thirdparty/vcpkg/buildtrees/curl/arm64-android-rel/CMakeFiles/CMakeScratch/TryCompile-hKqgrO/CMakeLists.txt:5 (project)


-- Looking for poll - found
-- Looking for socket
CMake Deprecation Warning at /home/runner/workspace/.ndk-tools/android-ndk-r27c/build/cmake/android.toolchain.cmake:35 (cmake_minimum_required):
  Compatibility with CMake < 3.10 will be removed from a future version of
  CMake.

  Update the VERSION argument <min> value.  Or, use the <min>...<max> syntax
  to tell CMake that the project requires at least <min> but has been updated
  to work with policies introduced by <max> or earlier.
Call Stack (most recent call first):
  /home/runner/workspace/thirdparty/vcpkg/scripts/toolchains/android.cmake:32 (include)
  /home/runner/workspace/thirdparty/vcpkg/scripts/buildsystems/vcpkg.cmake:210 (include)
  /home/runner/workspace/thirdparty/vcpkg/buildtrees/curl/arm64-android-rel/CMakeFiles/4.3.3/CMakeSystem.cmake:6 (include)
  /home/runner/workspace/thirdparty/vcpkg/buildtrees/curl/arm64-android-rel/CMakeFiles/CMakeScratch/TryCompile-V8r3Hl/CMakeLists.txt:5 (project)


CMake Deprecation Warning at /home/runner/workspace/.ndk-tools/android-ndk-r27c/build/cmake/android-legacy.toolchain.cmake:35 (cmake_minimum_required):
  Compatibility with CMake < 3.10 will be removed from a future version of
  CMake.

  Update the VERSION argument <min> value.  Or, use the <min>...<max> syntax
  to tell CMake that the project requires at least <min> but has been updated
  to work with policies introduced by <max> or earlier.
Call Stack (most recent call first):
  /home/runner/workspace/.ndk-tools/android-ndk-r27c/build/cmake/android.toolchain.cmake:55 (include)
  /home/runner/workspace/thirdparty/vcpkg/scripts/toolchains/android.cmake:32 (include)
  /home/runner/workspace/thirdparty/vcpkg/scripts/buildsystems/vcpkg.cmake:210 (include)
  /home/runner/workspace/thirdparty/vcpkg/buildtrees/curl/arm64-android-rel/CMakeFiles/4.3.3/CMakeSystem.cmake:6 (include)
  /home/runner/workspace/thirdparty/vcpkg/buildtrees/curl/arm64-android-rel/CMakeFiles/CMakeScratch/TryCompile-V8r3Hl/CMakeLists.txt:5 (project)


CMake Deprecation Warning at /home/runner/workspace/.ndk-tools/android-ndk-r27c/build/cmake/flags.cmake:18 (cmake_minimum_required):
  Compatibility with CMake < 3.10 will be removed from a future version of
  CMake.

  Update the VERSION argument <min> value.  Or, use the <min>...<max> syntax
  to tell CMake that the project requires at least <min> but has been updated
  to work with policies introduced by <max> or earlier.
Call Stack (most recent call first):
  /home/runner/workspace/thirdparty/vcpkg/downloads/tools/cmake-4.3.3-linux/cmake-4.3.3-linux-x86_64/share/cmake-4.3/Modules/Platform/Android-Clang.cmake:23 (include)
  /home/runner/workspace/thirdparty/vcpkg/downloads/tools/cmake-4.3.3-linux/cmake-4.3.3-linux-x86_64/share/cmake-4.3/Modules/Platform/Android-Clang-C.cmake:1 (include)
  /home/runner/workspace/thirdparty/vcpkg/downloads/tools/cmake-4.3.3-linux/cmake-4.3.3-linux-x86_64/share/cmake-4.3/Modules/CMakeCInformation.cmake:48 (include)
  /home/runner/workspace/thirdparty/vcpkg/buildtrees/curl/arm64-android-rel/CMakeFiles/CMakeScratch/TryCompile-V8r3Hl/CMakeLists.txt:5 (project)


-- Looking for socket - found
-- Looking for sched_yield
CMake Deprecation Warning at /home/runner/workspace/.ndk-tools/android-ndk-r27c/build/cmake/android.toolchain.cmake:35 (cmake_minimum_required):
  Compatibility with CMake < 3.10 will be removed from a future version of
  CMake.

  Update the VERSION argument <min> value.  Or, use the <min>...<max> syntax
  to tell CMake that the project requires at least <min> but has been updated
  to work with policies introduced by <max> or earlier.
Call Stack (most recent call first):
  /home/runner/workspace/thirdparty/vcpkg/scripts/toolchains/android.cmake:32 (include)
  /home/runner/workspace/thirdparty/vcpkg/scripts/buildsystems/vcpkg.cmake:210 (include)
  /home/runner/workspace/thirdparty/vcpkg/buildtrees/curl/arm64-android-rel/CMakeFiles/4.3.3/CMakeSystem.cmake:6 (include)
  /home/runner/workspace/thirdparty/vcpkg/buildtrees/curl/arm64-android-rel/CMakeFiles/CMakeScratch/TryCompile-7pU1i5/CMakeLists.txt:5 (project)


CMake Deprecation Warning at /home/runner/workspace/.ndk-tools/android-ndk-r27c/build/cmake/android-legacy.toolchain.cmake:35 (cmake_minimum_required):
  Compatibility with CMake < 3.10 will be removed from a future version of
  CMake.

  Update the VERSION argument <min> value.  Or, use the <min>...<max> syntax
  to tell CMake that the project requires at least <min> but has been updated
  to work with policies introduced by <max> or earlier.
Call Stack (most recent call first):
  /home/runner/workspace/.ndk-tools/android-ndk-r27c/build/cmake/android.toolchain.cmake:55 (include)
  /home/runner/workspace/thirdparty/vcpkg/scripts/toolchains/android.cmake:32 (include)
  /home/runner/workspace/thirdparty/vcpkg/scripts/buildsystems/vcpkg.cmake:210 (include)
  /home/runner/workspace/thirdparty/vcpkg/buildtrees/curl/arm64-android-rel/CMakeFiles/4.3.3/CMakeSystem.cmake:6 (include)
  /home/runner/workspace/thirdparty/vcpkg/buildtrees/curl/arm64-android-rel/CMakeFiles/CMakeScratch/TryCompile-7pU1i5/CMakeLists.txt:5 (project)


CMake Deprecation Warning at /home/runner/workspace/.ndk-tools/android-ndk-r27c/build/cmake/flags.cmake:18 (cmake_minimum_required):
  Compatibility with CMake < 3.10 will be removed from a future version of
  CMake.

  Update the VERSION argument <min> value.  Or, use the <min>...<max> syntax
  to tell CMake that the project requires at least <min> but has been updated
  to work with policies introduced by <max> or earlier.
Call Stack (most recent call first):
  /home/runner/workspace/thirdparty/vcpkg/downloads/tools/cmake-4.3.3-linux/cmake-4.3.3-linux-x86_64/share/cmake-4.3/Modules/Platform/Android-Clang.cmake:23 (include)
  /home/runner/workspace/thirdparty/vcpkg/downloads/tools/cmake-4.3.3-linux/cmake-4.3.3-linux-x86_64/share/cmake-4.3/Modules/Platform/Android-Clang-C.cmake:1 (include)
  /home/runner/workspace/thirdparty/vcpkg/downloads/tools/cmake-4.3.3-linux/cmake-4.3.3-linux-x86_64/share/cmake-4.3/Modules/CMakeCInformation.cmake:48 (include)
  /home/runner/workspace/thirdparty/vcpkg/buildtrees/curl/arm64-android-rel/CMakeFiles/CMakeScratch/TryCompile-7pU1i5/CMakeLists.txt:5 (project)


-- Looking for sched_yield - found
-- Looking for socketpair
CMake Deprecation Warning at /home/runner/workspace/.ndk-tools/android-ndk-r27c/build/cmake/android.toolchain.cmake:35 (cmake_minimum_required):
  Compatibility with CMake < 3.10 will be removed from a future version of
  CMake.

  Update the VERSION argument <min> value.  Or, use the <min>...<max> syntax
  to tell CMake that the project requires at least <min> but has been updated
  to work with policies introduced by <max> or earlier.
Call Stack (most recent call first):
  /home/runner/workspace/thirdparty/vcpkg/scripts/toolchains/android.cmake:32 (include)
  /home/runner/workspace/thirdparty/vcpkg/scripts/buildsystems/vcpkg.cmake:210 (include)
  /home/runner/workspace/thirdparty/vcpkg/buildtrees/curl/arm64-android-rel/CMakeFiles/4.3.3/CMakeSystem.cmake:6 (include)
  /home/runner/workspace/thirdparty/vcpkg/buildtrees/curl/arm64-android-rel/CMakeFiles/CMakeScratch/TryCompile-sr2VDE/CMakeLists.txt:5 (project)


CMake Deprecation Warning at /home/runner/workspace/.ndk-tools/android-ndk-r27c/build/cmake/android-legacy.toolchain.cmake:35 (cmake_minimum_required):
  Compatibility with CMake < 3.10 will be removed from a future version of
  CMake.

  Update the VERSION argument <min> value.  Or, use the <min>...<max> syntax
  to tell CMake that the project requires at least <min> but has been updated
  to work with policies introduced by <max> or earlier.
Call Stack (most recent call first):
  /home/runner/workspace/.ndk-tools/android-ndk-r27c/build/cmake/android.toolchain.cmake:55 (include)
  /home/runner/workspace/thirdparty/vcpkg/scripts/toolchains/android.cmake:32 (include)
  /home/runner/workspace/thirdparty/vcpkg/scripts/buildsystems/vcpkg.cmake:210 (include)
  /home/runner/workspace/thirdparty/vcpkg/buildtrees/curl/arm64-android-rel/CMakeFiles/4.3.3/CMakeSystem.cmake:6 (include)
  /home/runner/workspace/thirdparty/vcpkg/buildtrees/curl/arm64-android-rel/CMakeFiles/CMakeScratch/TryCompile-sr2VDE/CMakeLists.txt:5 (project)


CMake Deprecation Warning at /home/runner/workspace/.ndk-tools/android-ndk-r27c/build/cmake/flags.cmake:18 (cmake_minimum_required):
  Compatibility with CMake < 3.10 will be removed from a future version of
  CMake.

  Update the VERSION argument <min> value.  Or, use the <min>...<max> syntax
  to tell CMake that the project requires at least <min> but has been updated
  to work with policies introduced by <max> or earlier.
Call Stack (most recent call first):
  /home/runner/workspace/thirdparty/vcpkg/downloads/tools/cmake-4.3.3-linux/cmake-4.3.3-linux-x86_64/share/cmake-4.3/Modules/Platform/Android-Clang.cmake:23 (include)
  /home/runner/workspace/thirdparty/vcpkg/downloads/tools/cmake-4.3.3-linux/cmake-4.3.3-linux-x86_64/share/cmake-4.3/Modules/Platform/Android-Clang-C.cmake:1 (include)
  /home/runner/workspace/thirdparty/vcpkg/downloads/tools/cmake-4.3.3-linux/cmake-4.3.3-linux-x86_64/share/cmake-4.3/Modules/CMakeCInformation.cmake:48 (include)
  /home/runner/workspace/thirdparty/vcpkg/buildtrees/curl/arm64-android-rel/CMakeFiles/CMakeScratch/TryCompile-sr2VDE/CMakeLists.txt:5 (project)


-- Looking for socketpair - found
-- Looking for recv
CMake Deprecation Warning at /home/runner/workspace/.ndk-tools/android-ndk-r27c/build/cmake/android.toolchain.cmake:35 (cmake_minimum_required):
  Compatibility with CMake < 3.10 will be removed from a future version of
  CMake.

  Update the VERSION argument <min> value.  Or, use the <min>...<max> syntax
  to tell CMake that the project requires at least <min> but has been updated
  to work with policies introduced by <max> or earlier.
Call Stack (most recent call first):
  /home/runner/workspace/thirdparty/vcpkg/scripts/toolchains/android.cmake:32 (include)
  /home/runner/workspace/thirdparty/vcpkg/scripts/buildsystems/vcpkg.cmake:210 (include)
  /home/runner/workspace/thirdparty/vcpkg/buildtrees/curl/arm64-android-rel/CMakeFiles/4.3.3/CMakeSystem.cmake:6 (include)
  /home/runner/workspace/thirdparty/vcpkg/buildtrees/curl/arm64-android-rel/CMakeFiles/CMakeScratch/TryCompile-RXhU1E/CMakeLists.txt:5 (project)


CMake Deprecation Warning at /home/runner/workspace/.ndk-tools/android-ndk-r27c/build/cmake/android-legacy.toolchain.cmake:35 (cmake_minimum_required):
  Compatibility with CMake < 3.10 will be removed from a future version of
  CMake.

  Update the VERSION argument <min> value.  Or, use the <min>...<max> syntax
  to tell CMake that the project requires at least <min> but has been updated
  to work with policies introduced by <max> or earlier.
Call Stack (most recent call first):
  /home/runner/workspace/.ndk-tools/android-ndk-r27c/build/cmake/android.toolchain.cmake:55 (include)
  /home/runner/workspace/thirdparty/vcpkg/scripts/toolchains/android.cmake:32 (include)
  /home/runner/workspace/thirdparty/vcpkg/scripts/buildsystems/vcpkg.cmake:210 (include)
  /home/runner/workspace/thirdparty/vcpkg/buildtrees/curl/arm64-android-rel/CMakeFiles/4.3.3/CMakeSystem.cmake:6 (include)
  /home/runner/workspace/thirdparty/vcpkg/buildtrees/curl/arm64-android-rel/CMakeFiles/CMakeScratch/TryCompile-RXhU1E/CMakeLists.txt:5 (project)


CMake Deprecation Warning at /home/runner/workspace/.ndk-tools/android-ndk-r27c/build/cmake/flags.cmake:18 (cmake_minimum_required):
  Compatibility with CMake < 3.10 will be removed from a future version of
  CMake.

  Update the VERSION argument <min> value.  Or, use the <min>...<max> syntax
  to tell CMake that the project requires at least <min> but has been updated
  to work with policies introduced by <max> or earlier.
Call Stack (most recent call first):
  /home/runner/workspace/thirdparty/vcpkg/downloads/tools/cmake-4.3.3-linux/cmake-4.3.3-linux-x86_64/share/cmake-4.3/Modules/Platform/Android-Clang.cmake:23 (include)
  /home/runner/workspace/thirdparty/vcpkg/downloads/tools/cmake-4.3.3-linux/cmake-4.3.3-linux-x86_64/share/cmake-4.3/Modules/Platform/Android-Clang-C.cmake:1 (include)
  /home/runner/workspace/thirdparty/vcpkg/downloads/tools/cmake-4.3.3-linux/cmake-4.3.3-linux-x86_64/share/cmake-4.3/Modules/CMakeCInformation.cmake:48 (include)
  /home/runner/workspace/thirdparty/vcpkg/buildtrees/curl/arm64-android-rel/CMakeFiles/CMakeScratch/TryCompile-RXhU1E/CMakeLists.txt:5 (project)


-- Looking for recv - found
-- Looking for send
CMake Deprecation Warning at /home/runner/workspace/.ndk-tools/android-ndk-r27c/build/cmake/android.toolchain.cmake:35 (cmake_minimum_required):
  Compatibility with CMake < 3.10 will be removed from a future version of
  CMake.

  Update the VERSION argument <min> value.  Or, use the <min>...<max> syntax
  to tell CMake that the project requires at least <min> but has been updated
  to work with policies introduced by <max> or earlier.
Call Stack (most recent call first):
  /home/runner/workspace/thirdparty/vcpkg/scripts/toolchains/android.cmake:32 (include)
  /home/runner/workspace/thirdparty/vcpkg/scripts/buildsystems/vcpkg.cmake:210 (include)
  /home/runner/workspace/thirdparty/vcpkg/buildtrees/curl/arm64-android-rel/CMakeFiles/4.3.3/CMakeSystem.cmake:6 (include)
  /home/runner/workspace/thirdparty/vcpkg/buildtrees/curl/arm64-android-rel/CMakeFiles/CMakeScratch/TryCompile-SNcc3F/CMakeLists.txt:5 (project)


CMake Deprecation Warning at /home/runner/workspace/.ndk-tools/android-ndk-r27c/build/cmake/android-legacy.toolchain.cmake:35 (cmake_minimum_required):
  Compatibility with CMake < 3.10 will be removed from a future version of
  CMake.

  Update the VERSION argument <min> value.  Or, use the <min>...<max> syntax
  to tell CMake that the project requires at least <min> but has been updated
  to work with policies introduced by <max> or earlier.
Call Stack (most recent call first):
  /home/runner/workspace/.ndk-tools/android-ndk-r27c/build/cmake/android.toolchain.cmake:55 (include)
  /home/runner/workspace/thirdparty/vcpkg/scripts/toolchains/android.cmake:32 (include)
  /home/runner/workspace/thirdparty/vcpkg/scripts/buildsystems/vcpkg.cmake:210 (include)
  /home/runner/workspace/thirdparty/vcpkg/buildtrees/curl/arm64-android-rel/CMakeFiles/4.3.3/CMakeSystem.cmake:6 (include)
  /home/runner/workspace/thirdparty/vcpkg/buildtrees/curl/arm64-android-rel/CMakeFiles/CMakeScratch/TryCompile-SNcc3F/CMakeLists.txt:5 (project)


CMake Deprecation Warning at /home/runner/workspace/.ndk-tools/android-ndk-r27c/build/cmake/flags.cmake:18 (cmake_minimum_required):
  Compatibility with CMake < 3.10 will be removed from a future version of
  CMake.

  Update the VERSION argument <min> value.  Or, use the <min>...<max> syntax
  to tell CMake that the project requires at least <min> but has been updated
  to work with policies introduced by <max> or earlier.
Call Stack (most recent call first):
  /home/runner/workspace/thirdparty/vcpkg/downloads/tools/cmake-4.3.3-linux/cmake-4.3.3-linux-x86_64/share/cmake-4.3/Modules/Platform/Android-Clang.cmake:23 (include)
  /home/runner/workspace/thirdparty/vcpkg/downloads/tools/cmake-4.3.3-linux/cmake-4.3.3-linux-x86_64/share/cmake-4.3/Modules/Platform/Android-Clang-C.cmake:1 (include)
  /home/runner/workspace/thirdparty/vcpkg/downloads/tools/cmake-4.3.3-linux/cmake-4.3.3-linux-x86_64/share/cmake-4.3/Modules/CMakeCInformation.cmake:48 (include)
  /home/runner/workspace/thirdparty/vcpkg/buildtrees/curl/arm64-android-rel/CMakeFiles/CMakeScratch/TryCompile-SNcc3F/CMakeLists.txt:5 (project)


-- Looking for send - found
-- Looking for sendmsg
CMake Deprecation Warning at /home/runner/workspace/.ndk-tools/android-ndk-r27c/build/cmake/android.toolchain.cmake:35 (cmake_minimum_required):
  Compatibility with CMake < 3.10 will be removed from a future version of
  CMake.

  Update the VERSION argument <min> value.  Or, use the <min>...<max> syntax
  to tell CMake that the project requires at least <min> but has been updated
  to work with policies introduced by <max> or earlier.
Call Stack (most recent call first):
  /home/runner/workspace/thirdparty/vcpkg/scripts/toolchains/android.cmake:32 (include)
  /home/runner/workspace/thirdparty/vcpkg/scripts/buildsystems/vcpkg.cmake:210 (include)
  /home/runner/workspace/thirdparty/vcpkg/buildtrees/curl/arm64-android-rel/CMakeFiles/4.3.3/CMakeSystem.cmake:6 (include)
  /home/runner/workspace/thirdparty/vcpkg/buildtrees/curl/arm64-android-rel/CMakeFiles/CMakeScratch/TryCompile-MxBB2c/CMakeLists.txt:5 (project)


CMake Deprecation Warning at /home/runner/workspace/.ndk-tools/android-ndk-r27c/build/cmake/android-legacy.toolchain.cmake:35 (cmake_minimum_required):
  Compatibility with CMake < 3.10 will be removed from a future version of
  CMake.

  Update the VERSION argument <min> value.  Or, use the <min>...<max> syntax
  to tell CMake that the project requires at least <min> but has been updated
  to work with policies introduced by <max> or earlier.
Call Stack (most recent call first):
  /home/runner/workspace/.ndk-tools/android-ndk-r27c/build/cmake/android.toolchain.cmake:55 (include)
  /home/runner/workspace/thirdparty/vcpkg/scripts/toolchains/android.cmake:32 (include)
  /home/runner/workspace/thirdparty/vcpkg/scripts/buildsystems/vcpkg.cmake:210 (include)
  /home/runner/workspace/thirdparty/vcpkg/buildtrees/curl/arm64-android-rel/CMakeFiles/4.3.3/CMakeSystem.cmake:6 (include)
  /home/runner/workspace/thirdparty/vcpkg/buildtrees/curl/arm64-android-rel/CMakeFiles/CMakeScratch/TryCompile-MxBB2c/CMakeLists.txt:5 (project)


CMake Deprecation Warning at /home/runner/workspace/.ndk-tools/android-ndk-r27c/build/cmake/flags.cmake:18 (cmake_minimum_required):
  Compatibility with CMake < 3.10 will be removed from a future version of
  CMake.

  Update the VERSION argument <min> value.  Or, use the <min>...<max> syntax
  to tell CMake that the project requires at least <min> but has been updated
  to work with policies introduced by <max> or earlier.
Call Stack (most recent call first):
  /home/runner/workspace/thirdparty/vcpkg/downloads/tools/cmake-4.3.3-linux/cmake-4.3.3-linux-x86_64/share/cmake-4.3/Modules/Platform/Android-Clang.cmake:23 (include)
  /home/runner/workspace/thirdparty/vcpkg/downloads/tools/cmake-4.3.3-linux/cmake-4.3.3-linux-x86_64/share/cmake-4.3/Modules/Platform/Android-Clang-C.cmake:1 (include)
  /home/runner/workspace/thirdparty/vcpkg/downloads/tools/cmake-4.3.3-linux/cmake-4.3.3-linux-x86_64/share/cmake-4.3/Modules/CMakeCInformation.cmake:48 (include)
  /home/runner/workspace/thirdparty/vcpkg/buildtrees/curl/arm64-android-rel/CMakeFiles/CMakeScratch/TryCompile-MxBB2c/CMakeLists.txt:5 (project)


-- Looking for sendmsg - found
-- Looking for sendmmsg
CMake Deprecation Warning at /home/runner/workspace/.ndk-tools/android-ndk-r27c/build/cmake/android.toolchain.cmake:35 (cmake_minimum_required):
  Compatibility with CMake < 3.10 will be removed from a future version of
  CMake.

  Update the VERSION argument <min> value.  Or, use the <min>...<max> syntax
  to tell CMake that the project requires at least <min> but has been updated
  to work with policies introduced by <max> or earlier.
Call Stack (most recent call first):
  /home/runner/workspace/thirdparty/vcpkg/scripts/toolchains/android.cmake:32 (include)
  /home/runner/workspace/thirdparty/vcpkg/scripts/buildsystems/vcpkg.cmake:210 (include)
  /home/runner/workspace/thirdparty/vcpkg/buildtrees/curl/arm64-android-rel/CMakeFiles/4.3.3/CMakeSystem.cmake:6 (include)
  /home/runner/workspace/thirdparty/vcpkg/buildtrees/curl/arm64-android-rel/CMakeFiles/CMakeScratch/TryCompile-x0KrxN/CMakeLists.txt:5 (project)


CMake Deprecation Warning at /home/runner/workspace/.ndk-tools/android-ndk-r27c/build/cmake/android-legacy.toolchain.cmake:35 (cmake_minimum_required):
  Compatibility with CMake < 3.10 will be removed from a future version of
  CMake.

  Update the VERSION argument <min> value.  Or, use the <min>...<max> syntax
  to tell CMake that the project requires at least <min> but has been updated
  to work with policies introduced by <max> or earlier.
Call Stack (most recent call first):
  /home/runner/workspace/.ndk-tools/android-ndk-r27c/build/cmake/android.toolchain.cmake:55 (include)
  /home/runner/workspace/thirdparty/vcpkg/scripts/toolchains/android.cmake:32 (include)
  /home/runner/workspace/thirdparty/vcpkg/scripts/buildsystems/vcpkg.cmake:210 (include)
  /home/runner/workspace/thirdparty/vcpkg/buildtrees/curl/arm64-android-rel/CMakeFiles/4.3.3/CMakeSystem.cmake:6 (include)
  /home/runner/workspace/thirdparty/vcpkg/buildtrees/curl/arm64-android-rel/CMakeFiles/CMakeScratch/TryCompile-x0KrxN/CMakeLists.txt:5 (project)


CMake Deprecation Warning at /home/runner/workspace/.ndk-tools/android-ndk-r27c/build/cmake/flags.cmake:18 (cmake_minimum_required):
  Compatibility with CMake < 3.10 will be removed from a future version of
  CMake.

  Update the VERSION argument <min> value.  Or, use the <min>...<max> syntax
  to tell CMake that the project requires at least <min> but has been updated
  to work with policies introduced by <max> or earlier.
Call Stack (most recent call first):
  /home/runner/workspace/thirdparty/vcpkg/downloads/tools/cmake-4.3.3-linux/cmake-4.3.3-linux-x86_64/share/cmake-4.3/Modules/Platform/Android-Clang.cmake:23 (include)
  /home/runner/workspace/thirdparty/vcpkg/downloads/tools/cmake-4.3.3-linux/cmake-4.3.3-linux-x86_64/share/cmake-4.3/Modules/Platform/Android-Clang-C.cmake:1 (include)
  /home/runner/workspace/thirdparty/vcpkg/downloads/tools/cmake-4.3.3-linux/cmake-4.3.3-linux-x86_64/share/cmake-4.3/Modules/CMakeCInformation.cmake:48 (include)
  /home/runner/workspace/thirdparty/vcpkg/buildtrees/curl/arm64-android-rel/CMakeFiles/CMakeScratch/TryCompile-x0KrxN/CMakeLists.txt:5 (project)


-- Looking for sendmmsg - found
-- Looking for select
CMake Deprecation Warning at /home/runner/workspace/.ndk-tools/android-ndk-r27c/build/cmake/android.toolchain.cmake:35 (cmake_minimum_required):
  Compatibility with CMake < 3.10 will be removed from a future version of
  CMake.

  Update the VERSION argument <min> value.  Or, use the <min>...<max> syntax
  to tell CMake that the project requires at least <min> but has been updated
  to work with policies introduced by <max> or earlier.
Call Stack (most recent call first):
  /home/runner/workspace/thirdparty/vcpkg/scripts/toolchains/android.cmake:32 (include)
  /home/runner/workspace/thirdparty/vcpkg/scripts/buildsystems/vcpkg.cmake:210 (include)
  /home/runner/workspace/thirdparty/vcpkg/buildtrees/curl/arm64-android-rel/CMakeFiles/4.3.3/CMakeSystem.cmake:6 (include)
  /home/runner/workspace/thirdparty/vcpkg/buildtrees/curl/arm64-android-rel/CMakeFiles/CMakeScratch/TryCompile-9DMe4l/CMakeLists.txt:5 (project)


CMake Deprecation Warning at /home/runner/workspace/.ndk-tools/android-ndk-r27c/build/cmake/android-legacy.toolchain.cmake:35 (cmake_minimum_required):
  Compatibility with CMake < 3.10 will be removed from a future version of
  CMake.

  Update the VERSION argument <min> value.  Or, use the <min>...<max> syntax
  to tell CMake that the project requires at least <min> but has been updated
  to work with policies introduced by <max> or earlier.
Call Stack (most recent call first):
  /home/runner/workspace/.ndk-tools/android-ndk-r27c/build/cmake/android.toolchain.cmake:55 (include)
  /home/runner/workspace/thirdparty/vcpkg/scripts/toolchains/android.cmake:32 (include)
  /home/runner/workspace/thirdparty/vcpkg/scripts/buildsystems/vcpkg.cmake:210 (include)
  /home/runner/workspace/thirdparty/vcpkg/buildtrees/curl/arm64-android-rel/CMakeFiles/4.3.3/CMakeSystem.cmake:6 (include)
  /home/runner/workspace/thirdparty/vcpkg/buildtrees/curl/arm64-android-rel/CMakeFiles/CMakeScratch/TryCompile-9DMe4l/CMakeLists.txt:5 (project)


CMake Deprecation Warning at /home/runner/workspace/.ndk-tools/android-ndk-r27c/build/cmake/flags.cmake:18 (cmake_minimum_required):
  Compatibility with CMake < 3.10 will be removed from a future version of
  CMake.

  Update the VERSION argument <min> value.  Or, use the <min>...<max> syntax
  to tell CMake that the project requires at least <min> but has been updated
  to work with policies introduced by <max> or earlier.
Call Stack (most recent call first):
  /home/runner/workspace/thirdparty/vcpkg/downloads/tools/cmake-4.3.3-linux/cmake-4.3.3-linux-x86_64/share/cmake-4.3/Modules/Platform/Android-Clang.cmake:23 (include)
  /home/runner/workspace/thirdparty/vcpkg/downloads/tools/cmake-4.3.3-linux/cmake-4.3.3-linux-x86_64/share/cmake-4.3/Modules/Platform/Android-Clang-C.cmake:1 (include)
  /home/runner/workspace/thirdparty/vcpkg/downloads/tools/cmake-4.3.3-linux/cmake-4.3.3-linux-x86_64/share/cmake-4.3/Modules/CMakeCInformation.cmake:48 (include)
  /home/runner/workspace/thirdparty/vcpkg/buildtrees/curl/arm64-android-rel/CMakeFiles/CMakeScratch/TryCompile-9DMe4l/CMakeLists.txt:5 (project)


-- Looking for select - found
-- Looking for strdup
CMake Deprecation Warning at /home/runner/workspace/.ndk-tools/android-ndk-r27c/build/cmake/android.toolchain.cmake:35 (cmake_minimum_required):
  Compatibility with CMake < 3.10 will be removed from a future version of
  CMake.

  Update the VERSION argument <min> value.  Or, use the <min>...<max> syntax
  to tell CMake that the project requires at least <min> but has been updated
  to work with policies introduced by <max> or earlier.
Call Stack (most recent call first):
  /home/runner/workspace/thirdparty/vcpkg/scripts/toolchains/android.cmake:32 (include)
  /home/runner/workspace/thirdparty/vcpkg/scripts/buildsystems/vcpkg.cmake:210 (include)
  /home/runner/workspace/thirdparty/vcpkg/buildtrees/curl/arm64-android-rel/CMakeFiles/4.3.3/CMakeSystem.cmake:6 (include)
  /home/runner/workspace/thirdparty/vcpkg/buildtrees/curl/arm64-android-rel/CMakeFiles/CMakeScratch/TryCompile-9a2uep/CMakeLists.txt:5 (project)


CMake Deprecation Warning at /home/runner/workspace/.ndk-tools/android-ndk-r27c/build/cmake/android-legacy.toolchain.cmake:35 (cmake_minimum_required):
  Compatibility with CMake < 3.10 will be removed from a future version of
  CMake.

  Update the VERSION argument <min> value.  Or, use the <min>...<max> syntax
  to tell CMake that the project requires at least <min> but has been updated
  to work with policies introduced by <max> or earlier.
Call Stack (most recent call first):
  /home/runner/workspace/.ndk-tools/android-ndk-r27c/build/cmake/android.toolchain.cmake:55 (include)
  /home/runner/workspace/thirdparty/vcpkg/scripts/toolchains/android.cmake:32 (include)
  /home/runner/workspace/thirdparty/vcpkg/scripts/buildsystems/vcpkg.cmake:210 (include)
  /home/runner/workspace/thirdparty/vcpkg/buildtrees/curl/arm64-android-rel/CMakeFiles/4.3.3/CMakeSystem.cmake:6 (include)
  /home/runner/workspace/thirdparty/vcpkg/buildtrees/curl/arm64-android-rel/CMakeFiles/CMakeScratch/TryCompile-9a2uep/CMakeLists.txt:5 (project)


CMake Deprecation Warning at /home/runner/workspace/.ndk-tools/android-ndk-r27c/build/cmake/flags.cmake:18 (cmake_minimum_required):
  Compatibility with CMake < 3.10 will be removed from a future version of
  CMake.

  Update the VERSION argument <min> value.  Or, use the <min>...<max> syntax
  to tell CMake that the project requires at least <min> but has been updated
  to work with policies introduced by <max> or earlier.
Call Stack (most recent call first):
  /home/runner/workspace/thirdparty/vcpkg/downloads/tools/cmake-4.3.3-linux/cmake-4.3.3-linux-x86_64/share/cmake-4.3/Modules/Platform/Android-Clang.cmake:23 (include)
  /home/runner/workspace/thirdparty/vcpkg/downloads/tools/cmake-4.3.3-linux/cmake-4.3.3-linux-x86_64/share/cmake-4.3/Modules/Platform/Android-Clang-C.cmake:1 (include)
  /home/runner/workspace/thirdparty/vcpkg/downloads/tools/cmake-4.3.3-linux/cmake-4.3.3-linux-x86_64/share/cmake-4.3/Modules/CMakeCInformation.cmake:48 (include)
  /home/runner/workspace/thirdparty/vcpkg/buildtrees/curl/arm64-android-rel/CMakeFiles/CMakeScratch/TryCompile-9a2uep/CMakeLists.txt:5 (project)


-- Looking for strdup - found
-- Looking for strtok_r
CMake Deprecation Warning at /home/runner/workspace/.ndk-tools/android-ndk-r27c/build/cmake/android.toolchain.cmake:35 (cmake_minimum_required):
  Compatibility with CMake < 3.10 will be removed from a future version of
  CMake.

  Update the VERSION argument <min> value.  Or, use the <min>...<max> syntax
  to tell CMake that the project requires at least <min> but has been updated
  to work with policies introduced by <max> or earlier.
Call Stack (most recent call first):
  /home/runner/workspace/thirdparty/vcpkg/scripts/toolchains/android.cmake:32 (include)
  /home/runner/workspace/thirdparty/vcpkg/scripts/buildsystems/vcpkg.cmake:210 (include)
  /home/runner/workspace/thirdparty/vcpkg/buildtrees/curl/arm64-android-rel/CMakeFiles/4.3.3/CMakeSystem.cmake:6 (include)
  /home/runner/workspace/thirdparty/vcpkg/buildtrees/curl/arm64-android-rel/CMakeFiles/CMakeScratch/TryCompile-OdV4YL/CMakeLists.txt:5 (project)


CMake Deprecation Warning at /home/runner/workspace/.ndk-tools/android-ndk-r27c/build/cmake/android-legacy.toolchain.cmake:35 (cmake_minimum_required):
  Compatibility with CMake < 3.10 will be removed from a future version of
  CMake.

  Update the VERSION argument <min> value.  Or, use the <min>...<max> syntax
  to tell CMake that the project requires at least <min> but has been updated
  to work with policies introduced by <max> or earlier.
Call Stack (most recent call first):
  /home/runner/workspace/.ndk-tools/android-ndk-r27c/build/cmake/android.toolchain.cmake:55 (include)
  /home/runner/workspace/thirdparty/vcpkg/scripts/toolchains/android.cmake:32 (include)
  /home/runner/workspace/thirdparty/vcpkg/scripts/buildsystems/vcpkg.cmake:210 (include)
  /home/runner/workspace/thirdparty/vcpkg/buildtrees/curl/arm64-android-rel/CMakeFiles/4.3.3/CMakeSystem.cmake:6 (include)
  /home/runner/workspace/thirdparty/vcpkg/buildtrees/curl/arm64-android-rel/CMakeFiles/CMakeScratch/TryCompile-OdV4YL/CMakeLists.txt:5 (project)


CMake Deprecation Warning at /home/runner/workspace/.ndk-tools/android-ndk-r27c/build/cmake/flags.cmake:18 (cmake_minimum_required):
  Compatibility with CMake < 3.10 will be removed from a future version of
  CMake.

  Update the VERSION argument <min> value.  Or, use the <min>...<max> syntax
  to tell CMake that the project requires at least <min> but has been updated
  to work with policies introduced by <max> or earlier.
Call Stack (most recent call first):
  /home/runner/workspace/thirdparty/vcpkg/downloads/tools/cmake-4.3.3-linux/cmake-4.3.3-linux-x86_64/share/cmake-4.3/Modules/Platform/Android-Clang.cmake:23 (include)
  /home/runner/workspace/thirdparty/vcpkg/downloads/tools/cmake-4.3.3-linux/cmake-4.3.3-linux-x86_64/share/cmake-4.3/Modules/Platform/Android-Clang-C.cmake:1 (include)
  /home/runner/workspace/thirdparty/vcpkg/downloads/tools/cmake-4.3.3-linux/cmake-4.3.3-linux-x86_64/share/cmake-4.3/Modules/CMakeCInformation.cmake:48 (include)
  /home/runner/workspace/thirdparty/vcpkg/buildtrees/curl/arm64-android-rel/CMakeFiles/CMakeScratch/TryCompile-OdV4YL/CMakeLists.txt:5 (project)


-- Looking for strtok_r - found
-- Looking for strcasecmp
CMake Deprecation Warning at /home/runner/workspace/.ndk-tools/android-ndk-r27c/build/cmake/android.toolchain.cmake:35 (cmake_minimum_required):
  Compatibility with CMake < 3.10 will be removed from a future version of
  CMake.

  Update the VERSION argument <min> value.  Or, use the <min>...<max> syntax
  to tell CMake that the project requires at least <min> but has been updated
  to work with policies introduced by <max> or earlier.
Call Stack (most recent call first):
  /home/runner/workspace/thirdparty/vcpkg/scripts/toolchains/android.cmake:32 (include)
  /home/runner/workspace/thirdparty/vcpkg/scripts/buildsystems/vcpkg.cmake:210 (include)
  /home/runner/workspace/thirdparty/vcpkg/buildtrees/curl/arm64-android-rel/CMakeFiles/4.3.3/CMakeSystem.cmake:6 (include)
  /home/runner/workspace/thirdparty/vcpkg/buildtrees/curl/arm64-android-rel/CMakeFiles/CMakeScratch/TryCompile-RfJTPJ/CMakeLists.txt:5 (project)


CMake Deprecation Warning at /home/runner/workspace/.ndk-tools/android-ndk-r27c/build/cmake/android-legacy.toolchain.cmake:35 (cmake_minimum_required):
  Compatibility with CMake < 3.10 will be removed from a future version of
  CMake.

  Update the VERSION argument <min> value.  Or, use the <min>...<max> syntax
  to tell CMake that the project requires at least <min> but has been updated
  to work with policies introduced by <max> or earlier.
Call Stack (most recent call first):
  /home/runner/workspace/.ndk-tools/android-ndk-r27c/build/cmake/android.toolchain.cmake:55 (include)
  /home/runner/workspace/thirdparty/vcpkg/scripts/toolchains/android.cmake:32 (include)
  /home/runner/workspace/thirdparty/vcpkg/scripts/buildsystems/vcpkg.cmake:210 (include)
  /home/runner/workspace/thirdparty/vcpkg/buildtrees/curl/arm64-android-rel/CMakeFiles/4.3.3/CMakeSystem.cmake:6 (include)
  /home/runner/workspace/thirdparty/vcpkg/buildtrees/curl/arm64-android-rel/CMakeFiles/CMakeScratch/TryCompile-RfJTPJ/CMakeLists.txt:5 (project)


CMake Deprecation Warning at /home/runner/workspace/.ndk-tools/android-ndk-r27c/build/cmake/flags.cmake:18 (cmake_minimum_required):
  Compatibility with CMake < 3.10 will be removed from a future version of
  CMake.

  Update the VERSION argument <min> value.  Or, use the <min>...<max> syntax
  to tell CMake that the project requires at least <min> but has been updated
  to work with policies introduced by <max> or earlier.
Call Stack (most recent call first):
  /home/runner/workspace/thirdparty/vcpkg/downloads/tools/cmake-4.3.3-linux/cmake-4.3.3-linux-x86_64/share/cmake-4.3/Modules/Platform/Android-Clang.cmake:23 (include)
  /home/runner/workspace/thirdparty/vcpkg/downloads/tools/cmake-4.3.3-linux/cmake-4.3.3-linux-x86_64/share/cmake-4.3/Modules/Platform/Android-Clang-C.cmake:1 (include)
  /home/runner/workspace/thirdparty/vcpkg/downloads/tools/cmake-4.3.3-linux/cmake-4.3.3-linux-x86_64/share/cmake-4.3/Modules/CMakeCInformation.cmake:48 (include)
  /home/runner/workspace/thirdparty/vcpkg/buildtrees/curl/arm64-android-rel/CMakeFiles/CMakeScratch/TryCompile-RfJTPJ/CMakeLists.txt:5 (project)


-- Looking for strcasecmp - found
-- Looking for stricmp
CMake Deprecation Warning at /home/runner/workspace/.ndk-tools/android-ndk-r27c/build/cmake/android.toolchain.cmake:35 (cmake_minimum_required):
  Compatibility with CMake < 3.10 will be removed from a future version of
  CMake.

  Update the VERSION argument <min> value.  Or, use the <min>...<max> syntax
  to tell CMake that the project requires at least <min> but has been updated
  to work with policies introduced by <max> or earlier.
Call Stack (most recent call first):
  /home/runner/workspace/thirdparty/vcpkg/scripts/toolchains/android.cmake:32 (include)
  /home/runner/workspace/thirdparty/vcpkg/scripts/buildsystems/vcpkg.cmake:210 (include)
  /home/runner/workspace/thirdparty/vcpkg/buildtrees/curl/arm64-android-rel/CMakeFiles/4.3.3/CMakeSystem.cmake:6 (include)
  /home/runner/workspace/thirdparty/vcpkg/buildtrees/curl/arm64-android-rel/CMakeFiles/CMakeScratch/TryCompile-BBAbeX/CMakeLists.txt:5 (project)


CMake Deprecation Warning at /home/runner/workspace/.ndk-tools/android-ndk-r27c/build/cmake/android-legacy.toolchain.cmake:35 (cmake_minimum_required):
  Compatibility with CMake < 3.10 will be removed from a future version of
  CMake.

  Update the VERSION argument <min> value.  Or, use the <min>...<max> syntax
  to tell CMake that the project requires at least <min> but has been updated
  to work with policies introduced by <max> or earlier.
Call Stack (most recent call first):
  /home/runner/workspace/.ndk-tools/android-ndk-r27c/build/cmake/android.toolchain.cmake:55 (include)
  /home/runner/workspace/thirdparty/vcpkg/scripts/toolchains/android.cmake:32 (include)
  /home/runner/workspace/thirdparty/vcpkg/scripts/buildsystems/vcpkg.cmake:210 (include)
  /home/runner/workspace/thirdparty/vcpkg/buildtrees/curl/arm64-android-rel/CMakeFiles/4.3.3/CMakeSystem.cmake:6 (include)
  /home/runner/workspace/thirdparty/vcpkg/buildtrees/curl/arm64-android-rel/CMakeFiles/CMakeScratch/TryCompile-BBAbeX/CMakeLists.txt:5 (project)


CMake Deprecation Warning at /home/runner/workspace/.ndk-tools/android-ndk-r27c/build/cmake/flags.cmake:18 (cmake_minimum_required):
  Compatibility with CMake < 3.10 will be removed from a future version of
  CMake.

  Update the VERSION argument <min> value.  Or, use the <min>...<max> syntax
  to tell CMake that the project requires at least <min> but has been updated
  to work with policies introduced by <max> or earlier.
Call Stack (most recent call first):
  /home/runner/workspace/thirdparty/vcpkg/downloads/tools/cmake-4.3.3-linux/cmake-4.3.3-linux-x86_64/share/cmake-4.3/Modules/Platform/Android-Clang.cmake:23 (include)
  /home/runner/workspace/thirdparty/vcpkg/downloads/tools/cmake-4.3.3-linux/cmake-4.3.3-linux-x86_64/share/cmake-4.3/Modules/Platform/Android-Clang-C.cmake:1 (include)
  /home/runner/workspace/thirdparty/vcpkg/downloads/tools/cmake-4.3.3-linux/cmake-4.3.3-linux-x86_64/share/cmake-4.3/Modules/CMakeCInformation.cmake:48 (include)
  /home/runner/workspace/thirdparty/vcpkg/buildtrees/curl/arm64-android-rel/CMakeFiles/CMakeScratch/TryCompile-BBAbeX/CMakeLists.txt:5 (project)


-- Looking for stricmp - not found
-- Looking for strcmpi
CMake Deprecation Warning at /home/runner/workspace/.ndk-tools/android-ndk-r27c/build/cmake/android.toolchain.cmake:35 (cmake_minimum_required):
  Compatibility with CMake < 3.10 will be removed from a future version of
  CMake.

  Update the VERSION argument <min> value.  Or, use the <min>...<max> syntax
  to tell CMake that the project requires at least <min> but has been updated
  to work with policies introduced by <max> or earlier.
Call Stack (most recent call first):
  /home/runner/workspace/thirdparty/vcpkg/scripts/toolchains/android.cmake:32 (include)
  /home/runner/workspace/thirdparty/vcpkg/scripts/buildsystems/vcpkg.cmake:210 (include)
  /home/runner/workspace/thirdparty/vcpkg/buildtrees/curl/arm64-android-rel/CMakeFiles/4.3.3/CMakeSystem.cmake:6 (include)
  /home/runner/workspace/thirdparty/vcpkg/buildtrees/curl/arm64-android-rel/CMakeFiles/CMakeScratch/TryCompile-UEyGdy/CMakeLists.txt:5 (project)


CMake Deprecation Warning at /home/runner/workspace/.ndk-tools/android-ndk-r27c/build/cmake/android-legacy.toolchain.cmake:35 (cmake_minimum_required):
  Compatibility with CMake < 3.10 will be removed from a future version of
  CMake.

  Update the VERSION argument <min> value.  Or, use the <min>...<max> syntax
  to tell CMake that the project requires at least <min> but has been updated
  to work with policies introduced by <max> or earlier.
Call Stack (most recent call first):
  /home/runner/workspace/.ndk-tools/android-ndk-r27c/build/cmake/android.toolchain.cmake:55 (include)
  /home/runner/workspace/thirdparty/vcpkg/scripts/toolchains/android.cmake:32 (include)
  /home/runner/workspace/thirdparty/vcpkg/scripts/buildsystems/vcpkg.cmake:210 (include)
  /home/runner/workspace/thirdparty/vcpkg/buildtrees/curl/arm64-android-rel/CMakeFiles/4.3.3/CMakeSystem.cmake:6 (include)
  /home/runner/workspace/thirdparty/vcpkg/buildtrees/curl/arm64-android-rel/CMakeFiles/CMakeScratch/TryCompile-UEyGdy/CMakeLists.txt:5 (project)


CMake Deprecation Warning at /home/runner/workspace/.ndk-tools/android-ndk-r27c/build/cmake/flags.cmake:18 (cmake_minimum_required):
  Compatibility with CMake < 3.10 will be removed from a future version of
  CMake.

  Update the VERSION argument <min> value.  Or, use the <min>...<max> syntax
  to tell CMake that the project requires at least <min> but has been updated
  to work with policies introduced by <max> or earlier.
Call Stack (most recent call first):
  /home/runner/workspace/thirdparty/vcpkg/downloads/tools/cmake-4.3.3-linux/cmake-4.3.3-linux-x86_64/share/cmake-4.3/Modules/Platform/Android-Clang.cmake:23 (include)
  /home/runner/workspace/thirdparty/vcpkg/downloads/tools/cmake-4.3.3-linux/cmake-4.3.3-linux-x86_64/share/cmake-4.3/Modules/Platform/Android-Clang-C.cmake:1 (include)
  /home/runner/workspace/thirdparty/vcpkg/downloads/tools/cmake-4.3.3-linux/cmake-4.3.3-linux-x86_64/share/cmake-4.3/Modules/CMakeCInformation.cmake:48 (include)
  /home/runner/workspace/thirdparty/vcpkg/buildtrees/curl/arm64-android-rel/CMakeFiles/CMakeScratch/TryCompile-UEyGdy/CMakeLists.txt:5 (project)


-- Looking for strcmpi - not found
-- Looking for memrchr
CMake Deprecation Warning at /home/runner/workspace/.ndk-tools/android-ndk-r27c/build/cmake/android.toolchain.cmake:35 (cmake_minimum_required):
  Compatibility with CMake < 3.10 will be removed from a future version of
  CMake.

  Update the VERSION argument <min> value.  Or, use the <min>...<max> syntax
  to tell CMake that the project requires at least <min> but has been updated
  to work with policies introduced by <max> or earlier.
Call Stack (most recent call first):
  /home/runner/workspace/thirdparty/vcpkg/scripts/toolchains/android.cmake:32 (include)
  /home/runner/workspace/thirdparty/vcpkg/scripts/buildsystems/vcpkg.cmake:210 (include)
  /home/runner/workspace/thirdparty/vcpkg/buildtrees/curl/arm64-android-rel/CMakeFiles/4.3.3/CMakeSystem.cmake:6 (include)
  /home/runner/workspace/thirdparty/vcpkg/buildtrees/curl/arm64-android-rel/CMakeFiles/CMakeScratch/TryCompile-UqCMyo/CMakeLists.txt:5 (project)


CMake Deprecation Warning at /home/runner/workspace/.ndk-tools/android-ndk-r27c/build/cmake/android-legacy.toolchain.cmake:35 (cmake_minimum_required):
  Compatibility with CMake < 3.10 will be removed from a future version of
  CMake.

  Update the VERSION argument <min> value.  Or, use the <min>...<max> syntax
  to tell CMake that the project requires at least <min> but has been updated
  to work with policies introduced by <max> or earlier.
Call Stack (most recent call first):
  /home/runner/workspace/.ndk-tools/android-ndk-r27c/build/cmake/android.toolchain.cmake:55 (include)
  /home/runner/workspace/thirdparty/vcpkg/scripts/toolchains/android.cmake:32 (include)
  /home/runner/workspace/thirdparty/vcpkg/scripts/buildsystems/vcpkg.cmake:210 (include)
  /home/runner/workspace/thirdparty/vcpkg/buildtrees/curl/arm64-android-rel/CMakeFiles/4.3.3/CMakeSystem.cmake:6 (include)
  /home/runner/workspace/thirdparty/vcpkg/buildtrees/curl/arm64-android-rel/CMakeFiles/CMakeScratch/TryCompile-UqCMyo/CMakeLists.txt:5 (project)


CMake Deprecation Warning at /home/runner/workspace/.ndk-tools/android-ndk-r27c/build/cmake/flags.cmake:18 (cmake_minimum_required):
  Compatibility with CMake < 3.10 will be removed from a future version of
  CMake.

  Update the VERSION argument <min> value.  Or, use the <min>...<max> syntax
  to tell CMake that the project requires at least <min> but has been updated
  to work with policies introduced by <max> or earlier.
Call Stack (most recent call first):
  /home/runner/workspace/thirdparty/vcpkg/downloads/tools/cmake-4.3.3-linux/cmake-4.3.3-linux-x86_64/share/cmake-4.3/Modules/Platform/Android-Clang.cmake:23 (include)
  /home/runner/workspace/thirdparty/vcpkg/downloads/tools/cmake-4.3.3-linux/cmake-4.3.3-linux-x86_64/share/cmake-4.3/Modules/Platform/Android-Clang-C.cmake:1 (include)
  /home/runner/workspace/thirdparty/vcpkg/downloads/tools/cmake-4.3.3-linux/cmake-4.3.3-linux-x86_64/share/cmake-4.3/Modules/CMakeCInformation.cmake:48 (include)
  /home/runner/workspace/thirdparty/vcpkg/buildtrees/curl/arm64-android-rel/CMakeFiles/CMakeScratch/TryCompile-UqCMyo/CMakeLists.txt:5 (project)


-- Looking for memrchr - found
-- Looking for alarm
CMake Deprecation Warning at /home/runner/workspace/.ndk-tools/android-ndk-r27c/build/cmake/android.toolchain.cmake:35 (cmake_minimum_required):
  Compatibility with CMake < 3.10 will be removed from a future version of
  CMake.

  Update the VERSION argument <min> value.  Or, use the <min>...<max> syntax
  to tell CMake that the project requires at least <min> but has been updated
  to work with policies introduced by <max> or earlier.
Call Stack (most recent call first):
  /home/runner/workspace/thirdparty/vcpkg/scripts/toolchains/android.cmake:32 (include)
  /home/runner/workspace/thirdparty/vcpkg/scripts/buildsystems/vcpkg.cmake:210 (include)
  /home/runner/workspace/thirdparty/vcpkg/buildtrees/curl/arm64-android-rel/CMakeFiles/4.3.3/CMakeSystem.cmake:6 (include)
  /home/runner/workspace/thirdparty/vcpkg/buildtrees/curl/arm64-android-rel/CMakeFiles/CMakeScratch/TryCompile-nUemm3/CMakeLists.txt:5 (project)


CMake Deprecation Warning at /home/runner/workspace/.ndk-tools/android-ndk-r27c/build/cmake/android-legacy.toolchain.cmake:35 (cmake_minimum_required):
  Compatibility with CMake < 3.10 will be removed from a future version of
  CMake.

  Update the VERSION argument <min> value.  Or, use the <min>...<max> syntax
  to tell CMake that the project requires at least <min> but has been updated
  to work with policies introduced by <max> or earlier.
Call Stack (most recent call first):
  /home/runner/workspace/.ndk-tools/android-ndk-r27c/build/cmake/android.toolchain.cmake:55 (include)
  /home/runner/workspace/thirdparty/vcpkg/scripts/toolchains/android.cmake:32 (include)
  /home/runner/workspace/thirdparty/vcpkg/scripts/buildsystems/vcpkg.cmake:210 (include)
  /home/runner/workspace/thirdparty/vcpkg/buildtrees/curl/arm64-android-rel/CMakeFiles/4.3.3/CMakeSystem.cmake:6 (include)
  /home/runner/workspace/thirdparty/vcpkg/buildtrees/curl/arm64-android-rel/CMakeFiles/CMakeScratch/TryCompile-nUemm3/CMakeLists.txt:5 (project)


CMake Deprecation Warning at /home/runner/workspace/.ndk-tools/android-ndk-r27c/build/cmake/flags.cmake:18 (cmake_minimum_required):
  Compatibility with CMake < 3.10 will be removed from a future version of
  CMake.

  Update the VERSION argument <min> value.  Or, use the <min>...<max> syntax
  to tell CMake that the project requires at least <min> but has been updated
  to work with policies introduced by <max> or earlier.
Call Stack (most recent call first):
  /home/runner/workspace/thirdparty/vcpkg/downloads/tools/cmake-4.3.3-linux/cmake-4.3.3-linux-x86_64/share/cmake-4.3/Modules/Platform/Android-Clang.cmake:23 (include)
  /home/runner/workspace/thirdparty/vcpkg/downloads/tools/cmake-4.3.3-linux/cmake-4.3.3-linux-x86_64/share/cmake-4.3/Modules/Platform/Android-Clang-C.cmake:1 (include)
  /home/runner/workspace/thirdparty/vcpkg/downloads/tools/cmake-4.3.3-linux/cmake-4.3.3-linux-x86_64/share/cmake-4.3/Modules/CMakeCInformation.cmake:48 (include)
  /home/runner/workspace/thirdparty/vcpkg/buildtrees/curl/arm64-android-rel/CMakeFiles/CMakeScratch/TryCompile-nUemm3/CMakeLists.txt:5 (project)


-- Looking for alarm - found
-- Looking for fcntl
CMake Deprecation Warning at /home/runner/workspace/.ndk-tools/android-ndk-r27c/build/cmake/android.toolchain.cmake:35 (cmake_minimum_required):
  Compatibility with CMake < 3.10 will be removed from a future version of
  CMake.

  Update the VERSION argument <min> value.  Or, use the <min>...<max> syntax
  to tell CMake that the project requires at least <min> but has been updated
  to work with policies introduced by <max> or earlier.
Call Stack (most recent call first):
  /home/runner/workspace/thirdparty/vcpkg/scripts/toolchains/android.cmake:32 (include)
  /home/runner/workspace/thirdparty/vcpkg/scripts/buildsystems/vcpkg.cmake:210 (include)
  /home/runner/workspace/thirdparty/vcpkg/buildtrees/curl/arm64-android-rel/CMakeFiles/4.3.3/CMakeSystem.cmake:6 (include)
  /home/runner/workspace/thirdparty/vcpkg/buildtrees/curl/arm64-android-rel/CMakeFiles/CMakeScratch/TryCompile-XxP6IT/CMakeLists.txt:5 (project)


CMake Deprecation Warning at /home/runner/workspace/.ndk-tools/android-ndk-r27c/build/cmake/android-legacy.toolchain.cmake:35 (cmake_minimum_required):
  Compatibility with CMake < 3.10 will be removed from a future version of
  CMake.

  Update the VERSION argument <min> value.  Or, use the <min>...<max> syntax
  to tell CMake that the project requires at least <min> but has been updated
  to work with policies introduced by <max> or earlier.
Call Stack (most recent call first):
  /home/runner/workspace/.ndk-tools/android-ndk-r27c/build/cmake/android.toolchain.cmake:55 (include)
  /home/runner/workspace/thirdparty/vcpkg/scripts/toolchains/android.cmake:32 (include)
  /home/runner/workspace/thirdparty/vcpkg/scripts/buildsystems/vcpkg.cmake:210 (include)
  /home/runner/workspace/thirdparty/vcpkg/buildtrees/curl/arm64-android-rel/CMakeFiles/4.3.3/CMakeSystem.cmake:6 (include)
  /home/runner/workspace/thirdparty/vcpkg/buildtrees/curl/arm64-android-rel/CMakeFiles/CMakeScratch/TryCompile-XxP6IT/CMakeLists.txt:5 (project)


CMake Deprecation Warning at /home/runner/workspace/.ndk-tools/android-ndk-r27c/build/cmake/flags.cmake:18 (cmake_minimum_required):
  Compatibility with CMake < 3.10 will be removed from a future version of
  CMake.

  Update the VERSION argument <min> value.  Or, use the <min>...<max> syntax
  to tell CMake that the project requires at least <min> but has been updated
  to work with policies introduced by <max> or earlier.
Call Stack (most recent call first):
  /home/runner/workspace/thirdparty/vcpkg/downloads/tools/cmake-4.3.3-linux/cmake-4.3.3-linux-x86_64/share/cmake-4.3/Modules/Platform/Android-Clang.cmake:23 (include)
  /home/runner/workspace/thirdparty/vcpkg/downloads/tools/cmake-4.3.3-linux/cmake-4.3.3-linux-x86_64/share/cmake-4.3/Modules/Platform/Android-Clang-C.cmake:1 (include)
  /home/runner/workspace/thirdparty/vcpkg/downloads/tools/cmake-4.3.3-linux/cmake-4.3.3-linux-x86_64/share/cmake-4.3/Modules/CMakeCInformation.cmake:48 (include)
  /home/runner/workspace/thirdparty/vcpkg/buildtrees/curl/arm64-android-rel/CMakeFiles/CMakeScratch/TryCompile-XxP6IT/CMakeLists.txt:5 (project)


-- Looking for fcntl - found
-- Looking for getppid
CMake Deprecation Warning at /home/runner/workspace/.ndk-tools/android-ndk-r27c/build/cmake/android.toolchain.cmake:35 (cmake_minimum_required):
  Compatibility with CMake < 3.10 will be removed from a future version of
  CMake.

  Update the VERSION argument <min> value.  Or, use the <min>...<max> syntax
  to tell CMake that the project requires at least <min> but has been updated
  to work with policies introduced by <max> or earlier.
Call Stack (most recent call first):
  /home/runner/workspace/thirdparty/vcpkg/scripts/toolchains/android.cmake:32 (include)
  /home/runner/workspace/thirdparty/vcpkg/scripts/buildsystems/vcpkg.cmake:210 (include)
  /home/runner/workspace/thirdparty/vcpkg/buildtrees/curl/arm64-android-rel/CMakeFiles/4.3.3/CMakeSystem.cmake:6 (include)
  /home/runner/workspace/thirdparty/vcpkg/buildtrees/curl/arm64-android-rel/CMakeFiles/CMakeScratch/TryCompile-12Bo1T/CMakeLists.txt:5 (project)


CMake Deprecation Warning at /home/runner/workspace/.ndk-tools/android-ndk-r27c/build/cmake/android-legacy.toolchain.cmake:35 (cmake_minimum_required):
  Compatibility with CMake < 3.10 will be removed from a future version of
  CMake.

  Update the VERSION argument <min> value.  Or, use the <min>...<max> syntax
  to tell CMake that the project requires at least <min> but has been updated
  to work with policies introduced by <max> or earlier.
Call Stack (most recent call first):
  /home/runner/workspace/.ndk-tools/android-ndk-r27c/build/cmake/android.toolchain.cmake:55 (include)
  /home/runner/workspace/thirdparty/vcpkg/scripts/toolchains/android.cmake:32 (include)
  /home/runner/workspace/thirdparty/vcpkg/scripts/buildsystems/vcpkg.cmake:210 (include)
  /home/runner/workspace/thirdparty/vcpkg/buildtrees/curl/arm64-android-rel/CMakeFiles/4.3.3/CMakeSystem.cmake:6 (include)
  /home/runner/workspace/thirdparty/vcpkg/buildtrees/curl/arm64-android-rel/CMakeFiles/CMakeScratch/TryCompile-12Bo1T/CMakeLists.txt:5 (project)


CMake Deprecation Warning at /home/runner/workspace/.ndk-tools/android-ndk-r27c/build/cmake/flags.cmake:18 (cmake_minimum_required):
  Compatibility with CMake < 3.10 will be removed from a future version of
  CMake.

  Update the VERSION argument <min> value.  Or, use the <min>...<max> syntax
  to tell CMake that the project requires at least <min> but has been updated
  to work with policies introduced by <max> or earlier.
Call Stack (most recent call first):
  /home/runner/workspace/thirdparty/vcpkg/downloads/tools/cmake-4.3.3-linux/cmake-4.3.3-linux-x86_64/share/cmake-4.3/Modules/Platform/Android-Clang.cmake:23 (include)
  /home/runner/workspace/thirdparty/vcpkg/downloads/tools/cmake-4.3.3-linux/cmake-4.3.3-linux-x86_64/share/cmake-4.3/Modules/Platform/Android-Clang-C.cmake:1 (include)
  /home/runner/workspace/thirdparty/vcpkg/downloads/tools/cmake-4.3.3-linux/cmake-4.3.3-linux-x86_64/share/cmake-4.3/Modules/CMakeCInformation.cmake:48 (include)
  /home/runner/workspace/thirdparty/vcpkg/buildtrees/curl/arm64-android-rel/CMakeFiles/CMakeScratch/TryCompile-12Bo1T/CMakeLists.txt:5 (project)


-- Looking for getppid - found
-- Looking for utimes
CMake Deprecation Warning at /home/runner/workspace/.ndk-tools/android-ndk-r27c/build/cmake/android.toolchain.cmake:35 (cmake_minimum_required):
  Compatibility with CMake < 3.10 will be removed from a future version of
  CMake.

  Update the VERSION argument <min> value.  Or, use the <min>...<max> syntax
  to tell CMake that the project requires at least <min> but has been updated
  to work with policies introduced by <max> or earlier.
Call Stack (most recent call first):
  /home/runner/workspace/thirdparty/vcpkg/scripts/toolchains/android.cmake:32 (include)
  /home/runner/workspace/thirdparty/vcpkg/scripts/buildsystems/vcpkg.cmake:210 (include)
  /home/runner/workspace/thirdparty/vcpkg/buildtrees/curl/arm64-android-rel/CMakeFiles/4.3.3/CMakeSystem.cmake:6 (include)
  /home/runner/workspace/thirdparty/vcpkg/buildtrees/curl/arm64-android-rel/CMakeFiles/CMakeScratch/TryCompile-SwVkI5/CMakeLists.txt:5 (project)


CMake Deprecation Warning at /home/runner/workspace/.ndk-tools/android-ndk-r27c/build/cmake/android-legacy.toolchain.cmake:35 (cmake_minimum_required):
  Compatibility with CMake < 3.10 will be removed from a future version of
  CMake.

  Update the VERSION argument <min> value.  Or, use the <min>...<max> syntax
  to tell CMake that the project requires at least <min> but has been updated
  to work with policies introduced by <max> or earlier.
Call Stack (most recent call first):
  /home/runner/workspace/.ndk-tools/android-ndk-r27c/build/cmake/android.toolchain.cmake:55 (include)
  /home/runner/workspace/thirdparty/vcpkg/scripts/toolchains/android.cmake:32 (include)
  /home/runner/workspace/thirdparty/vcpkg/scripts/buildsystems/vcpkg.cmake:210 (include)
  /home/runner/workspace/thirdparty/vcpkg/buildtrees/curl/arm64-android-rel/CMakeFiles/4.3.3/CMakeSystem.cmake:6 (include)
  /home/runner/workspace/thirdparty/vcpkg/buildtrees/curl/arm64-android-rel/CMakeFiles/CMakeScratch/TryCompile-SwVkI5/CMakeLists.txt:5 (project)


CMake Deprecation Warning at /home/runner/workspace/.ndk-tools/android-ndk-r27c/build/cmake/flags.cmake:18 (cmake_minimum_required):
  Compatibility with CMake < 3.10 will be removed from a future version of
  CMake.

  Update the VERSION argument <min> value.  Or, use the <min>...<max> syntax
  to tell CMake that the project requires at least <min> but has been updated
  to work with policies introduced by <max> or earlier.
Call Stack (most recent call first):
  /home/runner/workspace/thirdparty/vcpkg/downloads/tools/cmake-4.3.3-linux/cmake-4.3.3-linux-x86_64/share/cmake-4.3/Modules/Platform/Android-Clang.cmake:23 (include)
  /home/runner/workspace/thirdparty/vcpkg/downloads/tools/cmake-4.3.3-linux/cmake-4.3.3-linux-x86_64/share/cmake-4.3/Modules/Platform/Android-Clang-C.cmake:1 (include)
  /home/runner/workspace/thirdparty/vcpkg/downloads/tools/cmake-4.3.3-linux/cmake-4.3.3-linux-x86_64/share/cmake-4.3/Modules/CMakeCInformation.cmake:48 (include)
  /home/runner/workspace/thirdparty/vcpkg/buildtrees/curl/arm64-android-rel/CMakeFiles/CMakeScratch/TryCompile-SwVkI5/CMakeLists.txt:5 (project)


-- Looking for utimes - found
-- Looking for gettimeofday
CMake Deprecation Warning at /home/runner/workspace/.ndk-tools/android-ndk-r27c/build/cmake/android.toolchain.cmake:35 (cmake_minimum_required):
  Compatibility with CMake < 3.10 will be removed from a future version of
  CMake.

  Update the VERSION argument <min> value.  Or, use the <min>...<max> syntax
  to tell CMake that the project requires at least <min> but has been updated
  to work with policies introduced by <max> or earlier.
Call Stack (most recent call first):
  /home/runner/workspace/thirdparty/vcpkg/scripts/toolchains/android.cmake:32 (include)
  /home/runner/workspace/thirdparty/vcpkg/scripts/buildsystems/vcpkg.cmake:210 (include)
  /home/runner/workspace/thirdparty/vcpkg/buildtrees/curl/arm64-android-rel/CMakeFiles/4.3.3/CMakeSystem.cmake:6 (include)
  /home/runner/workspace/thirdparty/vcpkg/buildtrees/curl/arm64-android-rel/CMakeFiles/CMakeScratch/TryCompile-iOUH14/CMakeLists.txt:5 (project)


CMake Deprecation Warning at /home/runner/workspace/.ndk-tools/android-ndk-r27c/build/cmake/android-legacy.toolchain.cmake:35 (cmake_minimum_required):
  Compatibility with CMake < 3.10 will be removed from a future version of
  CMake.

  Update the VERSION argument <min> value.  Or, use the <min>...<max> syntax
  to tell CMake that the project requires at least <min> but has been updated
  to work with policies introduced by <max> or earlier.
Call Stack (most recent call first):
  /home/runner/workspace/.ndk-tools/android-ndk-r27c/build/cmake/android.toolchain.cmake:55 (include)
  /home/runner/workspace/thirdparty/vcpkg/scripts/toolchains/android.cmake:32 (include)
  /home/runner/workspace/thirdparty/vcpkg/scripts/buildsystems/vcpkg.cmake:210 (include)
  /home/runner/workspace/thirdparty/vcpkg/buildtrees/curl/arm64-android-rel/CMakeFiles/4.3.3/CMakeSystem.cmake:6 (include)
  /home/runner/workspace/thirdparty/vcpkg/buildtrees/curl/arm64-android-rel/CMakeFiles/CMakeScratch/TryCompile-iOUH14/CMakeLists.txt:5 (project)


CMake Deprecation Warning at /home/runner/workspace/.ndk-tools/android-ndk-r27c/build/cmake/flags.cmake:18 (cmake_minimum_required):
  Compatibility with CMake < 3.10 will be removed from a future version of
  CMake.

  Update the VERSION argument <min> value.  Or, use the <min>...<max> syntax
  to tell CMake that the project requires at least <min> but has been updated
  to work with policies introduced by <max> or earlier.
Call Stack (most recent call first):
  /home/runner/workspace/thirdparty/vcpkg/downloads/tools/cmake-4.3.3-linux/cmake-4.3.3-linux-x86_64/share/cmake-4.3/Modules/Platform/Android-Clang.cmake:23 (include)
  /home/runner/workspace/thirdparty/vcpkg/downloads/tools/cmake-4.3.3-linux/cmake-4.3.3-linux-x86_64/share/cmake-4.3/Modules/Platform/Android-Clang-C.cmake:1 (include)
  /home/runner/workspace/thirdparty/vcpkg/downloads/tools/cmake-4.3.3-linux/cmake-4.3.3-linux-x86_64/share/cmake-4.3/Modules/CMakeCInformation.cmake:48 (include)
  /home/runner/workspace/thirdparty/vcpkg/buildtrees/curl/arm64-android-rel/CMakeFiles/CMakeScratch/TryCompile-iOUH14/CMakeLists.txt:5 (project)


-- Looking for gettimeofday - found
-- Looking for closesocket
CMake Deprecation Warning at /home/runner/workspace/.ndk-tools/android-ndk-r27c/build/cmake/android.toolchain.cmake:35 (cmake_minimum_required):
  Compatibility with CMake < 3.10 will be removed from a future version of
  CMake.

  Update the VERSION argument <min> value.  Or, use the <min>...<max> syntax
  to tell CMake that the project requires at least <min> but has been updated
  to work with policies introduced by <max> or earlier.
Call Stack (most recent call first):
  /home/runner/workspace/thirdparty/vcpkg/scripts/toolchains/android.cmake:32 (include)
  /home/runner/workspace/thirdparty/vcpkg/scripts/buildsystems/vcpkg.cmake:210 (include)
  /home/runner/workspace/thirdparty/vcpkg/buildtrees/curl/arm64-android-rel/CMakeFiles/4.3.3/CMakeSystem.cmake:6 (include)
  /home/runner/workspace/thirdparty/vcpkg/buildtrees/curl/arm64-android-rel/CMakeFiles/CMakeScratch/TryCompile-QftYs2/CMakeLists.txt:5 (project)


CMake Deprecation Warning at /home/runner/workspace/.ndk-tools/android-ndk-r27c/build/cmake/android-legacy.toolchain.cmake:35 (cmake_minimum_required):
  Compatibility with CMake < 3.10 will be removed from a future version of
  CMake.

  Update the VERSION argument <min> value.  Or, use the <min>...<max> syntax
  to tell CMake that the project requires at least <min> but has been updated
  to work with policies introduced by <max> or earlier.
Call Stack (most recent call first):
  /home/runner/workspace/.ndk-tools/android-ndk-r27c/build/cmake/android.toolchain.cmake:55 (include)
  /home/runner/workspace/thirdparty/vcpkg/scripts/toolchains/android.cmake:32 (include)
  /home/runner/workspace/thirdparty/vcpkg/scripts/buildsystems/vcpkg.cmake:210 (include)
  /home/runner/workspace/thirdparty/vcpkg/buildtrees/curl/arm64-android-rel/CMakeFiles/4.3.3/CMakeSystem.cmake:6 (include)
  /home/runner/workspace/thirdparty/vcpkg/buildtrees/curl/arm64-android-rel/CMakeFiles/CMakeScratch/TryCompile-QftYs2/CMakeLists.txt:5 (project)


CMake Deprecation Warning at /home/runner/workspace/.ndk-tools/android-ndk-r27c/build/cmake/flags.cmake:18 (cmake_minimum_required):
  Compatibility with CMake < 3.10 will be removed from a future version of
  CMake.

  Update the VERSION argument <min> value.  Or, use the <min>...<max> syntax
  to tell CMake that the project requires at least <min> but has been updated
  to work with policies introduced by <max> or earlier.
Call Stack (most recent call first):
  /home/runner/workspace/thirdparty/vcpkg/downloads/tools/cmake-4.3.3-linux/cmake-4.3.3-linux-x86_64/share/cmake-4.3/Modules/Platform/Android-Clang.cmake:23 (include)
  /home/runner/workspace/thirdparty/vcpkg/downloads/tools/cmake-4.3.3-linux/cmake-4.3.3-linux-x86_64/share/cmake-4.3/Modules/Platform/Android-Clang-C.cmake:1 (include)
  /home/runner/workspace/thirdparty/vcpkg/downloads/tools/cmake-4.3.3-linux/cmake-4.3.3-linux-x86_64/share/cmake-4.3/Modules/CMakeCInformation.cmake:48 (include)
  /home/runner/workspace/thirdparty/vcpkg/buildtrees/curl/arm64-android-rel/CMakeFiles/CMakeScratch/TryCompile-QftYs2/CMakeLists.txt:5 (project)


-- Looking for closesocket - not found
-- Looking for sigsetjmp
CMake Deprecation Warning at /home/runner/workspace/.ndk-tools/android-ndk-r27c/build/cmake/android.toolchain.cmake:35 (cmake_minimum_required):
  Compatibility with CMake < 3.10 will be removed from a future version of
  CMake.

  Update the VERSION argument <min> value.  Or, use the <min>...<max> syntax
  to tell CMake that the project requires at least <min> but has been updated
  to work with policies introduced by <max> or earlier.
Call Stack (most recent call first):
  /home/runner/workspace/thirdparty/vcpkg/scripts/toolchains/android.cmake:32 (include)
  /home/runner/workspace/thirdparty/vcpkg/scripts/buildsystems/vcpkg.cmake:210 (include)
  /home/runner/workspace/thirdparty/vcpkg/buildtrees/curl/arm64-android-rel/CMakeFiles/4.3.3/CMakeSystem.cmake:6 (include)
  /home/runner/workspace/thirdparty/vcpkg/buildtrees/curl/arm64-android-rel/CMakeFiles/CMakeScratch/TryCompile-TQsEQQ/CMakeLists.txt:5 (project)


CMake Deprecation Warning at /home/runner/workspace/.ndk-tools/android-ndk-r27c/build/cmake/android-legacy.toolchain.cmake:35 (cmake_minimum_required):
  Compatibility with CMake < 3.10 will be removed from a future version of
  CMake.

  Update the VERSION argument <min> value.  Or, use the <min>...<max> syntax
  to tell CMake that the project requires at least <min> but has been updated
  to work with policies introduced by <max> or earlier.
Call Stack (most recent call first):
  /home/runner/workspace/.ndk-tools/android-ndk-r27c/build/cmake/android.toolchain.cmake:55 (include)
  /home/runner/workspace/thirdparty/vcpkg/scripts/toolchains/android.cmake:32 (include)
  /home/runner/workspace/thirdparty/vcpkg/scripts/buildsystems/vcpkg.cmake:210 (include)
  /home/runner/workspace/thirdparty/vcpkg/buildtrees/curl/arm64-android-rel/CMakeFiles/4.3.3/CMakeSystem.cmake:6 (include)
  /home/runner/workspace/thirdparty/vcpkg/buildtrees/curl/arm64-android-rel/CMakeFiles/CMakeScratch/TryCompile-TQsEQQ/CMakeLists.txt:5 (project)


CMake Deprecation Warning at /home/runner/workspace/.ndk-tools/android-ndk-r27c/build/cmake/flags.cmake:18 (cmake_minimum_required):
  Compatibility with CMake < 3.10 will be removed from a future version of
  CMake.

  Update the VERSION argument <min> value.  Or, use the <min>...<max> syntax
  to tell CMake that the project requires at least <min> but has been updated
  to work with policies introduced by <max> or earlier.
Call Stack (most recent call first):
  /home/runner/workspace/thirdparty/vcpkg/downloads/tools/cmake-4.3.3-linux/cmake-4.3.3-linux-x86_64/share/cmake-4.3/Modules/Platform/Android-Clang.cmake:23 (include)
  /home/runner/workspace/thirdparty/vcpkg/downloads/tools/cmake-4.3.3-linux/cmake-4.3.3-linux-x86_64/share/cmake-4.3/Modules/Platform/Android-Clang-C.cmake:1 (include)
  /home/runner/workspace/thirdparty/vcpkg/downloads/tools/cmake-4.3.3-linux/cmake-4.3.3-linux-x86_64/share/cmake-4.3/Modules/CMakeCInformation.cmake:48 (include)
  /home/runner/workspace/thirdparty/vcpkg/buildtrees/curl/arm64-android-rel/CMakeFiles/CMakeScratch/TryCompile-TQsEQQ/CMakeLists.txt:5 (project)


-- Looking for sigsetjmp - found
-- Looking for getpass_r
CMake Deprecation Warning at /home/runner/workspace/.ndk-tools/android-ndk-r27c/build/cmake/android.toolchain.cmake:35 (cmake_minimum_required):
  Compatibility with CMake < 3.10 will be removed from a future version of
  CMake.

  Update the VERSION argument <min> value.  Or, use the <min>...<max> syntax
  to tell CMake that the project requires at least <min> but has been updated
  to work with policies introduced by <max> or earlier.
Call Stack (most recent call first):
  /home/runner/workspace/thirdparty/vcpkg/scripts/toolchains/android.cmake:32 (include)
  /home/runner/workspace/thirdparty/vcpkg/scripts/buildsystems/vcpkg.cmake:210 (include)
  /home/runner/workspace/thirdparty/vcpkg/buildtrees/curl/arm64-android-rel/CMakeFiles/4.3.3/CMakeSystem.cmake:6 (include)
  /home/runner/workspace/thirdparty/vcpkg/buildtrees/curl/arm64-android-rel/CMakeFiles/CMakeScratch/TryCompile-vZNroX/CMakeLists.txt:5 (project)


CMake Deprecation Warning at /home/runner/workspace/.ndk-tools/android-ndk-r27c/build/cmake/android-legacy.toolchain.cmake:35 (cmake_minimum_required):
  Compatibility with CMake < 3.10 will be removed from a future version of
  CMake.

  Update the VERSION argument <min> value.  Or, use the <min>...<max> syntax
  to tell CMake that the project requires at least <min> but has been updated
  to work with policies introduced by <max> or earlier.
Call Stack (most recent call first):
  /home/runner/workspace/.ndk-tools/android-ndk-r27c/build/cmake/android.toolchain.cmake:55 (include)
  /home/runner/workspace/thirdparty/vcpkg/scripts/toolchains/android.cmake:32 (include)
  /home/runner/workspace/thirdparty/vcpkg/scripts/buildsystems/vcpkg.cmake:210 (include)
  /home/runner/workspace/thirdparty/vcpkg/buildtrees/curl/arm64-android-rel/CMakeFiles/4.3.3/CMakeSystem.cmake:6 (include)
  /home/runner/workspace/thirdparty/vcpkg/buildtrees/curl/arm64-android-rel/CMakeFiles/CMakeScratch/TryCompile-vZNroX/CMakeLists.txt:5 (project)


CMake Deprecation Warning at /home/runner/workspace/.ndk-tools/android-ndk-r27c/build/cmake/flags.cmake:18 (cmake_minimum_required):
  Compatibility with CMake < 3.10 will be removed from a future version of
  CMake.

  Update the VERSION argument <min> value.  Or, use the <min>...<max> syntax
  to tell CMake that the project requires at least <min> but has been updated
  to work with policies introduced by <max> or earlier.
Call Stack (most recent call first):
  /home/runner/workspace/thirdparty/vcpkg/downloads/tools/cmake-4.3.3-linux/cmake-4.3.3-linux-x86_64/share/cmake-4.3/Modules/Platform/Android-Clang.cmake:23 (include)
  /home/runner/workspace/thirdparty/vcpkg/downloads/tools/cmake-4.3.3-linux/cmake-4.3.3-linux-x86_64/share/cmake-4.3/Modules/Platform/Android-Clang-C.cmake:1 (include)
  /home/runner/workspace/thirdparty/vcpkg/downloads/tools/cmake-4.3.3-linux/cmake-4.3.3-linux-x86_64/share/cmake-4.3/Modules/CMakeCInformation.cmake:48 (include)
  /home/runner/workspace/thirdparty/vcpkg/buildtrees/curl/arm64-android-rel/CMakeFiles/CMakeScratch/TryCompile-vZNroX/CMakeLists.txt:5 (project)


-- Looking for getpass_r - not found
-- Looking for getpwuid
CMake Deprecation Warning at /home/runner/workspace/.ndk-tools/android-ndk-r27c/build/cmake/android.toolchain.cmake:35 (cmake_minimum_required):
  Compatibility with CMake < 3.10 will be removed from a future version of
  CMake.

  Update the VERSION argument <min> value.  Or, use the <min>...<max> syntax
  to tell CMake that the project requires at least <min> but has been updated
  to work with policies introduced by <max> or earlier.
Call Stack (most recent call first):
  /home/runner/workspace/thirdparty/vcpkg/scripts/toolchains/android.cmake:32 (include)
  /home/runner/workspace/thirdparty/vcpkg/scripts/buildsystems/vcpkg.cmake:210 (include)
  /home/runner/workspace/thirdparty/vcpkg/buildtrees/curl/arm64-android-rel/CMakeFiles/4.3.3/CMakeSystem.cmake:6 (include)
  /home/runner/workspace/thirdparty/vcpkg/buildtrees/curl/arm64-android-rel/CMakeFiles/CMakeScratch/TryCompile-qpg1ao/CMakeLists.txt:5 (project)


CMake Deprecation Warning at /home/runner/workspace/.ndk-tools/android-ndk-r27c/build/cmake/android-legacy.toolchain.cmake:35 (cmake_minimum_required):
  Compatibility with CMake < 3.10 will be removed from a future version of
  CMake.

  Update the VERSION argument <min> value.  Or, use the <min>...<max> syntax
  to tell CMake that the project requires at least <min> but has been updated
  to work with policies introduced by <max> or earlier.
Call Stack (most recent call first):
  /home/runner/workspace/.ndk-tools/android-ndk-r27c/build/cmake/android.toolchain.cmake:55 (include)
  /home/runner/workspace/thirdparty/vcpkg/scripts/toolchains/android.cmake:32 (include)
  /home/runner/workspace/thirdparty/vcpkg/scripts/buildsystems/vcpkg.cmake:210 (include)
  /home/runner/workspace/thirdparty/vcpkg/buildtrees/curl/arm64-android-rel/CMakeFiles/4.3.3/CMakeSystem.cmake:6 (include)
  /home/runner/workspace/thirdparty/vcpkg/buildtrees/curl/arm64-android-rel/CMakeFiles/CMakeScratch/TryCompile-qpg1ao/CMakeLists.txt:5 (project)


CMake Deprecation Warning at /home/runner/workspace/.ndk-tools/android-ndk-r27c/build/cmake/flags.cmake:18 (cmake_minimum_required):
  Compatibility with CMake < 3.10 will be removed from a future version of
  CMake.

  Update the VERSION argument <min> value.  Or, use the <min>...<max> syntax
  to tell CMake that the project requires at least <min> but has been updated
  to work with policies introduced by <max> or earlier.
Call Stack (most recent call first):
  /home/runner/workspace/thirdparty/vcpkg/downloads/tools/cmake-4.3.3-linux/cmake-4.3.3-linux-x86_64/share/cmake-4.3/Modules/Platform/Android-Clang.cmake:23 (include)
  /home/runner/workspace/thirdparty/vcpkg/downloads/tools/cmake-4.3.3-linux/cmake-4.3.3-linux-x86_64/share/cmake-4.3/Modules/Platform/Android-Clang-C.cmake:1 (include)
  /home/runner/workspace/thirdparty/vcpkg/downloads/tools/cmake-4.3.3-linux/cmake-4.3.3-linux-x86_64/share/cmake-4.3/Modules/CMakeCInformation.cmake:48 (include)
  /home/runner/workspace/thirdparty/vcpkg/buildtrees/curl/arm64-android-rel/CMakeFiles/CMakeScratch/TryCompile-qpg1ao/CMakeLists.txt:5 (project)


-- Looking for getpwuid - found
-- Looking for getpwuid_r
CMake Deprecation Warning at /home/runner/workspace/.ndk-tools/android-ndk-r27c/build/cmake/android.toolchain.cmake:35 (cmake_minimum_required):
  Compatibility with CMake < 3.10 will be removed from a future version of
  CMake.

  Update the VERSION argument <min> value.  Or, use the <min>...<max> syntax
  to tell CMake that the project requires at least <min> but has been updated
  to work with policies introduced by <max> or earlier.
Call Stack (most recent call first):
  /home/runner/workspace/thirdparty/vcpkg/scripts/toolchains/android.cmake:32 (include)
  /home/runner/workspace/thirdparty/vcpkg/scripts/buildsystems/vcpkg.cmake:210 (include)
  /home/runner/workspace/thirdparty/vcpkg/buildtrees/curl/arm64-android-rel/CMakeFiles/4.3.3/CMakeSystem.cmake:6 (include)
  /home/runner/workspace/thirdparty/vcpkg/buildtrees/curl/arm64-android-rel/CMakeFiles/CMakeScratch/TryCompile-E2daSx/CMakeLists.txt:5 (project)


CMake Deprecation Warning at /home/runner/workspace/.ndk-tools/android-ndk-r27c/build/cmake/android-legacy.toolchain.cmake:35 (cmake_minimum_required):
  Compatibility with CMake < 3.10 will be removed from a future version of
  CMake.

  Update the VERSION argument <min> value.  Or, use the <min>...<max> syntax
  to tell CMake that the project requires at least <min> but has been updated
  to work with policies introduced by <max> or earlier.
Call Stack (most recent call first):
  /home/runner/workspace/.ndk-tools/android-ndk-r27c/build/cmake/android.toolchain.cmake:55 (include)
  /home/runner/workspace/thirdparty/vcpkg/scripts/toolchains/android.cmake:32 (include)
  /home/runner/workspace/thirdparty/vcpkg/scripts/buildsystems/vcpkg.cmake:210 (include)
  /home/runner/workspace/thirdparty/vcpkg/buildtrees/curl/arm64-android-rel/CMakeFiles/4.3.3/CMakeSystem.cmake:6 (include)
  /home/runner/workspace/thirdparty/vcpkg/buildtrees/curl/arm64-android-rel/CMakeFiles/CMakeScratch/TryCompile-E2daSx/CMakeLists.txt:5 (project)


CMake Deprecation Warning at /home/runner/workspace/.ndk-tools/android-ndk-r27c/build/cmake/flags.cmake:18 (cmake_minimum_required):
  Compatibility with CMake < 3.10 will be removed from a future version of
  CMake.

  Update the VERSION argument <min> value.  Or, use the <min>...<max> syntax
  to tell CMake that the project requires at least <min> but has been updated
  to work with policies introduced by <max> or earlier.
Call Stack (most recent call first):
  /home/runner/workspace/thirdparty/vcpkg/downloads/tools/cmake-4.3.3-linux/cmake-4.3.3-linux-x86_64/share/cmake-4.3/Modules/Platform/Android-Clang.cmake:23 (include)
  /home/runner/workspace/thirdparty/vcpkg/downloads/tools/cmake-4.3.3-linux/cmake-4.3.3-linux-x86_64/share/cmake-4.3/Modules/Platform/Android-Clang-C.cmake:1 (include)
  /home/runner/workspace/thirdparty/vcpkg/downloads/tools/cmake-4.3.3-linux/cmake-4.3.3-linux-x86_64/share/cmake-4.3/Modules/CMakeCInformation.cmake:48 (include)
  /home/runner/workspace/thirdparty/vcpkg/buildtrees/curl/arm64-android-rel/CMakeFiles/CMakeScratch/TryCompile-E2daSx/CMakeLists.txt:5 (project)


-- Looking for getpwuid_r - found
-- Looking for geteuid
CMake Deprecation Warning at /home/runner/workspace/.ndk-tools/android-ndk-r27c/build/cmake/android.toolchain.cmake:35 (cmake_minimum_required):
  Compatibility with CMake < 3.10 will be removed from a future version of
  CMake.

  Update the VERSION argument <min> value.  Or, use the <min>...<max> syntax
  to tell CMake that the project requires at least <min> but has been updated
  to work with policies introduced by <max> or earlier.
Call Stack (most recent call first):
  /home/runner/workspace/thirdparty/vcpkg/scripts/toolchains/android.cmake:32 (include)
  /home/runner/workspace/thirdparty/vcpkg/scripts/buildsystems/vcpkg.cmake:210 (include)
  /home/runner/workspace/thirdparty/vcpkg/buildtrees/curl/arm64-android-rel/CMakeFiles/4.3.3/CMakeSystem.cmake:6 (include)
  /home/runner/workspace/thirdparty/vcpkg/buildtrees/curl/arm64-android-rel/CMakeFiles/CMakeScratch/TryCompile-xCoVWa/CMakeLists.txt:5 (project)


CMake Deprecation Warning at /home/runner/workspace/.ndk-tools/android-ndk-r27c/build/cmake/android-legacy.toolchain.cmake:35 (cmake_minimum_required):
  Compatibility with CMake < 3.10 will be removed from a future version of
  CMake.

  Update the VERSION argument <min> value.  Or, use the <min>...<max> syntax
  to tell CMake that the project requires at least <min> but has been updated
  to work with policies introduced by <max> or earlier.
Call Stack (most recent call first):
  /home/runner/workspace/.ndk-tools/android-ndk-r27c/build/cmake/android.toolchain.cmake:55 (include)
  /home/runner/workspace/thirdparty/vcpkg/scripts/toolchains/android.cmake:32 (include)
  /home/runner/workspace/thirdparty/vcpkg/scripts/buildsystems/vcpkg.cmake:210 (include)
  /home/runner/workspace/thirdparty/vcpkg/buildtrees/curl/arm64-android-rel/CMakeFiles/4.3.3/CMakeSystem.cmake:6 (include)
  /home/runner/workspace/thirdparty/vcpkg/buildtrees/curl/arm64-android-rel/CMakeFiles/CMakeScratch/TryCompile-xCoVWa/CMakeLists.txt:5 (project)


CMake Deprecation Warning at /home/runner/workspace/.ndk-tools/android-ndk-r27c/build/cmake/flags.cmake:18 (cmake_minimum_required):
  Compatibility with CMake < 3.10 will be removed from a future version of
  CMake.

  Update the VERSION argument <min> value.  Or, use the <min>...<max> syntax
  to tell CMake that the project requires at least <min> but has been updated
  to work with policies introduced by <max> or earlier.
Call Stack (most recent call first):
  /home/runner/workspace/thirdparty/vcpkg/downloads/tools/cmake-4.3.3-linux/cmake-4.3.3-linux-x86_64/share/cmake-4.3/Modules/Platform/Android-Clang.cmake:23 (include)
  /home/runner/workspace/thirdparty/vcpkg/downloads/tools/cmake-4.3.3-linux/cmake-4.3.3-linux-x86_64/share/cmake-4.3/Modules/Platform/Android-Clang-C.cmake:1 (include)
  /home/runner/workspace/thirdparty/vcpkg/downloads/tools/cmake-4.3.3-linux/cmake-4.3.3-linux-x86_64/share/cmake-4.3/Modules/CMakeCInformation.cmake:48 (include)
  /home/runner/workspace/thirdparty/vcpkg/buildtrees/curl/arm64-android-rel/CMakeFiles/CMakeScratch/TryCompile-xCoVWa/CMakeLists.txt:5 (project)


-- Looking for geteuid - found
-- Looking for utime
CMake Deprecation Warning at /home/runner/workspace/.ndk-tools/android-ndk-r27c/build/cmake/android.toolchain.cmake:35 (cmake_minimum_required):
  Compatibility with CMake < 3.10 will be removed from a future version of
  CMake.

  Update the VERSION argument <min> value.  Or, use the <min>...<max> syntax
  to tell CMake that the project requires at least <min> but has been updated
  to work with policies introduced by <max> or earlier.
Call Stack (most recent call first):
  /home/runner/workspace/thirdparty/vcpkg/scripts/toolchains/android.cmake:32 (include)
  /home/runner/workspace/thirdparty/vcpkg/scripts/buildsystems/vcpkg.cmake:210 (include)
  /home/runner/workspace/thirdparty/vcpkg/buildtrees/curl/arm64-android-rel/CMakeFiles/4.3.3/CMakeSystem.cmake:6 (include)
  /home/runner/workspace/thirdparty/vcpkg/buildtrees/curl/arm64-android-rel/CMakeFiles/CMakeScratch/TryCompile-yqCL9F/CMakeLists.txt:5 (project)


CMake Deprecation Warning at /home/runner/workspace/.ndk-tools/android-ndk-r27c/build/cmake/android-legacy.toolchain.cmake:35 (cmake_minimum_required):
  Compatibility with CMake < 3.10 will be removed from a future version of
  CMake.

  Update the VERSION argument <min> value.  Or, use the <min>...<max> syntax
  to tell CMake that the project requires at least <min> but has been updated
  to work with policies introduced by <max> or earlier.
Call Stack (most recent call first):
  /home/runner/workspace/.ndk-tools/android-ndk-r27c/build/cmake/android.toolchain.cmake:55 (include)
  /home/runner/workspace/thirdparty/vcpkg/scripts/toolchains/android.cmake:32 (include)
  /home/runner/workspace/thirdparty/vcpkg/scripts/buildsystems/vcpkg.cmake:210 (include)
  /home/runner/workspace/thirdparty/vcpkg/buildtrees/curl/arm64-android-rel/CMakeFiles/4.3.3/CMakeSystem.cmake:6 (include)
  /home/runner/workspace/thirdparty/vcpkg/buildtrees/curl/arm64-android-rel/CMakeFiles/CMakeScratch/TryCompile-yqCL9F/CMakeLists.txt:5 (project)


CMake Deprecation Warning at /home/runner/workspace/.ndk-tools/android-ndk-r27c/build/cmake/flags.cmake:18 (cmake_minimum_required):
  Compatibility with CMake < 3.10 will be removed from a future version of
  CMake.

  Update the VERSION argument <min> value.  Or, use the <min>...<max> syntax
  to tell CMake that the project requires at least <min> but has been updated
  to work with policies introduced by <max> or earlier.
Call Stack (most recent call first):
  /home/runner/workspace/thirdparty/vcpkg/downloads/tools/cmake-4.3.3-linux/cmake-4.3.3-linux-x86_64/share/cmake-4.3/Modules/Platform/Android-Clang.cmake:23 (include)
  /home/runner/workspace/thirdparty/vcpkg/downloads/tools/cmake-4.3.3-linux/cmake-4.3.3-linux-x86_64/share/cmake-4.3/Modules/Platform/Android-Clang-C.cmake:1 (include)
  /home/runner/workspace/thirdparty/vcpkg/downloads/tools/cmake-4.3.3-linux/cmake-4.3.3-linux-x86_64/share/cmake-4.3/Modules/CMakeCInformation.cmake:48 (include)
  /home/runner/workspace/thirdparty/vcpkg/buildtrees/curl/arm64-android-rel/CMakeFiles/CMakeScratch/TryCompile-yqCL9F/CMakeLists.txt:5 (project)


-- Looking for utime - found
-- Looking for gmtime_r
CMake Deprecation Warning at /home/runner/workspace/.ndk-tools/android-ndk-r27c/build/cmake/android.toolchain.cmake:35 (cmake_minimum_required):
  Compatibility with CMake < 3.10 will be removed from a future version of
  CMake.

  Update the VERSION argument <min> value.  Or, use the <min>...<max> syntax
  to tell CMake that the project requires at least <min> but has been updated
  to work with policies introduced by <max> or earlier.
Call Stack (most recent call first):
  /home/runner/workspace/thirdparty/vcpkg/scripts/toolchains/android.cmake:32 (include)
  /home/runner/workspace/thirdparty/vcpkg/scripts/buildsystems/vcpkg.cmake:210 (include)
  /home/runner/workspace/thirdparty/vcpkg/buildtrees/curl/arm64-android-rel/CMakeFiles/4.3.3/CMakeSystem.cmake:6 (include)
  /home/runner/workspace/thirdparty/vcpkg/buildtrees/curl/arm64-android-rel/CMakeFiles/CMakeScratch/TryCompile-OKdLGa/CMakeLists.txt:5 (project)


CMake Deprecation Warning at /home/runner/workspace/.ndk-tools/android-ndk-r27c/build/cmake/android-legacy.toolchain.cmake:35 (cmake_minimum_required):
  Compatibility with CMake < 3.10 will be removed from a future version of
  CMake.

  Update the VERSION argument <min> value.  Or, use the <min>...<max> syntax
  to tell CMake that the project requires at least <min> but has been updated
  to work with policies introduced by <max> or earlier.
Call Stack (most recent call first):
  /home/runner/workspace/.ndk-tools/android-ndk-r27c/build/cmake/android.toolchain.cmake:55 (include)
  /home/runner/workspace/thirdparty/vcpkg/scripts/toolchains/android.cmake:32 (include)
  /home/runner/workspace/thirdparty/vcpkg/scripts/buildsystems/vcpkg.cmake:210 (include)
  /home/runner/workspace/thirdparty/vcpkg/buildtrees/curl/arm64-android-rel/CMakeFiles/4.3.3/CMakeSystem.cmake:6 (include)
  /home/runner/workspace/thirdparty/vcpkg/buildtrees/curl/arm64-android-rel/CMakeFiles/CMakeScratch/TryCompile-OKdLGa/CMakeLists.txt:5 (project)


CMake Deprecation Warning at /home/runner/workspace/.ndk-tools/android-ndk-r27c/build/cmake/flags.cmake:18 (cmake_minimum_required):
  Compatibility with CMake < 3.10 will be removed from a future version of
  CMake.

  Update the VERSION argument <min> value.  Or, use the <min>...<max> syntax
  to tell CMake that the project requires at least <min> but has been updated
  to work with policies introduced by <max> or earlier.
Call Stack (most recent call first):
  /home/runner/workspace/thirdparty/vcpkg/downloads/tools/cmake-4.3.3-linux/cmake-4.3.3-linux-x86_64/share/cmake-4.3/Modules/Platform/Android-Clang.cmake:23 (include)
  /home/runner/workspace/thirdparty/vcpkg/downloads/tools/cmake-4.3.3-linux/cmake-4.3.3-linux-x86_64/share/cmake-4.3/Modules/Platform/Android-Clang-C.cmake:1 (include)
  /home/runner/workspace/thirdparty/vcpkg/downloads/tools/cmake-4.3.3-linux/cmake-4.3.3-linux-x86_64/share/cmake-4.3/Modules/CMakeCInformation.cmake:48 (include)
  /home/runner/workspace/thirdparty/vcpkg/buildtrees/curl/arm64-android-rel/CMakeFiles/CMakeScratch/TryCompile-OKdLGa/CMakeLists.txt:5 (project)


-- Looking for gmtime_r - found
-- Looking for gethostbyname_r
CMake Deprecation Warning at /home/runner/workspace/.ndk-tools/android-ndk-r27c/build/cmake/android.toolchain.cmake:35 (cmake_minimum_required):
  Compatibility with CMake < 3.10 will be removed from a future version of
  CMake.

  Update the VERSION argument <min> value.  Or, use the <min>...<max> syntax
  to tell CMake that the project requires at least <min> but has been updated
  to work with policies introduced by <max> or earlier.
Call Stack (most recent call first):
  /home/runner/workspace/thirdparty/vcpkg/scripts/toolchains/android.cmake:32 (include)
  /home/runner/workspace/thirdparty/vcpkg/scripts/buildsystems/vcpkg.cmake:210 (include)
  /home/runner/workspace/thirdparty/vcpkg/buildtrees/curl/arm64-android-rel/CMakeFiles/4.3.3/CMakeSystem.cmake:6 (include)
  /home/runner/workspace/thirdparty/vcpkg/buildtrees/curl/arm64-android-rel/CMakeFiles/CMakeScratch/TryCompile-AdTpJn/CMakeLists.txt:5 (project)


CMake Deprecation Warning at /home/runner/workspace/.ndk-tools/android-ndk-r27c/build/cmake/android-legacy.toolchain.cmake:35 (cmake_minimum_required):
  Compatibility with CMake < 3.10 will be removed from a future version of
  CMake.

  Update the VERSION argument <min> value.  Or, use the <min>...<max> syntax
  to tell CMake that the project requires at least <min> but has been updated
  to work with policies introduced by <max> or earlier.
Call Stack (most recent call first):
  /home/runner/workspace/.ndk-tools/android-ndk-r27c/build/cmake/android.toolchain.cmake:55 (include)
  /home/runner/workspace/thirdparty/vcpkg/scripts/toolchains/android.cmake:32 (include)
  /home/runner/workspace/thirdparty/vcpkg/scripts/buildsystems/vcpkg.cmake:210 (include)
  /home/runner/workspace/thirdparty/vcpkg/buildtrees/curl/arm64-android-rel/CMakeFiles/4.3.3/CMakeSystem.cmake:6 (include)
  /home/runner/workspace/thirdparty/vcpkg/buildtrees/curl/arm64-android-rel/CMakeFiles/CMakeScratch/TryCompile-AdTpJn/CMakeLists.txt:5 (project)


CMake Deprecation Warning at /home/runner/workspace/.ndk-tools/android-ndk-r27c/build/cmake/flags.cmake:18 (cmake_minimum_required):
  Compatibility with CMake < 3.10 will be removed from a future version of
  CMake.

  Update the VERSION argument <min> value.  Or, use the <min>...<max> syntax
  to tell CMake that the project requires at least <min> but has been updated
  to work with policies introduced by <max> or earlier.
Call Stack (most recent call first):
  /home/runner/workspace/thirdparty/vcpkg/downloads/tools/cmake-4.3.3-linux/cmake-4.3.3-linux-x86_64/share/cmake-4.3/Modules/Platform/Android-Clang.cmake:23 (include)
  /home/runner/workspace/thirdparty/vcpkg/downloads/tools/cmake-4.3.3-linux/cmake-4.3.3-linux-x86_64/share/cmake-4.3/Modules/Platform/Android-Clang-C.cmake:1 (include)
  /home/runner/workspace/thirdparty/vcpkg/downloads/tools/cmake-4.3.3-linux/cmake-4.3.3-linux-x86_64/share/cmake-4.3/Modules/CMakeCInformation.cmake:48 (include)
  /home/runner/workspace/thirdparty/vcpkg/buildtrees/curl/arm64-android-rel/CMakeFiles/CMakeScratch/TryCompile-AdTpJn/CMakeLists.txt:5 (project)


-- Looking for gethostbyname_r - found
-- Looking for signal
CMake Deprecation Warning at /home/runner/workspace/.ndk-tools/android-ndk-r27c/build/cmake/android.toolchain.cmake:35 (cmake_minimum_required):
  Compatibility with CMake < 3.10 will be removed from a future version of
  CMake.

  Update the VERSION argument <min> value.  Or, use the <min>...<max> syntax
  to tell CMake that the project requires at least <min> but has been updated
  to work with policies introduced by <max> or earlier.
Call Stack (most recent call first):
  /home/runner/workspace/thirdparty/vcpkg/scripts/toolchains/android.cmake:32 (include)
  /home/runner/workspace/thirdparty/vcpkg/scripts/buildsystems/vcpkg.cmake:210 (include)
  /home/runner/workspace/thirdparty/vcpkg/buildtrees/curl/arm64-android-rel/CMakeFiles/4.3.3/CMakeSystem.cmake:6 (include)
  /home/runner/workspace/thirdparty/vcpkg/buildtrees/curl/arm64-android-rel/CMakeFiles/CMakeScratch/TryCompile-xIKwvi/CMakeLists.txt:5 (project)


CMake Deprecation Warning at /home/runner/workspace/.ndk-tools/android-ndk-r27c/build/cmake/android-legacy.toolchain.cmake:35 (cmake_minimum_required):
  Compatibility with CMake < 3.10 will be removed from a future version of
  CMake.

  Update the VERSION argument <min> value.  Or, use the <min>...<max> syntax
  to tell CMake that the project requires at least <min> but has been updated
  to work with policies introduced by <max> or earlier.
Call Stack (most recent call first):
  /home/runner/workspace/.ndk-tools/android-ndk-r27c/build/cmake/android.toolchain.cmake:55 (include)
  /home/runner/workspace/thirdparty/vcpkg/scripts/toolchains/android.cmake:32 (include)
  /home/runner/workspace/thirdparty/vcpkg/scripts/buildsystems/vcpkg.cmake:210 (include)
  /home/runner/workspace/thirdparty/vcpkg/buildtrees/curl/arm64-android-rel/CMakeFiles/4.3.3/CMakeSystem.cmake:6 (include)
  /home/runner/workspace/thirdparty/vcpkg/buildtrees/curl/arm64-android-rel/CMakeFiles/CMakeScratch/TryCompile-xIKwvi/CMakeLists.txt:5 (project)


CMake Deprecation Warning at /home/runner/workspace/.ndk-tools/android-ndk-r27c/build/cmake/flags.cmake:18 (cmake_minimum_required):
  Compatibility with CMake < 3.10 will be removed from a future version of
  CMake.

  Update the VERSION argument <min> value.  Or, use the <min>...<max> syntax
  to tell CMake that the project requires at least <min> but has been updated
  to work with policies introduced by <max> or earlier.
Call Stack (most recent call first):
  /home/runner/workspace/thirdparty/vcpkg/downloads/tools/cmake-4.3.3-linux/cmake-4.3.3-linux-x86_64/share/cmake-4.3/Modules/Platform/Android-Clang.cmake:23 (include)
  /home/runner/workspace/thirdparty/vcpkg/downloads/tools/cmake-4.3.3-linux/cmake-4.3.3-linux-x86_64/share/cmake-4.3/Modules/Platform/Android-Clang-C.cmake:1 (include)
  /home/runner/workspace/thirdparty/vcpkg/downloads/tools/cmake-4.3.3-linux/cmake-4.3.3-linux-x86_64/share/cmake-4.3/Modules/CMakeCInformation.cmake:48 (include)
  /home/runner/workspace/thirdparty/vcpkg/buildtrees/curl/arm64-android-rel/CMakeFiles/CMakeScratch/TryCompile-xIKwvi/CMakeLists.txt:5 (project)


-- Looking for signal - found
-- Looking for strtoll
CMake Deprecation Warning at /home/runner/workspace/.ndk-tools/android-ndk-r27c/build/cmake/android.toolchain.cmake:35 (cmake_minimum_required):
  Compatibility with CMake < 3.10 will be removed from a future version of
  CMake.

  Update the VERSION argument <min> value.  Or, use the <min>...<max> syntax
  to tell CMake that the project requires at least <min> but has been updated
  to work with policies introduced by <max> or earlier.
Call Stack (most recent call first):
  /home/runner/workspace/thirdparty/vcpkg/scripts/toolchains/android.cmake:32 (include)
  /home/runner/workspace/thirdparty/vcpkg/scripts/buildsystems/vcpkg.cmake:210 (include)
  /home/runner/workspace/thirdparty/vcpkg/buildtrees/curl/arm64-android-rel/CMakeFiles/4.3.3/CMakeSystem.cmake:6 (include)
  /home/runner/workspace/thirdparty/vcpkg/buildtrees/curl/arm64-android-rel/CMakeFiles/CMakeScratch/TryCompile-Ea2Wgl/CMakeLists.txt:5 (project)


CMake Deprecation Warning at /home/runner/workspace/.ndk-tools/android-ndk-r27c/build/cmake/android-legacy.toolchain.cmake:35 (cmake_minimum_required):
  Compatibility with CMake < 3.10 will be removed from a future version of
  CMake.

  Update the VERSION argument <min> value.  Or, use the <min>...<max> syntax
  to tell CMake that the project requires at least <min> but has been updated
  to work with policies introduced by <max> or earlier.
Call Stack (most recent call first):
  /home/runner/workspace/.ndk-tools/android-ndk-r27c/build/cmake/android.toolchain.cmake:55 (include)
  /home/runner/workspace/thirdparty/vcpkg/scripts/toolchains/android.cmake:32 (include)
  /home/runner/workspace/thirdparty/vcpkg/scripts/buildsystems/vcpkg.cmake:210 (include)
  /home/runner/workspace/thirdparty/vcpkg/buildtrees/curl/arm64-android-rel/CMakeFiles/4.3.3/CMakeSystem.cmake:6 (include)
  /home/runner/workspace/thirdparty/vcpkg/buildtrees/curl/arm64-android-rel/CMakeFiles/CMakeScratch/TryCompile-Ea2Wgl/CMakeLists.txt:5 (project)


CMake Deprecation Warning at /home/runner/workspace/.ndk-tools/android-ndk-r27c/build/cmake/flags.cmake:18 (cmake_minimum_required):
  Compatibility with CMake < 3.10 will be removed from a future version of
  CMake.

  Update the VERSION argument <min> value.  Or, use the <min>...<max> syntax
  to tell CMake that the project requires at least <min> but has been updated
  to work with policies introduced by <max> or earlier.
Call Stack (most recent call first):
  /home/runner/workspace/thirdparty/vcpkg/downloads/tools/cmake-4.3.3-linux/cmake-4.3.3-linux-x86_64/share/cmake-4.3/Modules/Platform/Android-Clang.cmake:23 (include)
  /home/runner/workspace/thirdparty/vcpkg/downloads/tools/cmake-4.3.3-linux/cmake-4.3.3-linux-x86_64/share/cmake-4.3/Modules/Platform/Android-Clang-C.cmake:1 (include)
  /home/runner/workspace/thirdparty/vcpkg/downloads/tools/cmake-4.3.3-linux/cmake-4.3.3-linux-x86_64/share/cmake-4.3/Modules/CMakeCInformation.cmake:48 (include)
  /home/runner/workspace/thirdparty/vcpkg/buildtrees/curl/arm64-android-rel/CMakeFiles/CMakeScratch/TryCompile-Ea2Wgl/CMakeLists.txt:5 (project)


-- Looking for strtoll - found
-- Looking for strerror_r
CMake Deprecation Warning at /home/runner/workspace/.ndk-tools/android-ndk-r27c/build/cmake/android.toolchain.cmake:35 (cmake_minimum_required):
  Compatibility with CMake < 3.10 will be removed from a future version of
  CMake.

  Update the VERSION argument <min> value.  Or, use the <min>...<max> syntax
  to tell CMake that the project requires at least <min> but has been updated
  to work with policies introduced by <max> or earlier.
Call Stack (most recent call first):
  /home/runner/workspace/thirdparty/vcpkg/scripts/toolchains/android.cmake:32 (include)
  /home/runner/workspace/thirdparty/vcpkg/scripts/buildsystems/vcpkg.cmake:210 (include)
  /home/runner/workspace/thirdparty/vcpkg/buildtrees/curl/arm64-android-rel/CMakeFiles/4.3.3/CMakeSystem.cmake:6 (include)
  /home/runner/workspace/thirdparty/vcpkg/buildtrees/curl/arm64-android-rel/CMakeFiles/CMakeScratch/TryCompile-KDxo00/CMakeLists.txt:5 (project)


CMake Deprecation Warning at /home/runner/workspace/.ndk-tools/android-ndk-r27c/build/cmake/android-legacy.toolchain.cmake:35 (cmake_minimum_required):
  Compatibility with CMake < 3.10 will be removed from a future version of
  CMake.

  Update the VERSION argument <min> value.  Or, use the <min>...<max> syntax
  to tell CMake that the project requires at least <min> but has been updated
  to work with policies introduced by <max> or earlier.
Call Stack (most recent call first):
  /home/runner/workspace/.ndk-tools/android-ndk-r27c/build/cmake/android.toolchain.cmake:55 (include)
  /home/runner/workspace/thirdparty/vcpkg/scripts/toolchains/android.cmake:32 (include)
  /home/runner/workspace/thirdparty/vcpkg/scripts/buildsystems/vcpkg.cmake:210 (include)
  /home/runner/workspace/thirdparty/vcpkg/buildtrees/curl/arm64-android-rel/CMakeFiles/4.3.3/CMakeSystem.cmake:6 (include)
  /home/runner/workspace/thirdparty/vcpkg/buildtrees/curl/arm64-android-rel/CMakeFiles/CMakeScratch/TryCompile-KDxo00/CMakeLists.txt:5 (project)


CMake Deprecation Warning at /home/runner/workspace/.ndk-tools/android-ndk-r27c/build/cmake/flags.cmake:18 (cmake_minimum_required):
  Compatibility with CMake < 3.10 will be removed from a future version of
  CMake.

  Update the VERSION argument <min> value.  Or, use the <min>...<max> syntax
  to tell CMake that the project requires at least <min> but has been updated
  to work with policies introduced by <max> or earlier.
Call Stack (most recent call first):
  /home/runner/workspace/thirdparty/vcpkg/downloads/tools/cmake-4.3.3-linux/cmake-4.3.3-linux-x86_64/share/cmake-4.3/Modules/Platform/Android-Clang.cmake:23 (include)
  /home/runner/workspace/thirdparty/vcpkg/downloads/tools/cmake-4.3.3-linux/cmake-4.3.3-linux-x86_64/share/cmake-4.3/Modules/Platform/Android-Clang-C.cmake:1 (include)
  /home/runner/workspace/thirdparty/vcpkg/downloads/tools/cmake-4.3.3-linux/cmake-4.3.3-linux-x86_64/share/cmake-4.3/Modules/CMakeCInformation.cmake:48 (include)
  /home/runner/workspace/thirdparty/vcpkg/buildtrees/curl/arm64-android-rel/CMakeFiles/CMakeScratch/TryCompile-KDxo00/CMakeLists.txt:5 (project)


-- Looking for strerror_r - found
-- Looking for sigaction
CMake Deprecation Warning at /home/runner/workspace/.ndk-tools/android-ndk-r27c/build/cmake/android.toolchain.cmake:35 (cmake_minimum_required):
  Compatibility with CMake < 3.10 will be removed from a future version of
  CMake.

  Update the VERSION argument <min> value.  Or, use the <min>...<max> syntax
  to tell CMake that the project requires at least <min> but has been updated
  to work with policies introduced by <max> or earlier.
Call Stack (most recent call first):
  /home/runner/workspace/thirdparty/vcpkg/scripts/toolchains/android.cmake:32 (include)
  /home/runner/workspace/thirdparty/vcpkg/scripts/buildsystems/vcpkg.cmake:210 (include)
  /home/runner/workspace/thirdparty/vcpkg/buildtrees/curl/arm64-android-rel/CMakeFiles/4.3.3/CMakeSystem.cmake:6 (include)
  /home/runner/workspace/thirdparty/vcpkg/buildtrees/curl/arm64-android-rel/CMakeFiles/CMakeScratch/TryCompile-hjNAi3/CMakeLists.txt:5 (project)


CMake Deprecation Warning at /home/runner/workspace/.ndk-tools/android-ndk-r27c/build/cmake/android-legacy.toolchain.cmake:35 (cmake_minimum_required):
  Compatibility with CMake < 3.10 will be removed from a future version of
  CMake.

  Update the VERSION argument <min> value.  Or, use the <min>...<max> syntax
  to tell CMake that the project requires at least <min> but has been updated
  to work with policies introduced by <max> or earlier.
Call Stack (most recent call first):
  /home/runner/workspace/.ndk-tools/android-ndk-r27c/build/cmake/android.toolchain.cmake:55 (include)
  /home/runner/workspace/thirdparty/vcpkg/scripts/toolchains/android.cmake:32 (include)
  /home/runner/workspace/thirdparty/vcpkg/scripts/buildsystems/vcpkg.cmake:210 (include)
  /home/runner/workspace/thirdparty/vcpkg/buildtrees/curl/arm64-android-rel/CMakeFiles/4.3.3/CMakeSystem.cmake:6 (include)
  /home/runner/workspace/thirdparty/vcpkg/buildtrees/curl/arm64-android-rel/CMakeFiles/CMakeScratch/TryCompile-hjNAi3/CMakeLists.txt:5 (project)


CMake Deprecation Warning at /home/runner/workspace/.ndk-tools/android-ndk-r27c/build/cmake/flags.cmake:18 (cmake_minimum_required):
  Compatibility with CMake < 3.10 will be removed from a future version of
  CMake.

  Update the VERSION argument <min> value.  Or, use the <min>...<max> syntax
  to tell CMake that the project requires at least <min> but has been updated
  to work with policies introduced by <max> or earlier.
Call Stack (most recent call first):
  /home/runner/workspace/thirdparty/vcpkg/downloads/tools/cmake-4.3.3-linux/cmake-4.3.3-linux-x86_64/share/cmake-4.3/Modules/Platform/Android-Clang.cmake:23 (include)
  /home/runner/workspace/thirdparty/vcpkg/downloads/tools/cmake-4.3.3-linux/cmake-4.3.3-linux-x86_64/share/cmake-4.3/Modules/Platform/Android-Clang-C.cmake:1 (include)
  /home/runner/workspace/thirdparty/vcpkg/downloads/tools/cmake-4.3.3-linux/cmake-4.3.3-linux-x86_64/share/cmake-4.3/Modules/CMakeCInformation.cmake:48 (include)
  /home/runner/workspace/thirdparty/vcpkg/buildtrees/curl/arm64-android-rel/CMakeFiles/CMakeScratch/TryCompile-hjNAi3/CMakeLists.txt:5 (project)


-- Looking for sigaction - found
-- Looking for siginterrupt
CMake Deprecation Warning at /home/runner/workspace/.ndk-tools/android-ndk-r27c/build/cmake/android.toolchain.cmake:35 (cmake_minimum_required):
  Compatibility with CMake < 3.10 will be removed from a future version of
  CMake.

  Update the VERSION argument <min> value.  Or, use the <min>...<max> syntax
  to tell CMake that the project requires at least <min> but has been updated
  to work with policies introduced by <max> or earlier.
Call Stack (most recent call first):
  /home/runner/workspace/thirdparty/vcpkg/scripts/toolchains/android.cmake:32 (include)
  /home/runner/workspace/thirdparty/vcpkg/scripts/buildsystems/vcpkg.cmake:210 (include)
  /home/runner/workspace/thirdparty/vcpkg/buildtrees/curl/arm64-android-rel/CMakeFiles/4.3.3/CMakeSystem.cmake:6 (include)
  /home/runner/workspace/thirdparty/vcpkg/buildtrees/curl/arm64-android-rel/CMakeFiles/CMakeScratch/TryCompile-lzQ9O3/CMakeLists.txt:5 (project)


CMake Deprecation Warning at /home/runner/workspace/.ndk-tools/android-ndk-r27c/build/cmake/android-legacy.toolchain.cmake:35 (cmake_minimum_required):
  Compatibility with CMake < 3.10 will be removed from a future version of
  CMake.

  Update the VERSION argument <min> value.  Or, use the <min>...<max> syntax
  to tell CMake that the project requires at least <min> but has been updated
  to work with policies introduced by <max> or earlier.
Call Stack (most recent call first):
  /home/runner/workspace/.ndk-tools/android-ndk-r27c/build/cmake/android.toolchain.cmake:55 (include)
  /home/runner/workspace/thirdparty/vcpkg/scripts/toolchains/android.cmake:32 (include)
  /home/runner/workspace/thirdparty/vcpkg/scripts/buildsystems/vcpkg.cmake:210 (include)
  /home/runner/workspace/thirdparty/vcpkg/buildtrees/curl/arm64-android-rel/CMakeFiles/4.3.3/CMakeSystem.cmake:6 (include)
  /home/runner/workspace/thirdparty/vcpkg/buildtrees/curl/arm64-android-rel/CMakeFiles/CMakeScratch/TryCompile-lzQ9O3/CMakeLists.txt:5 (project)


CMake Deprecation Warning at /home/runner/workspace/.ndk-tools/android-ndk-r27c/build/cmake/flags.cmake:18 (cmake_minimum_required):
  Compatibility with CMake < 3.10 will be removed from a future version of
  CMake.

  Update the VERSION argument <min> value.  Or, use the <min>...<max> syntax
  to tell CMake that the project requires at least <min> but has been updated
  to work with policies introduced by <max> or earlier.
Call Stack (most recent call first):
  /home/runner/workspace/thirdparty/vcpkg/downloads/tools/cmake-4.3.3-linux/cmake-4.3.3-linux-x86_64/share/cmake-4.3/Modules/Platform/Android-Clang.cmake:23 (include)
  /home/runner/workspace/thirdparty/vcpkg/downloads/tools/cmake-4.3.3-linux/cmake-4.3.3-linux-x86_64/share/cmake-4.3/Modules/Platform/Android-Clang-C.cmake:1 (include)
  /home/runner/workspace/thirdparty/vcpkg/downloads/tools/cmake-4.3.3-linux/cmake-4.3.3-linux-x86_64/share/cmake-4.3/Modules/CMakeCInformation.cmake:48 (include)
  /home/runner/workspace/thirdparty/vcpkg/buildtrees/curl/arm64-android-rel/CMakeFiles/CMakeScratch/TryCompile-lzQ9O3/CMakeLists.txt:5 (project)


-- Looking for siginterrupt - found
-- Looking for getaddrinfo
CMake Deprecation Warning at /home/runner/workspace/.ndk-tools/android-ndk-r27c/build/cmake/android.toolchain.cmake:35 (cmake_minimum_required):
  Compatibility with CMake < 3.10 will be removed from a future version of
  CMake.

  Update the VERSION argument <min> value.  Or, use the <min>...<max> syntax
  to tell CMake that the project requires at least <min> but has been updated
  to work with policies introduced by <max> or earlier.
Call Stack (most recent call first):
  /home/runner/workspace/thirdparty/vcpkg/scripts/toolchains/android.cmake:32 (include)
  /home/runner/workspace/thirdparty/vcpkg/scripts/buildsystems/vcpkg.cmake:210 (include)
  /home/runner/workspace/thirdparty/vcpkg/buildtrees/curl/arm64-android-rel/CMakeFiles/4.3.3/CMakeSystem.cmake:6 (include)
  /home/runner/workspace/thirdparty/vcpkg/buildtrees/curl/arm64-android-rel/CMakeFiles/CMakeScratch/TryCompile-ATR142/CMakeLists.txt:5 (project)


CMake Deprecation Warning at /home/runner/workspace/.ndk-tools/android-ndk-r27c/build/cmake/android-legacy.toolchain.cmake:35 (cmake_minimum_required):
  Compatibility with CMake < 3.10 will be removed from a future version of
  CMake.

  Update the VERSION argument <min> value.  Or, use the <min>...<max> syntax
  to tell CMake that the project requires at least <min> but has been updated
  to work with policies introduced by <max> or earlier.
Call Stack (most recent call first):
  /home/runner/workspace/.ndk-tools/android-ndk-r27c/build/cmake/android.toolchain.cmake:55 (include)
  /home/runner/workspace/thirdparty/vcpkg/scripts/toolchains/android.cmake:32 (include)
  /home/runner/workspace/thirdparty/vcpkg/scripts/buildsystems/vcpkg.cmake:210 (include)
  /home/runner/workspace/thirdparty/vcpkg/buildtrees/curl/arm64-android-rel/CMakeFiles/4.3.3/CMakeSystem.cmake:6 (include)
  /home/runner/workspace/thirdparty/vcpkg/buildtrees/curl/arm64-android-rel/CMakeFiles/CMakeScratch/TryCompile-ATR142/CMakeLists.txt:5 (project)


CMake Deprecation Warning at /home/runner/workspace/.ndk-tools/android-ndk-r27c/build/cmake/flags.cmake:18 (cmake_minimum_required):
  Compatibility with CMake < 3.10 will be removed from a future version of
  CMake.

  Update the VERSION argument <min> value.  Or, use the <min>...<max> syntax
  to tell CMake that the project requires at least <min> but has been updated
  to work with policies introduced by <max> or earlier.
Call Stack (most recent call first):
  /home/runner/workspace/thirdparty/vcpkg/downloads/tools/cmake-4.3.3-linux/cmake-4.3.3-linux-x86_64/share/cmake-4.3/Modules/Platform/Android-Clang.cmake:23 (include)
  /home/runner/workspace/thirdparty/vcpkg/downloads/tools/cmake-4.3.3-linux/cmake-4.3.3-linux-x86_64/share/cmake-4.3/Modules/Platform/Android-Clang-C.cmake:1 (include)
  /home/runner/workspace/thirdparty/vcpkg/downloads/tools/cmake-4.3.3-linux/cmake-4.3.3-linux-x86_64/share/cmake-4.3/Modules/CMakeCInformation.cmake:48 (include)
  /home/runner/workspace/thirdparty/vcpkg/buildtrees/curl/arm64-android-rel/CMakeFiles/CMakeScratch/TryCompile-ATR142/CMakeLists.txt:5 (project)


-- Looking for getaddrinfo - found
-- Looking for getifaddrs
CMake Deprecation Warning at /home/runner/workspace/.ndk-tools/android-ndk-r27c/build/cmake/android.toolchain.cmake:35 (cmake_minimum_required):
  Compatibility with CMake < 3.10 will be removed from a future version of
  CMake.

  Update the VERSION argument <min> value.  Or, use the <min>...<max> syntax
  to tell CMake that the project requires at least <min> but has been updated
  to work with policies introduced by <max> or earlier.
Call Stack (most recent call first):
  /home/runner/workspace/thirdparty/vcpkg/scripts/toolchains/android.cmake:32 (include)
  /home/runner/workspace/thirdparty/vcpkg/scripts/buildsystems/vcpkg.cmake:210 (include)
  /home/runner/workspace/thirdparty/vcpkg/buildtrees/curl/arm64-android-rel/CMakeFiles/4.3.3/CMakeSystem.cmake:6 (include)
  /home/runner/workspace/thirdparty/vcpkg/buildtrees/curl/arm64-android-rel/CMakeFiles/CMakeScratch/TryCompile-bZ8uBe/CMakeLists.txt:5 (project)


CMake Deprecation Warning at /home/runner/workspace/.ndk-tools/android-ndk-r27c/build/cmake/android-legacy.toolchain.cmake:35 (cmake_minimum_required):
  Compatibility with CMake < 3.10 will be removed from a future version of
  CMake.

  Update the VERSION argument <min> value.  Or, use the <min>...<max> syntax
  to tell CMake that the project requires at least <min> but has been updated
  to work with policies introduced by <max> or earlier.
Call Stack (most recent call first):
  /home/runner/workspace/.ndk-tools/android-ndk-r27c/build/cmake/android.toolchain.cmake:55 (include)
  /home/runner/workspace/thirdparty/vcpkg/scripts/toolchains/android.cmake:32 (include)
  /home/runner/workspace/thirdparty/vcpkg/scripts/buildsystems/vcpkg.cmake:210 (include)
  /home/runner/workspace/thirdparty/vcpkg/buildtrees/curl/arm64-android-rel/CMakeFiles/4.3.3/CMakeSystem.cmake:6 (include)
  /home/runner/workspace/thirdparty/vcpkg/buildtrees/curl/arm64-android-rel/CMakeFiles/CMakeScratch/TryCompile-bZ8uBe/CMakeLists.txt:5 (project)


CMake Deprecation Warning at /home/runner/workspace/.ndk-tools/android-ndk-r27c/build/cmake/flags.cmake:18 (cmake_minimum_required):
  Compatibility with CMake < 3.10 will be removed from a future version of
  CMake.

  Update the VERSION argument <min> value.  Or, use the <min>...<max> syntax
  to tell CMake that the project requires at least <min> but has been updated
  to work with policies introduced by <max> or earlier.
Call Stack (most recent call first):
  /home/runner/workspace/thirdparty/vcpkg/downloads/tools/cmake-4.3.3-linux/cmake-4.3.3-linux-x86_64/share/cmake-4.3/Modules/Platform/Android-Clang.cmake:23 (include)
  /home/runner/workspace/thirdparty/vcpkg/downloads/tools/cmake-4.3.3-linux/cmake-4.3.3-linux-x86_64/share/cmake-4.3/Modules/Platform/Android-Clang-C.cmake:1 (include)
  /home/runner/workspace/thirdparty/vcpkg/downloads/tools/cmake-4.3.3-linux/cmake-4.3.3-linux-x86_64/share/cmake-4.3/Modules/CMakeCInformation.cmake:48 (include)
  /home/runner/workspace/thirdparty/vcpkg/buildtrees/curl/arm64-android-rel/CMakeFiles/CMakeScratch/TryCompile-bZ8uBe/CMakeLists.txt:5 (project)


-- Looking for getifaddrs - found
-- Looking for freeaddrinfo
CMake Deprecation Warning at /home/runner/workspace/.ndk-tools/android-ndk-r27c/build/cmake/android.toolchain.cmake:35 (cmake_minimum_required):
  Compatibility with CMake < 3.10 will be removed from a future version of
  CMake.

  Update the VERSION argument <min> value.  Or, use the <min>...<max> syntax
  to tell CMake that the project requires at least <min> but has been updated
  to work with policies introduced by <max> or earlier.
Call Stack (most recent call first):
  /home/runner/workspace/thirdparty/vcpkg/scripts/toolchains/android.cmake:32 (include)
  /home/runner/workspace/thirdparty/vcpkg/scripts/buildsystems/vcpkg.cmake:210 (include)
  /home/runner/workspace/thirdparty/vcpkg/buildtrees/curl/arm64-android-rel/CMakeFiles/4.3.3/CMakeSystem.cmake:6 (include)
  /home/runner/workspace/thirdparty/vcpkg/buildtrees/curl/arm64-android-rel/CMakeFiles/CMakeScratch/TryCompile-wfwE5q/CMakeLists.txt:5 (project)


CMake Deprecation Warning at /home/runner/workspace/.ndk-tools/android-ndk-r27c/build/cmake/android-legacy.toolchain.cmake:35 (cmake_minimum_required):
  Compatibility with CMake < 3.10 will be removed from a future version of
  CMake.

  Update the VERSION argument <min> value.  Or, use the <min>...<max> syntax
  to tell CMake that the project requires at least <min> but has been updated
  to work with policies introduced by <max> or earlier.
Call Stack (most recent call first):
  /home/runner/workspace/.ndk-tools/android-ndk-r27c/build/cmake/android.toolchain.cmake:55 (include)
  /home/runner/workspace/thirdparty/vcpkg/scripts/toolchains/android.cmake:32 (include)
  /home/runner/workspace/thirdparty/vcpkg/scripts/buildsystems/vcpkg.cmake:210 (include)
  /home/runner/workspace/thirdparty/vcpkg/buildtrees/curl/arm64-android-rel/CMakeFiles/4.3.3/CMakeSystem.cmake:6 (include)
  /home/runner/workspace/thirdparty/vcpkg/buildtrees/curl/arm64-android-rel/CMakeFiles/CMakeScratch/TryCompile-wfwE5q/CMakeLists.txt:5 (project)


CMake Deprecation Warning at /home/runner/workspace/.ndk-tools/android-ndk-r27c/build/cmake/flags.cmake:18 (cmake_minimum_required):
  Compatibility with CMake < 3.10 will be removed from a future version of
  CMake.

  Update the VERSION argument <min> value.  Or, use the <min>...<max> syntax
  to tell CMake that the project requires at least <min> but has been updated
  to work with policies introduced by <max> or earlier.
Call Stack (most recent call first):
  /home/runner/workspace/thirdparty/vcpkg/downloads/tools/cmake-4.3.3-linux/cmake-4.3.3-linux-x86_64/share/cmake-4.3/Modules/Platform/Android-Clang.cmake:23 (include)
  /home/runner/workspace/thirdparty/vcpkg/downloads/tools/cmake-4.3.3-linux/cmake-4.3.3-linux-x86_64/share/cmake-4.3/Modules/Platform/Android-Clang-C.cmake:1 (include)
  /home/runner/workspace/thirdparty/vcpkg/downloads/tools/cmake-4.3.3-linux/cmake-4.3.3-linux-x86_64/share/cmake-4.3/Modules/CMakeCInformation.cmake:48 (include)
  /home/runner/workspace/thirdparty/vcpkg/buildtrees/curl/arm64-android-rel/CMakeFiles/CMakeScratch/TryCompile-wfwE5q/CMakeLists.txt:5 (project)


-- Looking for freeaddrinfo - found
-- Looking for pipe
CMake Deprecation Warning at /home/runner/workspace/.ndk-tools/android-ndk-r27c/build/cmake/android.toolchain.cmake:35 (cmake_minimum_required):
  Compatibility with CMake < 3.10 will be removed from a future version of
  CMake.

  Update the VERSION argument <min> value.  Or, use the <min>...<max> syntax
  to tell CMake that the project requires at least <min> but has been updated
  to work with policies introduced by <max> or earlier.
Call Stack (most recent call first):
  /home/runner/workspace/thirdparty/vcpkg/scripts/toolchains/android.cmake:32 (include)
  /home/runner/workspace/thirdparty/vcpkg/scripts/buildsystems/vcpkg.cmake:210 (include)
  /home/runner/workspace/thirdparty/vcpkg/buildtrees/curl/arm64-android-rel/CMakeFiles/4.3.3/CMakeSystem.cmake:6 (include)
  /home/runner/workspace/thirdparty/vcpkg/buildtrees/curl/arm64-android-rel/CMakeFiles/CMakeScratch/TryCompile-1MO1dc/CMakeLists.txt:5 (project)


CMake Deprecation Warning at /home/runner/workspace/.ndk-tools/android-ndk-r27c/build/cmake/android-legacy.toolchain.cmake:35 (cmake_minimum_required):
  Compatibility with CMake < 3.10 will be removed from a future version of
  CMake.

  Update the VERSION argument <min> value.  Or, use the <min>...<max> syntax
  to tell CMake that the project requires at least <min> but has been updated
  to work with policies introduced by <max> or earlier.
Call Stack (most recent call first):
  /home/runner/workspace/.ndk-tools/android-ndk-r27c/build/cmake/android.toolchain.cmake:55 (include)
  /home/runner/workspace/thirdparty/vcpkg/scripts/toolchains/android.cmake:32 (include)
  /home/runner/workspace/thirdparty/vcpkg/scripts/buildsystems/vcpkg.cmake:210 (include)
  /home/runner/workspace/thirdparty/vcpkg/buildtrees/curl/arm64-android-rel/CMakeFiles/4.3.3/CMakeSystem.cmake:6 (include)
  /home/runner/workspace/thirdparty/vcpkg/buildtrees/curl/arm64-android-rel/CMakeFiles/CMakeScratch/TryCompile-1MO1dc/CMakeLists.txt:5 (project)


CMake Deprecation Warning at /home/runner/workspace/.ndk-tools/android-ndk-r27c/build/cmake/flags.cmake:18 (cmake_minimum_required):
  Compatibility with CMake < 3.10 will be removed from a future version of
  CMake.

  Update the VERSION argument <min> value.  Or, use the <min>...<max> syntax
  to tell CMake that the project requires at least <min> but has been updated
  to work with policies introduced by <max> or earlier.
Call Stack (most recent call first):
  /home/runner/workspace/thirdparty/vcpkg/downloads/tools/cmake-4.3.3-linux/cmake-4.3.3-linux-x86_64/share/cmake-4.3/Modules/Platform/Android-Clang.cmake:23 (include)
  /home/runner/workspace/thirdparty/vcpkg/downloads/tools/cmake-4.3.3-linux/cmake-4.3.3-linux-x86_64/share/cmake-4.3/Modules/Platform/Android-Clang-C.cmake:1 (include)
  /home/runner/workspace/thirdparty/vcpkg/downloads/tools/cmake-4.3.3-linux/cmake-4.3.3-linux-x86_64/share/cmake-4.3/Modules/CMakeCInformation.cmake:48 (include)
  /home/runner/workspace/thirdparty/vcpkg/buildtrees/curl/arm64-android-rel/CMakeFiles/CMakeScratch/TryCompile-1MO1dc/CMakeLists.txt:5 (project)


-- Looking for pipe - found
-- Looking for eventfd
CMake Deprecation Warning at /home/runner/workspace/.ndk-tools/android-ndk-r27c/build/cmake/android.toolchain.cmake:35 (cmake_minimum_required):
  Compatibility with CMake < 3.10 will be removed from a future version of
  CMake.

  Update the VERSION argument <min> value.  Or, use the <min>...<max> syntax
  to tell CMake that the project requires at least <min> but has been updated
  to work with policies introduced by <max> or earlier.
Call Stack (most recent call first):
  /home/runner/workspace/thirdparty/vcpkg/scripts/toolchains/android.cmake:32 (include)
  /home/runner/workspace/thirdparty/vcpkg/scripts/buildsystems/vcpkg.cmake:210 (include)
  /home/runner/workspace/thirdparty/vcpkg/buildtrees/curl/arm64-android-rel/CMakeFiles/4.3.3/CMakeSystem.cmake:6 (include)
  /home/runner/workspace/thirdparty/vcpkg/buildtrees/curl/arm64-android-rel/CMakeFiles/CMakeScratch/TryCompile-jqsc1i/CMakeLists.txt:5 (project)


CMake Deprecation Warning at /home/runner/workspace/.ndk-tools/android-ndk-r27c/build/cmake/android-legacy.toolchain.cmake:35 (cmake_minimum_required):
  Compatibility with CMake < 3.10 will be removed from a future version of
  CMake.

  Update the VERSION argument <min> value.  Or, use the <min>...<max> syntax
  to tell CMake that the project requires at least <min> but has been updated
  to work with policies introduced by <max> or earlier.
Call Stack (most recent call first):
  /home/runner/workspace/.ndk-tools/android-ndk-r27c/build/cmake/android.toolchain.cmake:55 (include)
  /home/runner/workspace/thirdparty/vcpkg/scripts/toolchains/android.cmake:32 (include)
  /home/runner/workspace/thirdparty/vcpkg/scripts/buildsystems/vcpkg.cmake:210 (include)
  /home/runner/workspace/thirdparty/vcpkg/buildtrees/curl/arm64-android-rel/CMakeFiles/4.3.3/CMakeSystem.cmake:6 (include)
  /home/runner/workspace/thirdparty/vcpkg/buildtrees/curl/arm64-android-rel/CMakeFiles/CMakeScratch/TryCompile-jqsc1i/CMakeLists.txt:5 (project)


CMake Deprecation Warning at /home/runner/workspace/.ndk-tools/android-ndk-r27c/build/cmake/flags.cmake:18 (cmake_minimum_required):
  Compatibility with CMake < 3.10 will be removed from a future version of
  CMake.

  Update the VERSION argument <min> value.  Or, use the <min>...<max> syntax
  to tell CMake that the project requires at least <min> but has been updated
  to work with policies introduced by <max> or earlier.
Call Stack (most recent call first):
  /home/runner/workspace/thirdparty/vcpkg/downloads/tools/cmake-4.3.3-linux/cmake-4.3.3-linux-x86_64/share/cmake-4.3/Modules/Platform/Android-Clang.cmake:23 (include)
  /home/runner/workspace/thirdparty/vcpkg/downloads/tools/cmake-4.3.3-linux/cmake-4.3.3-linux-x86_64/share/cmake-4.3/Modules/Platform/Android-Clang-C.cmake:1 (include)
  /home/runner/workspace/thirdparty/vcpkg/downloads/tools/cmake-4.3.3-linux/cmake-4.3.3-linux-x86_64/share/cmake-4.3/Modules/CMakeCInformation.cmake:48 (include)
  /home/runner/workspace/thirdparty/vcpkg/buildtrees/curl/arm64-android-rel/CMakeFiles/CMakeScratch/TryCompile-jqsc1i/CMakeLists.txt:5 (project)


-- Looking for eventfd - found
-- Looking for ftruncate
CMake Deprecation Warning at /home/runner/workspace/.ndk-tools/android-ndk-r27c/build/cmake/android.toolchain.cmake:35 (cmake_minimum_required):
  Compatibility with CMake < 3.10 will be removed from a future version of
  CMake.

  Update the VERSION argument <min> value.  Or, use the <min>...<max> syntax
  to tell CMake that the project requires at least <min> but has been updated
  to work with policies introduced by <max> or earlier.
Call Stack (most recent call first):
  /home/runner/workspace/thirdparty/vcpkg/scripts/toolchains/android.cmake:32 (include)
  /home/runner/workspace/thirdparty/vcpkg/scripts/buildsystems/vcpkg.cmake:210 (include)
  /home/runner/workspace/thirdparty/vcpkg/buildtrees/curl/arm64-android-rel/CMakeFiles/4.3.3/CMakeSystem.cmake:6 (include)
  /home/runner/workspace/thirdparty/vcpkg/buildtrees/curl/arm64-android-rel/CMakeFiles/CMakeScratch/TryCompile-xucavL/CMakeLists.txt:5 (project)


CMake Deprecation Warning at /home/runner/workspace/.ndk-tools/android-ndk-r27c/build/cmake/android-legacy.toolchain.cmake:35 (cmake_minimum_required):
  Compatibility with CMake < 3.10 will be removed from a future version of
  CMake.

  Update the VERSION argument <min> value.  Or, use the <min>...<max> syntax
  to tell CMake that the project requires at least <min> but has been updated
  to work with policies introduced by <max> or earlier.
Call Stack (most recent call first):
  /home/runner/workspace/.ndk-tools/android-ndk-r27c/build/cmake/android.toolchain.cmake:55 (include)
  /home/runner/workspace/thirdparty/vcpkg/scripts/toolchains/android.cmake:32 (include)
  /home/runner/workspace/thirdparty/vcpkg/scripts/buildsystems/vcpkg.cmake:210 (include)
  /home/runner/workspace/thirdparty/vcpkg/buildtrees/curl/arm64-android-rel/CMakeFiles/4.3.3/CMakeSystem.cmake:6 (include)
  /home/runner/workspace/thirdparty/vcpkg/buildtrees/curl/arm64-android-rel/CMakeFiles/CMakeScratch/TryCompile-xucavL/CMakeLists.txt:5 (project)


CMake Deprecation Warning at /home/runner/workspace/.ndk-tools/android-ndk-r27c/build/cmake/flags.cmake:18 (cmake_minimum_required):
  Compatibility with CMake < 3.10 will be removed from a future version of
  CMake.

  Update the VERSION argument <min> value.  Or, use the <min>...<max> syntax
  to tell CMake that the project requires at least <min> but has been updated
  to work with policies introduced by <max> or earlier.
Call Stack (most recent call first):
  /home/runner/workspace/thirdparty/vcpkg/downloads/tools/cmake-4.3.3-linux/cmake-4.3.3-linux-x86_64/share/cmake-4.3/Modules/Platform/Android-Clang.cmake:23 (include)
  /home/runner/workspace/thirdparty/vcpkg/downloads/tools/cmake-4.3.3-linux/cmake-4.3.3-linux-x86_64/share/cmake-4.3/Modules/Platform/Android-Clang-C.cmake:1 (include)
  /home/runner/workspace/thirdparty/vcpkg/downloads/tools/cmake-4.3.3-linux/cmake-4.3.3-linux-x86_64/share/cmake-4.3/Modules/CMakeCInformation.cmake:48 (include)
  /home/runner/workspace/thirdparty/vcpkg/buildtrees/curl/arm64-android-rel/CMakeFiles/CMakeScratch/TryCompile-xucavL/CMakeLists.txt:5 (project)


-- Looking for ftruncate - found
-- Looking for getpeername
CMake Deprecation Warning at /home/runner/workspace/.ndk-tools/android-ndk-r27c/build/cmake/android.toolchain.cmake:35 (cmake_minimum_required):
  Compatibility with CMake < 3.10 will be removed from a future version of
  CMake.

  Update the VERSION argument <min> value.  Or, use the <min>...<max> syntax
  to tell CMake that the project requires at least <min> but has been updated
  to work with policies introduced by <max> or earlier.
Call Stack (most recent call first):
  /home/runner/workspace/thirdparty/vcpkg/scripts/toolchains/android.cmake:32 (include)
  /home/runner/workspace/thirdparty/vcpkg/scripts/buildsystems/vcpkg.cmake:210 (include)
  /home/runner/workspace/thirdparty/vcpkg/buildtrees/curl/arm64-android-rel/CMakeFiles/4.3.3/CMakeSystem.cmake:6 (include)
  /home/runner/workspace/thirdparty/vcpkg/buildtrees/curl/arm64-android-rel/CMakeFiles/CMakeScratch/TryCompile-XrHTIo/CMakeLists.txt:5 (project)


CMake Deprecation Warning at /home/runner/workspace/.ndk-tools/android-ndk-r27c/build/cmake/android-legacy.toolchain.cmake:35 (cmake_minimum_required):
  Compatibility with CMake < 3.10 will be removed from a future version of
  CMake.

  Update the VERSION argument <min> value.  Or, use the <min>...<max> syntax
  to tell CMake that the project requires at least <min> but has been updated
  to work with policies introduced by <max> or earlier.
Call Stack (most recent call first):
  /home/runner/workspace/.ndk-tools/android-ndk-r27c/build/cmake/android.toolchain.cmake:55 (include)
  /home/runner/workspace/thirdparty/vcpkg/scripts/toolchains/android.cmake:32 (include)
  /home/runner/workspace/thirdparty/vcpkg/scripts/buildsystems/vcpkg.cmake:210 (include)
  /home/runner/workspace/thirdparty/vcpkg/buildtrees/curl/arm64-android-rel/CMakeFiles/4.3.3/CMakeSystem.cmake:6 (include)
  /home/runner/workspace/thirdparty/vcpkg/buildtrees/curl/arm64-android-rel/CMakeFiles/CMakeScratch/TryCompile-XrHTIo/CMakeLists.txt:5 (project)


CMake Deprecation Warning at /home/runner/workspace/.ndk-tools/android-ndk-r27c/build/cmake/flags.cmake:18 (cmake_minimum_required):
  Compatibility with CMake < 3.10 will be removed from a future version of
  CMake.

  Update the VERSION argument <min> value.  Or, use the <min>...<max> syntax
  to tell CMake that the project requires at least <min> but has been updated
  to work with policies introduced by <max> or earlier.
Call Stack (most recent call first):
  /home/runner/workspace/thirdparty/vcpkg/downloads/tools/cmake-4.3.3-linux/cmake-4.3.3-linux-x86_64/share/cmake-4.3/Modules/Platform/Android-Clang.cmake:23 (include)
  /home/runner/workspace/thirdparty/vcpkg/downloads/tools/cmake-4.3.3-linux/cmake-4.3.3-linux-x86_64/share/cmake-4.3/Modules/Platform/Android-Clang-C.cmake:1 (include)
  /home/runner/workspace/thirdparty/vcpkg/downloads/tools/cmake-4.3.3-linux/cmake-4.3.3-linux-x86_64/share/cmake-4.3/Modules/CMakeCInformation.cmake:48 (include)
  /home/runner/workspace/thirdparty/vcpkg/buildtrees/curl/arm64-android-rel/CMakeFiles/CMakeScratch/TryCompile-XrHTIo/CMakeLists.txt:5 (project)


-- Looking for getpeername - found
-- Looking for getsockname
CMake Deprecation Warning at /home/runner/workspace/.ndk-tools/android-ndk-r27c/build/cmake/android.toolchain.cmake:35 (cmake_minimum_required):
  Compatibility with CMake < 3.10 will be removed from a future version of
  CMake.

  Update the VERSION argument <min> value.  Or, use the <min>...<max> syntax
  to tell CMake that the project requires at least <min> but has been updated
  to work with policies introduced by <max> or earlier.
Call Stack (most recent call first):
  /home/runner/workspace/thirdparty/vcpkg/scripts/toolchains/android.cmake:32 (include)
  /home/runner/workspace/thirdparty/vcpkg/scripts/buildsystems/vcpkg.cmake:210 (include)
  /home/runner/workspace/thirdparty/vcpkg/buildtrees/curl/arm64-android-rel/CMakeFiles/4.3.3/CMakeSystem.cmake:6 (include)
  /home/runner/workspace/thirdparty/vcpkg/buildtrees/curl/arm64-android-rel/CMakeFiles/CMakeScratch/TryCompile-5uog2X/CMakeLists.txt:5 (project)


CMake Deprecation Warning at /home/runner/workspace/.ndk-tools/android-ndk-r27c/build/cmake/android-legacy.toolchain.cmake:35 (cmake_minimum_required):
  Compatibility with CMake < 3.10 will be removed from a future version of
  CMake.

  Update the VERSION argument <min> value.  Or, use the <min>...<max> syntax
  to tell CMake that the project requires at least <min> but has been updated
  to work with policies introduced by <max> or earlier.
Call Stack (most recent call first):
  /home/runner/workspace/.ndk-tools/android-ndk-r27c/build/cmake/android.toolchain.cmake:55 (include)
  /home/runner/workspace/thirdparty/vcpkg/scripts/toolchains/android.cmake:32 (include)
  /home/runner/workspace/thirdparty/vcpkg/scripts/buildsystems/vcpkg.cmake:210 (include)
  /home/runner/workspace/thirdparty/vcpkg/buildtrees/curl/arm64-android-rel/CMakeFiles/4.3.3/CMakeSystem.cmake:6 (include)
  /home/runner/workspace/thirdparty/vcpkg/buildtrees/curl/arm64-android-rel/CMakeFiles/CMakeScratch/TryCompile-5uog2X/CMakeLists.txt:5 (project)


CMake Deprecation Warning at /home/runner/workspace/.ndk-tools/android-ndk-r27c/build/cmake/flags.cmake:18 (cmake_minimum_required):
  Compatibility with CMake < 3.10 will be removed from a future version of
  CMake.

  Update the VERSION argument <min> value.  Or, use the <min>...<max> syntax
  to tell CMake that the project requires at least <min> but has been updated
  to work with policies introduced by <max> or earlier.
Call Stack (most recent call first):
  /home/runner/workspace/thirdparty/vcpkg/downloads/tools/cmake-4.3.3-linux/cmake-4.3.3-linux-x86_64/share/cmake-4.3/Modules/Platform/Android-Clang.cmake:23 (include)
  /home/runner/workspace/thirdparty/vcpkg/downloads/tools/cmake-4.3.3-linux/cmake-4.3.3-linux-x86_64/share/cmake-4.3/Modules/Platform/Android-Clang-C.cmake:1 (include)
  /home/runner/workspace/thirdparty/vcpkg/downloads/tools/cmake-4.3.3-linux/cmake-4.3.3-linux-x86_64/share/cmake-4.3/Modules/CMakeCInformation.cmake:48 (include)
  /home/runner/workspace/thirdparty/vcpkg/buildtrees/curl/arm64-android-rel/CMakeFiles/CMakeScratch/TryCompile-5uog2X/CMakeLists.txt:5 (project)


-- Looking for getsockname - found
-- Looking for if_nametoindex
CMake Deprecation Warning at /home/runner/workspace/.ndk-tools/android-ndk-r27c/build/cmake/android.toolchain.cmake:35 (cmake_minimum_required):
  Compatibility with CMake < 3.10 will be removed from a future version of
  CMake.

  Update the VERSION argument <min> value.  Or, use the <min>...<max> syntax
  to tell CMake that the project requires at least <min> but has been updated
  to work with policies introduced by <max> or earlier.
Call Stack (most recent call first):
  /home/runner/workspace/thirdparty/vcpkg/scripts/toolchains/android.cmake:32 (include)
  /home/runner/workspace/thirdparty/vcpkg/scripts/buildsystems/vcpkg.cmake:210 (include)
  /home/runner/workspace/thirdparty/vcpkg/buildtrees/curl/arm64-android-rel/CMakeFiles/4.3.3/CMakeSystem.cmake:6 (include)
  /home/runner/workspace/thirdparty/vcpkg/buildtrees/curl/arm64-android-rel/CMakeFiles/CMakeScratch/TryCompile-jZDI9s/CMakeLists.txt:5 (project)


CMake Deprecation Warning at /home/runner/workspace/.ndk-tools/android-ndk-r27c/build/cmake/android-legacy.toolchain.cmake:35 (cmake_minimum_required):
  Compatibility with CMake < 3.10 will be removed from a future version of
  CMake.

  Update the VERSION argument <min> value.  Or, use the <min>...<max> syntax
  to tell CMake that the project requires at least <min> but has been updated
  to work with policies introduced by <max> or earlier.
Call Stack (most recent call first):
  /home/runner/workspace/.ndk-tools/android-ndk-r27c/build/cmake/android.toolchain.cmake:55 (include)
  /home/runner/workspace/thirdparty/vcpkg/scripts/toolchains/android.cmake:32 (include)
  /home/runner/workspace/thirdparty/vcpkg/scripts/buildsystems/vcpkg.cmake:210 (include)
  /home/runner/workspace/thirdparty/vcpkg/buildtrees/curl/arm64-android-rel/CMakeFiles/4.3.3/CMakeSystem.cmake:6 (include)
  /home/runner/workspace/thirdparty/vcpkg/buildtrees/curl/arm64-android-rel/CMakeFiles/CMakeScratch/TryCompile-jZDI9s/CMakeLists.txt:5 (project)


CMake Deprecation Warning at /home/runner/workspace/.ndk-tools/android-ndk-r27c/build/cmake/flags.cmake:18 (cmake_minimum_required):
  Compatibility with CMake < 3.10 will be removed from a future version of
  CMake.

  Update the VERSION argument <min> value.  Or, use the <min>...<max> syntax
  to tell CMake that the project requires at least <min> but has been updated
  to work with policies introduced by <max> or earlier.
Call Stack (most recent call first):
  /home/runner/workspace/thirdparty/vcpkg/downloads/tools/cmake-4.3.3-linux/cmake-4.3.3-linux-x86_64/share/cmake-4.3/Modules/Platform/Android-Clang.cmake:23 (include)
  /home/runner/workspace/thirdparty/vcpkg/downloads/tools/cmake-4.3.3-linux/cmake-4.3.3-linux-x86_64/share/cmake-4.3/Modules/Platform/Android-Clang-C.cmake:1 (include)
  /home/runner/workspace/thirdparty/vcpkg/downloads/tools/cmake-4.3.3-linux/cmake-4.3.3-linux-x86_64/share/cmake-4.3/Modules/CMakeCInformation.cmake:48 (include)
  /home/runner/workspace/thirdparty/vcpkg/buildtrees/curl/arm64-android-rel/CMakeFiles/CMakeScratch/TryCompile-jZDI9s/CMakeLists.txt:5 (project)


-- Looking for if_nametoindex - found
-- Looking for getrlimit
CMake Deprecation Warning at /home/runner/workspace/.ndk-tools/android-ndk-r27c/build/cmake/android.toolchain.cmake:35 (cmake_minimum_required):
  Compatibility with CMake < 3.10 will be removed from a future version of
  CMake.

  Update the VERSION argument <min> value.  Or, use the <min>...<max> syntax
  to tell CMake that the project requires at least <min> but has been updated
  to work with policies introduced by <max> or earlier.
Call Stack (most recent call first):
  /home/runner/workspace/thirdparty/vcpkg/scripts/toolchains/android.cmake:32 (include)
  /home/runner/workspace/thirdparty/vcpkg/scripts/buildsystems/vcpkg.cmake:210 (include)
  /home/runner/workspace/thirdparty/vcpkg/buildtrees/curl/arm64-android-rel/CMakeFiles/4.3.3/CMakeSystem.cmake:6 (include)
  /home/runner/workspace/thirdparty/vcpkg/buildtrees/curl/arm64-android-rel/CMakeFiles/CMakeScratch/TryCompile-3egOwP/CMakeLists.txt:5 (project)


CMake Deprecation Warning at /home/runner/workspace/.ndk-tools/android-ndk-r27c/build/cmake/android-legacy.toolchain.cmake:35 (cmake_minimum_required):
  Compatibility with CMake < 3.10 will be removed from a future version of
  CMake.

  Update the VERSION argument <min> value.  Or, use the <min>...<max> syntax
  to tell CMake that the project requires at least <min> but has been updated
  to work with policies introduced by <max> or earlier.
Call Stack (most recent call first):
  /home/runner/workspace/.ndk-tools/android-ndk-r27c/build/cmake/android.toolchain.cmake:55 (include)
  /home/runner/workspace/thirdparty/vcpkg/scripts/toolchains/android.cmake:32 (include)
  /home/runner/workspace/thirdparty/vcpkg/scripts/buildsystems/vcpkg.cmake:210 (include)
  /home/runner/workspace/thirdparty/vcpkg/buildtrees/curl/arm64-android-rel/CMakeFiles/4.3.3/CMakeSystem.cmake:6 (include)
  /home/runner/workspace/thirdparty/vcpkg/buildtrees/curl/arm64-android-rel/CMakeFiles/CMakeScratch/TryCompile-3egOwP/CMakeLists.txt:5 (project)


CMake Deprecation Warning at /home/runner/workspace/.ndk-tools/android-ndk-r27c/build/cmake/flags.cmake:18 (cmake_minimum_required):
  Compatibility with CMake < 3.10 will be removed from a future version of
  CMake.

  Update the VERSION argument <min> value.  Or, use the <min>...<max> syntax
  to tell CMake that the project requires at least <min> but has been updated
  to work with policies introduced by <max> or earlier.
Call Stack (most recent call first):
  /home/runner/workspace/thirdparty/vcpkg/downloads/tools/cmake-4.3.3-linux/cmake-4.3.3-linux-x86_64/share/cmake-4.3/Modules/Platform/Android-Clang.cmake:23 (include)
  /home/runner/workspace/thirdparty/vcpkg/downloads/tools/cmake-4.3.3-linux/cmake-4.3.3-linux-x86_64/share/cmake-4.3/Modules/Platform/Android-Clang-C.cmake:1 (include)
  /home/runner/workspace/thirdparty/vcpkg/downloads/tools/cmake-4.3.3-linux/cmake-4.3.3-linux-x86_64/share/cmake-4.3/Modules/CMakeCInformation.cmake:48 (include)
  /home/runner/workspace/thirdparty/vcpkg/buildtrees/curl/arm64-android-rel/CMakeFiles/CMakeScratch/TryCompile-3egOwP/CMakeLists.txt:5 (project)


-- Looking for getrlimit - found
-- Looking for setlocale
CMake Deprecation Warning at /home/runner/workspace/.ndk-tools/android-ndk-r27c/build/cmake/android.toolchain.cmake:35 (cmake_minimum_required):
  Compatibility with CMake < 3.10 will be removed from a future version of
  CMake.

  Update the VERSION argument <min> value.  Or, use the <min>...<max> syntax
  to tell CMake that the project requires at least <min> but has been updated
  to work with policies introduced by <max> or earlier.
Call Stack (most recent call first):
  /home/runner/workspace/thirdparty/vcpkg/scripts/toolchains/android.cmake:32 (include)
  /home/runner/workspace/thirdparty/vcpkg/scripts/buildsystems/vcpkg.cmake:210 (include)
  /home/runner/workspace/thirdparty/vcpkg/buildtrees/curl/arm64-android-rel/CMakeFiles/4.3.3/CMakeSystem.cmake:6 (include)
  /home/runner/workspace/thirdparty/vcpkg/buildtrees/curl/arm64-android-rel/CMakeFiles/CMakeScratch/TryCompile-pwKgUO/CMakeLists.txt:5 (project)


CMake Deprecation Warning at /home/runner/workspace/.ndk-tools/android-ndk-r27c/build/cmake/android-legacy.toolchain.cmake:35 (cmake_minimum_required):
  Compatibility with CMake < 3.10 will be removed from a future version of
  CMake.

  Update the VERSION argument <min> value.  Or, use the <min>...<max> syntax
  to tell CMake that the project requires at least <min> but has been updated
  to work with policies introduced by <max> or earlier.
Call Stack (most recent call first):
  /home/runner/workspace/.ndk-tools/android-ndk-r27c/build/cmake/android.toolchain.cmake:55 (include)
  /home/runner/workspace/thirdparty/vcpkg/scripts/toolchains/android.cmake:32 (include)
  /home/runner/workspace/thirdparty/vcpkg/scripts/buildsystems/vcpkg.cmake:210 (include)
  /home/runner/workspace/thirdparty/vcpkg/buildtrees/curl/arm64-android-rel/CMakeFiles/4.3.3/CMakeSystem.cmake:6 (include)
  /home/runner/workspace/thirdparty/vcpkg/buildtrees/curl/arm64-android-rel/CMakeFiles/CMakeScratch/TryCompile-pwKgUO/CMakeLists.txt:5 (project)


CMake Deprecation Warning at /home/runner/workspace/.ndk-tools/android-ndk-r27c/build/cmake/flags.cmake:18 (cmake_minimum_required):
  Compatibility with CMake < 3.10 will be removed from a future version of
  CMake.

  Update the VERSION argument <min> value.  Or, use the <min>...<max> syntax
  to tell CMake that the project requires at least <min> but has been updated
  to work with policies introduced by <max> or earlier.
Call Stack (most recent call first):
  /home/runner/workspace/thirdparty/vcpkg/downloads/tools/cmake-4.3.3-linux/cmake-4.3.3-linux-x86_64/share/cmake-4.3/Modules/Platform/Android-Clang.cmake:23 (include)
  /home/runner/workspace/thirdparty/vcpkg/downloads/tools/cmake-4.3.3-linux/cmake-4.3.3-linux-x86_64/share/cmake-4.3/Modules/Platform/Android-Clang-C.cmake:1 (include)
  /home/runner/workspace/thirdparty/vcpkg/downloads/tools/cmake-4.3.3-linux/cmake-4.3.3-linux-x86_64/share/cmake-4.3/Modules/CMakeCInformation.cmake:48 (include)
  /home/runner/workspace/thirdparty/vcpkg/buildtrees/curl/arm64-android-rel/CMakeFiles/CMakeScratch/TryCompile-pwKgUO/CMakeLists.txt:5 (project)


-- Looking for setlocale - found
-- Looking for setmode
CMake Deprecation Warning at /home/runner/workspace/.ndk-tools/android-ndk-r27c/build/cmake/android.toolchain.cmake:35 (cmake_minimum_required):
  Compatibility with CMake < 3.10 will be removed from a future version of
  CMake.

  Update the VERSION argument <min> value.  Or, use the <min>...<max> syntax
  to tell CMake that the project requires at least <min> but has been updated
  to work with policies introduced by <max> or earlier.
Call Stack (most recent call first):
  /home/runner/workspace/thirdparty/vcpkg/scripts/toolchains/android.cmake:32 (include)
  /home/runner/workspace/thirdparty/vcpkg/scripts/buildsystems/vcpkg.cmake:210 (include)
  /home/runner/workspace/thirdparty/vcpkg/buildtrees/curl/arm64-android-rel/CMakeFiles/4.3.3/CMakeSystem.cmake:6 (include)
  /home/runner/workspace/thirdparty/vcpkg/buildtrees/curl/arm64-android-rel/CMakeFiles/CMakeScratch/TryCompile-lzKgqg/CMakeLists.txt:5 (project)


CMake Deprecation Warning at /home/runner/workspace/.ndk-tools/android-ndk-r27c/build/cmake/android-legacy.toolchain.cmake:35 (cmake_minimum_required):
  Compatibility with CMake < 3.10 will be removed from a future version of
  CMake.

  Update the VERSION argument <min> value.  Or, use the <min>...<max> syntax
  to tell CMake that the project requires at least <min> but has been updated
  to work with policies introduced by <max> or earlier.
Call Stack (most recent call first):
  /home/runner/workspace/.ndk-tools/android-ndk-r27c/build/cmake/android.toolchain.cmake:55 (include)
  /home/runner/workspace/thirdparty/vcpkg/scripts/toolchains/android.cmake:32 (include)
  /home/runner/workspace/thirdparty/vcpkg/scripts/buildsystems/vcpkg.cmake:210 (include)
  /home/runner/workspace/thirdparty/vcpkg/buildtrees/curl/arm64-android-rel/CMakeFiles/4.3.3/CMakeSystem.cmake:6 (include)
  /home/runner/workspace/thirdparty/vcpkg/buildtrees/curl/arm64-android-rel/CMakeFiles/CMakeScratch/TryCompile-lzKgqg/CMakeLists.txt:5 (project)


CMake Deprecation Warning at /home/runner/workspace/.ndk-tools/android-ndk-r27c/build/cmake/flags.cmake:18 (cmake_minimum_required):
  Compatibility with CMake < 3.10 will be removed from a future version of
  CMake.

  Update the VERSION argument <min> value.  Or, use the <min>...<max> syntax
  to tell CMake that the project requires at least <min> but has been updated
  to work with policies introduced by <max> or earlier.
Call Stack (most recent call first):
  /home/runner/workspace/thirdparty/vcpkg/downloads/tools/cmake-4.3.3-linux/cmake-4.3.3-linux-x86_64/share/cmake-4.3/Modules/Platform/Android-Clang.cmake:23 (include)
  /home/runner/workspace/thirdparty/vcpkg/downloads/tools/cmake-4.3.3-linux/cmake-4.3.3-linux-x86_64/share/cmake-4.3/Modules/Platform/Android-Clang-C.cmake:1 (include)
  /home/runner/workspace/thirdparty/vcpkg/downloads/tools/cmake-4.3.3-linux/cmake-4.3.3-linux-x86_64/share/cmake-4.3/Modules/CMakeCInformation.cmake:48 (include)
  /home/runner/workspace/thirdparty/vcpkg/buildtrees/curl/arm64-android-rel/CMakeFiles/CMakeScratch/TryCompile-lzKgqg/CMakeLists.txt:5 (project)


-- Looking for setmode - not found
-- Looking for setrlimit
CMake Deprecation Warning at /home/runner/workspace/.ndk-tools/android-ndk-r27c/build/cmake/android.toolchain.cmake:35 (cmake_minimum_required):
  Compatibility with CMake < 3.10 will be removed from a future version of
  CMake.

  Update the VERSION argument <min> value.  Or, use the <min>...<max> syntax
  to tell CMake that the project requires at least <min> but has been updated
  to work with policies introduced by <max> or earlier.
Call Stack (most recent call first):
  /home/runner/workspace/thirdparty/vcpkg/scripts/toolchains/android.cmake:32 (include)
  /home/runner/workspace/thirdparty/vcpkg/scripts/buildsystems/vcpkg.cmake:210 (include)
  /home/runner/workspace/thirdparty/vcpkg/buildtrees/curl/arm64-android-rel/CMakeFiles/4.3.3/CMakeSystem.cmake:6 (include)
  /home/runner/workspace/thirdparty/vcpkg/buildtrees/curl/arm64-android-rel/CMakeFiles/CMakeScratch/TryCompile-9S5Ctp/CMakeLists.txt:5 (project)


CMake Deprecation Warning at /home/runner/workspace/.ndk-tools/android-ndk-r27c/build/cmake/android-legacy.toolchain.cmake:35 (cmake_minimum_required):
  Compatibility with CMake < 3.10 will be removed from a future version of
  CMake.

  Update the VERSION argument <min> value.  Or, use the <min>...<max> syntax
  to tell CMake that the project requires at least <min> but has been updated
  to work with policies introduced by <max> or earlier.
Call Stack (most recent call first):
  /home/runner/workspace/.ndk-tools/android-ndk-r27c/build/cmake/android.toolchain.cmake:55 (include)
  /home/runner/workspace/thirdparty/vcpkg/scripts/toolchains/android.cmake:32 (include)
  /home/runner/workspace/thirdparty/vcpkg/scripts/buildsystems/vcpkg.cmake:210 (include)
  /home/runner/workspace/thirdparty/vcpkg/buildtrees/curl/arm64-android-rel/CMakeFiles/4.3.3/CMakeSystem.cmake:6 (include)
  /home/runner/workspace/thirdparty/vcpkg/buildtrees/curl/arm64-android-rel/CMakeFiles/CMakeScratch/TryCompile-9S5Ctp/CMakeLists.txt:5 (project)


CMake Deprecation Warning at /home/runner/workspace/.ndk-tools/android-ndk-r27c/build/cmake/flags.cmake:18 (cmake_minimum_required):
  Compatibility with CMake < 3.10 will be removed from a future version of
  CMake.

  Update the VERSION argument <min> value.  Or, use the <min>...<max> syntax
  to tell CMake that the project requires at least <min> but has been updated
  to work with policies introduced by <max> or earlier.
Call Stack (most recent call first):
  /home/runner/workspace/thirdparty/vcpkg/downloads/tools/cmake-4.3.3-linux/cmake-4.3.3-linux-x86_64/share/cmake-4.3/Modules/Platform/Android-Clang.cmake:23 (include)
  /home/runner/workspace/thirdparty/vcpkg/downloads/tools/cmake-4.3.3-linux/cmake-4.3.3-linux-x86_64/share/cmake-4.3/Modules/Platform/Android-Clang-C.cmake:1 (include)
  /home/runner/workspace/thirdparty/vcpkg/downloads/tools/cmake-4.3.3-linux/cmake-4.3.3-linux-x86_64/share/cmake-4.3/Modules/CMakeCInformation.cmake:48 (include)
  /home/runner/workspace/thirdparty/vcpkg/buildtrees/curl/arm64-android-rel/CMakeFiles/CMakeScratch/TryCompile-9S5Ctp/CMakeLists.txt:5 (project)


-- Looking for setrlimit - found
-- Looking for snprintf
CMake Deprecation Warning at /home/runner/workspace/.ndk-tools/android-ndk-r27c/build/cmake/android.toolchain.cmake:35 (cmake_minimum_required):
  Compatibility with CMake < 3.10 will be removed from a future version of
  CMake.

  Update the VERSION argument <min> value.  Or, use the <min>...<max> syntax
  to tell CMake that the project requires at least <min> but has been updated
  to work with policies introduced by <max> or earlier.
Call Stack (most recent call first):
  /home/runner/workspace/thirdparty/vcpkg/scripts/toolchains/android.cmake:32 (include)
  /home/runner/workspace/thirdparty/vcpkg/scripts/buildsystems/vcpkg.cmake:210 (include)
  /home/runner/workspace/thirdparty/vcpkg/buildtrees/curl/arm64-android-rel/CMakeFiles/4.3.3/CMakeSystem.cmake:6 (include)
  /home/runner/workspace/thirdparty/vcpkg/buildtrees/curl/arm64-android-rel/CMakeFiles/CMakeScratch/TryCompile-7dar2B/CMakeLists.txt:5 (project)


CMake Deprecation Warning at /home/runner/workspace/.ndk-tools/android-ndk-r27c/build/cmake/android-legacy.toolchain.cmake:35 (cmake_minimum_required):
  Compatibility with CMake < 3.10 will be removed from a future version of
  CMake.

  Update the VERSION argument <min> value.  Or, use the <min>...<max> syntax
  to tell CMake that the project requires at least <min> but has been updated
  to work with policies introduced by <max> or earlier.
Call Stack (most recent call first):
  /home/runner/workspace/.ndk-tools/android-ndk-r27c/build/cmake/android.toolchain.cmake:55 (include)
  /home/runner/workspace/thirdparty/vcpkg/scripts/toolchains/android.cmake:32 (include)
  /home/runner/workspace/thirdparty/vcpkg/scripts/buildsystems/vcpkg.cmake:210 (include)
  /home/runner/workspace/thirdparty/vcpkg/buildtrees/curl/arm64-android-rel/CMakeFiles/4.3.3/CMakeSystem.cmake:6 (include)
  /home/runner/workspace/thirdparty/vcpkg/buildtrees/curl/arm64-android-rel/CMakeFiles/CMakeScratch/TryCompile-7dar2B/CMakeLists.txt:5 (project)


CMake Deprecation Warning at /home/runner/workspace/.ndk-tools/android-ndk-r27c/build/cmake/flags.cmake:18 (cmake_minimum_required):
  Compatibility with CMake < 3.10 will be removed from a future version of
  CMake.

  Update the VERSION argument <min> value.  Or, use the <min>...<max> syntax
  to tell CMake that the project requires at least <min> but has been updated
  to work with policies introduced by <max> or earlier.
Call Stack (most recent call first):
  /home/runner/workspace/thirdparty/vcpkg/downloads/tools/cmake-4.3.3-linux/cmake-4.3.3-linux-x86_64/share/cmake-4.3/Modules/Platform/Android-Clang.cmake:23 (include)
  /home/runner/workspace/thirdparty/vcpkg/downloads/tools/cmake-4.3.3-linux/cmake-4.3.3-linux-x86_64/share/cmake-4.3/Modules/Platform/Android-Clang-C.cmake:1 (include)
  /home/runner/workspace/thirdparty/vcpkg/downloads/tools/cmake-4.3.3-linux/cmake-4.3.3-linux-x86_64/share/cmake-4.3/Modules/CMakeCInformation.cmake:48 (include)
  /home/runner/workspace/thirdparty/vcpkg/buildtrees/curl/arm64-android-rel/CMakeFiles/CMakeScratch/TryCompile-7dar2B/CMakeLists.txt:5 (project)


-- Looking for snprintf - found
-- Looking for inet_ntop
CMake Deprecation Warning at /home/runner/workspace/.ndk-tools/android-ndk-r27c/build/cmake/android.toolchain.cmake:35 (cmake_minimum_required):
  Compatibility with CMake < 3.10 will be removed from a future version of
  CMake.

  Update the VERSION argument <min> value.  Or, use the <min>...<max> syntax
  to tell CMake that the project requires at least <min> but has been updated
  to work with policies introduced by <max> or earlier.
Call Stack (most recent call first):
  /home/runner/workspace/thirdparty/vcpkg/scripts/toolchains/android.cmake:32 (include)
  /home/runner/workspace/thirdparty/vcpkg/scripts/buildsystems/vcpkg.cmake:210 (include)
  /home/runner/workspace/thirdparty/vcpkg/buildtrees/curl/arm64-android-rel/CMakeFiles/4.3.3/CMakeSystem.cmake:6 (include)
  /home/runner/workspace/thirdparty/vcpkg/buildtrees/curl/arm64-android-rel/CMakeFiles/CMakeScratch/TryCompile-jxUa47/CMakeLists.txt:5 (project)


CMake Deprecation Warning at /home/runner/workspace/.ndk-tools/android-ndk-r27c/build/cmake/android-legacy.toolchain.cmake:35 (cmake_minimum_required):
  Compatibility with CMake < 3.10 will be removed from a future version of
  CMake.

  Update the VERSION argument <min> value.  Or, use the <min>...<max> syntax
  to tell CMake that the project requires at least <min> but has been updated
  to work with policies introduced by <max> or earlier.
Call Stack (most recent call first):
  /home/runner/workspace/.ndk-tools/android-ndk-r27c/build/cmake/android.toolchain.cmake:55 (include)
  /home/runner/workspace/thirdparty/vcpkg/scripts/toolchains/android.cmake:32 (include)
  /home/runner/workspace/thirdparty/vcpkg/scripts/buildsystems/vcpkg.cmake:210 (include)
  /home/runner/workspace/thirdparty/vcpkg/buildtrees/curl/arm64-android-rel/CMakeFiles/4.3.3/CMakeSystem.cmake:6 (include)
  /home/runner/workspace/thirdparty/vcpkg/buildtrees/curl/arm64-android-rel/CMakeFiles/CMakeScratch/TryCompile-jxUa47/CMakeLists.txt:5 (project)


CMake Deprecation Warning at /home/runner/workspace/.ndk-tools/android-ndk-r27c/build/cmake/flags.cmake:18 (cmake_minimum_required):
  Compatibility with CMake < 3.10 will be removed from a future version of
  CMake.

  Update the VERSION argument <min> value.  Or, use the <min>...<max> syntax
  to tell CMake that the project requires at least <min> but has been updated
  to work with policies introduced by <max> or earlier.
Call Stack (most recent call first):
  /home/runner/workspace/thirdparty/vcpkg/downloads/tools/cmake-4.3.3-linux/cmake-4.3.3-linux-x86_64/share/cmake-4.3/Modules/Platform/Android-Clang.cmake:23 (include)
  /home/runner/workspace/thirdparty/vcpkg/downloads/tools/cmake-4.3.3-linux/cmake-4.3.3-linux-x86_64/share/cmake-4.3/Modules/Platform/Android-Clang-C.cmake:1 (include)
  /home/runner/workspace/thirdparty/vcpkg/downloads/tools/cmake-4.3.3-linux/cmake-4.3.3-linux-x86_64/share/cmake-4.3/Modules/CMakeCInformation.cmake:48 (include)
  /home/runner/workspace/thirdparty/vcpkg/buildtrees/curl/arm64-android-rel/CMakeFiles/CMakeScratch/TryCompile-jxUa47/CMakeLists.txt:5 (project)


-- Looking for inet_ntop - found
-- Looking for inet_pton
CMake Deprecation Warning at /home/runner/workspace/.ndk-tools/android-ndk-r27c/build/cmake/android.toolchain.cmake:35 (cmake_minimum_required):
  Compatibility with CMake < 3.10 will be removed from a future version of
  CMake.

  Update the VERSION argument <min> value.  Or, use the <min>...<max> syntax
  to tell CMake that the project requires at least <min> but has been updated
  to work with policies introduced by <max> or earlier.
Call Stack (most recent call first):
  /home/runner/workspace/thirdparty/vcpkg/scripts/toolchains/android.cmake:32 (include)
  /home/runner/workspace/thirdparty/vcpkg/scripts/buildsystems/vcpkg.cmake:210 (include)
  /home/runner/workspace/thirdparty/vcpkg/buildtrees/curl/arm64-android-rel/CMakeFiles/4.3.3/CMakeSystem.cmake:6 (include)
  /home/runner/workspace/thirdparty/vcpkg/buildtrees/curl/arm64-android-rel/CMakeFiles/CMakeScratch/TryCompile-SeEb3Z/CMakeLists.txt:5 (project)


CMake Deprecation Warning at /home/runner/workspace/.ndk-tools/android-ndk-r27c/build/cmake/android-legacy.toolchain.cmake:35 (cmake_minimum_required):
  Compatibility with CMake < 3.10 will be removed from a future version of
  CMake.

  Update the VERSION argument <min> value.  Or, use the <min>...<max> syntax
  to tell CMake that the project requires at least <min> but has been updated
  to work with policies introduced by <max> or earlier.
Call Stack (most recent call first):
  /home/runner/workspace/.ndk-tools/android-ndk-r27c/build/cmake/android.toolchain.cmake:55 (include)
  /home/runner/workspace/thirdparty/vcpkg/scripts/toolchains/android.cmake:32 (include)
  /home/runner/workspace/thirdparty/vcpkg/scripts/buildsystems/vcpkg.cmake:210 (include)
  /home/runner/workspace/thirdparty/vcpkg/buildtrees/curl/arm64-android-rel/CMakeFiles/4.3.3/CMakeSystem.cmake:6 (include)
  /home/runner/workspace/thirdparty/vcpkg/buildtrees/curl/arm64-android-rel/CMakeFiles/CMakeScratch/TryCompile-SeEb3Z/CMakeLists.txt:5 (project)


CMake Deprecation Warning at /home/runner/workspace/.ndk-tools/android-ndk-r27c/build/cmake/flags.cmake:18 (cmake_minimum_required):
  Compatibility with CMake < 3.10 will be removed from a future version of
  CMake.

  Update the VERSION argument <min> value.  Or, use the <min>...<max> syntax
  to tell CMake that the project requires at least <min> but has been updated
  to work with policies introduced by <max> or earlier.
Call Stack (most recent call first):
  /home/runner/workspace/thirdparty/vcpkg/downloads/tools/cmake-4.3.3-linux/cmake-4.3.3-linux-x86_64/share/cmake-4.3/Modules/Platform/Android-Clang.cmake:23 (include)
  /home/runner/workspace/thirdparty/vcpkg/downloads/tools/cmake-4.3.3-linux/cmake-4.3.3-linux-x86_64/share/cmake-4.3/Modules/Platform/Android-Clang-C.cmake:1 (include)
  /home/runner/workspace/thirdparty/vcpkg/downloads/tools/cmake-4.3.3-linux/cmake-4.3.3-linux-x86_64/share/cmake-4.3/Modules/CMakeCInformation.cmake:48 (include)
  /home/runner/workspace/thirdparty/vcpkg/buildtrees/curl/arm64-android-rel/CMakeFiles/CMakeScratch/TryCompile-SeEb3Z/CMakeLists.txt:5 (project)


-- Looking for inet_pton - found
-- Looking for fsetxattr
CMake Deprecation Warning at /home/runner/workspace/.ndk-tools/android-ndk-r27c/build/cmake/android.toolchain.cmake:35 (cmake_minimum_required):
  Compatibility with CMake < 3.10 will be removed from a future version of
  CMake.

  Update the VERSION argument <min> value.  Or, use the <min>...<max> syntax
  to tell CMake that the project requires at least <min> but has been updated
  to work with policies introduced by <max> or earlier.
Call Stack (most recent call first):
  /home/runner/workspace/thirdparty/vcpkg/scripts/toolchains/android.cmake:32 (include)
  /home/runner/workspace/thirdparty/vcpkg/scripts/buildsystems/vcpkg.cmake:210 (include)
  /home/runner/workspace/thirdparty/vcpkg/buildtrees/curl/arm64-android-rel/CMakeFiles/4.3.3/CMakeSystem.cmake:6 (include)
  /home/runner/workspace/thirdparty/vcpkg/buildtrees/curl/arm64-android-rel/CMakeFiles/CMakeScratch/TryCompile-RKG4V9/CMakeLists.txt:5 (project)


CMake Deprecation Warning at /home/runner/workspace/.ndk-tools/android-ndk-r27c/build/cmake/android-legacy.toolchain.cmake:35 (cmake_minimum_required):
  Compatibility with CMake < 3.10 will be removed from a future version of
  CMake.

  Update the VERSION argument <min> value.  Or, use the <min>...<max> syntax
  to tell CMake that the project requires at least <min> but has been updated
  to work with policies introduced by <max> or earlier.
Call Stack (most recent call first):
  /home/runner/workspace/.ndk-tools/android-ndk-r27c/build/cmake/android.toolchain.cmake:55 (include)
  /home/runner/workspace/thirdparty/vcpkg/scripts/toolchains/android.cmake:32 (include)
  /home/runner/workspace/thirdparty/vcpkg/scripts/buildsystems/vcpkg.cmake:210 (include)
  /home/runner/workspace/thirdparty/vcpkg/buildtrees/curl/arm64-android-rel/CMakeFiles/4.3.3/CMakeSystem.cmake:6 (include)
  /home/runner/workspace/thirdparty/vcpkg/buildtrees/curl/arm64-android-rel/CMakeFiles/CMakeScratch/TryCompile-RKG4V9/CMakeLists.txt:5 (project)


CMake Deprecation Warning at /home/runner/workspace/.ndk-tools/android-ndk-r27c/build/cmake/flags.cmake:18 (cmake_minimum_required):
  Compatibility with CMake < 3.10 will be removed from a future version of
  CMake.

  Update the VERSION argument <min> value.  Or, use the <min>...<max> syntax
  to tell CMake that the project requires at least <min> but has been updated
  to work with policies introduced by <max> or earlier.
Call Stack (most recent call first):
  /home/runner/workspace/thirdparty/vcpkg/downloads/tools/cmake-4.3.3-linux/cmake-4.3.3-linux-x86_64/share/cmake-4.3/Modules/Platform/Android-Clang.cmake:23 (include)
  /home/runner/workspace/thirdparty/vcpkg/downloads/tools/cmake-4.3.3-linux/cmake-4.3.3-linux-x86_64/share/cmake-4.3/Modules/Platform/Android-Clang-C.cmake:1 (include)
  /home/runner/workspace/thirdparty/vcpkg/downloads/tools/cmake-4.3.3-linux/cmake-4.3.3-linux-x86_64/share/cmake-4.3/Modules/CMakeCInformation.cmake:48 (include)
  /home/runner/workspace/thirdparty/vcpkg/buildtrees/curl/arm64-android-rel/CMakeFiles/CMakeScratch/TryCompile-RKG4V9/CMakeLists.txt:5 (project)


-- Looking for fsetxattr - found
-- Performing Test HAVE_FSETXATTR_5
CMake Deprecation Warning at /home/runner/workspace/.ndk-tools/android-ndk-r27c/build/cmake/android.toolchain.cmake:35 (cmake_minimum_required):
  Compatibility with CMake < 3.10 will be removed from a future version of
  CMake.

  Update the VERSION argument <min> value.  Or, use the <min>...<max> syntax
  to tell CMake that the project requires at least <min> but has been updated
  to work with policies introduced by <max> or earlier.
Call Stack (most recent call first):
  /home/runner/workspace/thirdparty/vcpkg/scripts/toolchains/android.cmake:32 (include)
  /home/runner/workspace/thirdparty/vcpkg/scripts/buildsystems/vcpkg.cmake:210 (include)
  /home/runner/workspace/thirdparty/vcpkg/buildtrees/curl/arm64-android-rel/CMakeFiles/4.3.3/CMakeSystem.cmake:6 (include)
  /home/runner/workspace/thirdparty/vcpkg/buildtrees/curl/arm64-android-rel/CMakeFiles/CMakeTmp/CMakeLists.txt:5 (project)


CMake Deprecation Warning at /home/runner/workspace/.ndk-tools/android-ndk-r27c/build/cmake/android-legacy.toolchain.cmake:35 (cmake_minimum_required):
  Compatibility with CMake < 3.10 will be removed from a future version of
  CMake.

  Update the VERSION argument <min> value.  Or, use the <min>...<max> syntax
  to tell CMake that the project requires at least <min> but has been updated
  to work with policies introduced by <max> or earlier.
Call Stack (most recent call first):
  /home/runner/workspace/.ndk-tools/android-ndk-r27c/build/cmake/android.toolchain.cmake:55 (include)
  /home/runner/workspace/thirdparty/vcpkg/scripts/toolchains/android.cmake:32 (include)
  /home/runner/workspace/thirdparty/vcpkg/scripts/buildsystems/vcpkg.cmake:210 (include)
  /home/runner/workspace/thirdparty/vcpkg/buildtrees/curl/arm64-android-rel/CMakeFiles/4.3.3/CMakeSystem.cmake:6 (include)
  /home/runner/workspace/thirdparty/vcpkg/buildtrees/curl/arm64-android-rel/CMakeFiles/CMakeTmp/CMakeLists.txt:5 (project)


CMake Deprecation Warning at /home/runner/workspace/.ndk-tools/android-ndk-r27c/build/cmake/flags.cmake:18 (cmake_minimum_required):
  Compatibility with CMake < 3.10 will be removed from a future version of
  CMake.

  Update the VERSION argument <min> value.  Or, use the <min>...<max> syntax
  to tell CMake that the project requires at least <min> but has been updated
  to work with policies introduced by <max> or earlier.
Call Stack (most recent call first):
  /home/runner/workspace/thirdparty/vcpkg/downloads/tools/cmake-4.3.3-linux/cmake-4.3.3-linux-x86_64/share/cmake-4.3/Modules/Platform/Android-Clang.cmake:23 (include)
  /home/runner/workspace/thirdparty/vcpkg/downloads/tools/cmake-4.3.3-linux/cmake-4.3.3-linux-x86_64/share/cmake-4.3/Modules/Platform/Android-Clang-C.cmake:1 (include)
  /home/runner/workspace/thirdparty/vcpkg/downloads/tools/cmake-4.3.3-linux/cmake-4.3.3-linux-x86_64/share/cmake-4.3/Modules/CMakeCInformation.cmake:48 (include)
  /home/runner/workspace/thirdparty/vcpkg/buildtrees/curl/arm64-android-rel/CMakeFiles/CMakeTmp/CMakeLists.txt:5 (project)


-- Performing Test HAVE_FSETXATTR_5 - Success
-- Performing Test HAVE_FSETXATTR_6
CMake Deprecation Warning at /home/runner/workspace/.ndk-tools/android-ndk-r27c/build/cmake/android.toolchain.cmake:35 (cmake_minimum_required):
  Compatibility with CMake < 3.10 will be removed from a future version of
  CMake.

  Update the VERSION argument <min> value.  Or, use the <min>...<max> syntax
  to tell CMake that the project requires at least <min> but has been updated
  to work with policies introduced by <max> or earlier.
Call Stack (most recent call first):
  /home/runner/workspace/thirdparty/vcpkg/scripts/toolchains/android.cmake:32 (include)
  /home/runner/workspace/thirdparty/vcpkg/scripts/buildsystems/vcpkg.cmake:210 (include)
  /home/runner/workspace/thirdparty/vcpkg/buildtrees/curl/arm64-android-rel/CMakeFiles/4.3.3/CMakeSystem.cmake:6 (include)
  /home/runner/workspace/thirdparty/vcpkg/buildtrees/curl/arm64-android-rel/CMakeFiles/CMakeTmp/CMakeLists.txt:5 (project)


CMake Deprecation Warning at /home/runner/workspace/.ndk-tools/android-ndk-r27c/build/cmake/android-legacy.toolchain.cmake:35 (cmake_minimum_required):
  Compatibility with CMake < 3.10 will be removed from a future version of
  CMake.

  Update the VERSION argument <min> value.  Or, use the <min>...<max> syntax
  to tell CMake that the project requires at least <min> but has been updated
  to work with policies introduced by <max> or earlier.
Call Stack (most recent call first):
  /home/runner/workspace/.ndk-tools/android-ndk-r27c/build/cmake/android.toolchain.cmake:55 (include)
  /home/runner/workspace/thirdparty/vcpkg/scripts/toolchains/android.cmake:32 (include)
  /home/runner/workspace/thirdparty/vcpkg/scripts/buildsystems/vcpkg.cmake:210 (include)
  /home/runner/workspace/thirdparty/vcpkg/buildtrees/curl/arm64-android-rel/CMakeFiles/4.3.3/CMakeSystem.cmake:6 (include)
  /home/runner/workspace/thirdparty/vcpkg/buildtrees/curl/arm64-android-rel/CMakeFiles/CMakeTmp/CMakeLists.txt:5 (project)


CMake Deprecation Warning at /home/runner/workspace/.ndk-tools/android-ndk-r27c/build/cmake/flags.cmake:18 (cmake_minimum_required):
  Compatibility with CMake < 3.10 will be removed from a future version of
  CMake.

  Update the VERSION argument <min> value.  Or, use the <min>...<max> syntax
  to tell CMake that the project requires at least <min> but has been updated
  to work with policies introduced by <max> or earlier.
Call Stack (most recent call first):
  /home/runner/workspace/thirdparty/vcpkg/downloads/tools/cmake-4.3.3-linux/cmake-4.3.3-linux-x86_64/share/cmake-4.3/Modules/Platform/Android-Clang.cmake:23 (include)
  /home/runner/workspace/thirdparty/vcpkg/downloads/tools/cmake-4.3.3-linux/cmake-4.3.3-linux-x86_64/share/cmake-4.3/Modules/Platform/Android-Clang-C.cmake:1 (include)
  /home/runner/workspace/thirdparty/vcpkg/downloads/tools/cmake-4.3.3-linux/cmake-4.3.3-linux-x86_64/share/cmake-4.3/Modules/CMakeCInformation.cmake:48 (include)
  /home/runner/workspace/thirdparty/vcpkg/buildtrees/curl/arm64-android-rel/CMakeFiles/CMakeTmp/CMakeLists.txt:5 (project)


-- Performing Test HAVE_FSETXATTR_6 - Failed
-- Check size of sa_family_t
CMake Deprecation Warning at /home/runner/workspace/.ndk-tools/android-ndk-r27c/build/cmake/android.toolchain.cmake:35 (cmake_minimum_required):
  Compatibility with CMake < 3.10 will be removed from a future version of
  CMake.

  Update the VERSION argument <min> value.  Or, use the <min>...<max> syntax
  to tell CMake that the project requires at least <min> but has been updated
  to work with policies introduced by <max> or earlier.
Call Stack (most recent call first):
  /home/runner/workspace/thirdparty/vcpkg/scripts/toolchains/android.cmake:32 (include)
  /home/runner/workspace/thirdparty/vcpkg/scripts/buildsystems/vcpkg.cmake:210 (include)
  /home/runner/workspace/thirdparty/vcpkg/buildtrees/curl/arm64-android-rel/CMakeFiles/4.3.3/CMakeSystem.cmake:6 (include)
  /home/runner/workspace/thirdparty/vcpkg/buildtrees/curl/arm64-android-rel/CMakeFiles/CMakeScratch/TryCompile-1D3v6i/CMakeLists.txt:5 (project)


CMake Deprecation Warning at /home/runner/workspace/.ndk-tools/android-ndk-r27c/build/cmake/android-legacy.toolchain.cmake:35 (cmake_minimum_required):
  Compatibility with CMake < 3.10 will be removed from a future version of
  CMake.

  Update the VERSION argument <min> value.  Or, use the <min>...<max> syntax
  to tell CMake that the project requires at least <min> but has been updated
  to work with policies introduced by <max> or earlier.
Call Stack (most recent call first):
  /home/runner/workspace/.ndk-tools/android-ndk-r27c/build/cmake/android.toolchain.cmake:55 (include)
  /home/runner/workspace/thirdparty/vcpkg/scripts/toolchains/android.cmake:32 (include)
  /home/runner/workspace/thirdparty/vcpkg/scripts/buildsystems/vcpkg.cmake:210 (include)
  /home/runner/workspace/thirdparty/vcpkg/buildtrees/curl/arm64-android-rel/CMakeFiles/4.3.3/CMakeSystem.cmake:6 (include)
  /home/runner/workspace/thirdparty/vcpkg/buildtrees/curl/arm64-android-rel/CMakeFiles/CMakeScratch/TryCompile-1D3v6i/CMakeLists.txt:5 (project)


CMake Deprecation Warning at /home/runner/workspace/.ndk-tools/android-ndk-r27c/build/cmake/flags.cmake:18 (cmake_minimum_required):
  Compatibility with CMake < 3.10 will be removed from a future version of
  CMake.

  Update the VERSION argument <min> value.  Or, use the <min>...<max> syntax
  to tell CMake that the project requires at least <min> but has been updated
  to work with policies introduced by <max> or earlier.
Call Stack (most recent call first):
  /home/runner/workspace/thirdparty/vcpkg/downloads/tools/cmake-4.3.3-linux/cmake-4.3.3-linux-x86_64/share/cmake-4.3/Modules/Platform/Android-Clang.cmake:23 (include)
  /home/runner/workspace/thirdparty/vcpkg/downloads/tools/cmake-4.3.3-linux/cmake-4.3.3-linux-x86_64/share/cmake-4.3/Modules/Platform/Android-Clang-C.cmake:1 (include)
  /home/runner/workspace/thirdparty/vcpkg/downloads/tools/cmake-4.3.3-linux/cmake-4.3.3-linux-x86_64/share/cmake-4.3/Modules/CMakeCInformation.cmake:48 (include)
  /home/runner/workspace/thirdparty/vcpkg/buildtrees/curl/arm64-android-rel/CMakeFiles/CMakeScratch/TryCompile-1D3v6i/CMakeLists.txt:5 (project)


-- Check size of sa_family_t - done
-- Performing Test HAVE_FCNTL_O_NONBLOCK
CMake Deprecation Warning at /home/runner/workspace/.ndk-tools/android-ndk-r27c/build/cmake/android.toolchain.cmake:35 (cmake_minimum_required):
  Compatibility with CMake < 3.10 will be removed from a future version of
  CMake.

  Update the VERSION argument <min> value.  Or, use the <min>...<max> syntax
  to tell CMake that the project requires at least <min> but has been updated
  to work with policies introduced by <max> or earlier.
Call Stack (most recent call first):
  /home/runner/workspace/thirdparty/vcpkg/scripts/toolchains/android.cmake:32 (include)
  /home/runner/workspace/thirdparty/vcpkg/scripts/buildsystems/vcpkg.cmake:210 (include)
  /home/runner/workspace/thirdparty/vcpkg/buildtrees/curl/arm64-android-rel/CMakeFiles/4.3.3/CMakeSystem.cmake:6 (include)
  /home/runner/workspace/thirdparty/vcpkg/buildtrees/curl/arm64-android-rel/CMakeFiles/CMakeTmp/CMakeLists.txt:5 (project)


CMake Deprecation Warning at /home/runner/workspace/.ndk-tools/android-ndk-r27c/build/cmake/android-legacy.toolchain.cmake:35 (cmake_minimum_required):
  Compatibility with CMake < 3.10 will be removed from a future version of
  CMake.

  Update the VERSION argument <min> value.  Or, use the <min>...<max> syntax
  to tell CMake that the project requires at least <min> but has been updated
  to work with policies introduced by <max> or earlier.
Call Stack (most recent call first):
  /home/runner/workspace/.ndk-tools/android-ndk-r27c/build/cmake/android.toolchain.cmake:55 (include)
  /home/runner/workspace/thirdparty/vcpkg/scripts/toolchains/android.cmake:32 (include)
  /home/runner/workspace/thirdparty/vcpkg/scripts/buildsystems/vcpkg.cmake:210 (include)
  /home/runner/workspace/thirdparty/vcpkg/buildtrees/curl/arm64-android-rel/CMakeFiles/4.3.3/CMakeSystem.cmake:6 (include)
  /home/runner/workspace/thirdparty/vcpkg/buildtrees/curl/arm64-android-rel/CMakeFiles/CMakeTmp/CMakeLists.txt:5 (project)


CMake Deprecation Warning at /home/runner/workspace/.ndk-tools/android-ndk-r27c/build/cmake/flags.cmake:18 (cmake_minimum_required):
  Compatibility with CMake < 3.10 will be removed from a future version of
  CMake.

  Update the VERSION argument <min> value.  Or, use the <min>...<max> syntax
  to tell CMake that the project requires at least <min> but has been updated
  to work with policies introduced by <max> or earlier.
Call Stack (most recent call first):
  /home/runner/workspace/thirdparty/vcpkg/downloads/tools/cmake-4.3.3-linux/cmake-4.3.3-linux-x86_64/share/cmake-4.3/Modules/Platform/Android-Clang.cmake:23 (include)
  /home/runner/workspace/thirdparty/vcpkg/downloads/tools/cmake-4.3.3-linux/cmake-4.3.3-linux-x86_64/share/cmake-4.3/Modules/Platform/Android-Clang-C.cmake:1 (include)
  /home/runner/workspace/thirdparty/vcpkg/downloads/tools/cmake-4.3.3-linux/cmake-4.3.3-linux-x86_64/share/cmake-4.3/Modules/CMakeCInformation.cmake:48 (include)
  /home/runner/workspace/thirdparty/vcpkg/buildtrees/curl/arm64-android-rel/CMakeFiles/CMakeTmp/CMakeLists.txt:5 (project)


-- Performing Test HAVE_FCNTL_O_NONBLOCK - Success
-- Performing Test HAVE_IOCTLSOCKET
CMake Deprecation Warning at /home/runner/workspace/.ndk-tools/android-ndk-r27c/build/cmake/android.toolchain.cmake:35 (cmake_minimum_required):
  Compatibility with CMake < 3.10 will be removed from a future version of
  CMake.

  Update the VERSION argument <min> value.  Or, use the <min>...<max> syntax
  to tell CMake that the project requires at least <min> but has been updated
  to work with policies introduced by <max> or earlier.
Call Stack (most recent call first):
  /home/runner/workspace/thirdparty/vcpkg/scripts/toolchains/android.cmake:32 (include)
  /home/runner/workspace/thirdparty/vcpkg/scripts/buildsystems/vcpkg.cmake:210 (include)
  /home/runner/workspace/thirdparty/vcpkg/buildtrees/curl/arm64-android-rel/CMakeFiles/4.3.3/CMakeSystem.cmake:6 (include)
  /home/runner/workspace/thirdparty/vcpkg/buildtrees/curl/arm64-android-rel/CMakeFiles/CMakeTmp/CMakeLists.txt:5 (project)


CMake Deprecation Warning at /home/runner/workspace/.ndk-tools/android-ndk-r27c/build/cmake/android-legacy.toolchain.cmake:35 (cmake_minimum_required):
  Compatibility with CMake < 3.10 will be removed from a future version of
  CMake.

  Update the VERSION argument <min> value.  Or, use the <min>...<max> syntax
  to tell CMake that the project requires at least <min> but has been updated
  to work with policies introduced by <max> or earlier.
Call Stack (most recent call first):
  /home/runner/workspace/.ndk-tools/android-ndk-r27c/build/cmake/android.toolchain.cmake:55 (include)
  /home/runner/workspace/thirdparty/vcpkg/scripts/toolchains/android.cmake:32 (include)
  /home/runner/workspace/thirdparty/vcpkg/scripts/buildsystems/vcpkg.cmake:210 (include)
  /home/runner/workspace/thirdparty/vcpkg/buildtrees/curl/arm64-android-rel/CMakeFiles/4.3.3/CMakeSystem.cmake:6 (include)
  /home/runner/workspace/thirdparty/vcpkg/buildtrees/curl/arm64-android-rel/CMakeFiles/CMakeTmp/CMakeLists.txt:5 (project)


CMake Deprecation Warning at /home/runner/workspace/.ndk-tools/android-ndk-r27c/build/cmake/flags.cmake:18 (cmake_minimum_required):
  Compatibility with CMake < 3.10 will be removed from a future version of
  CMake.

  Update the VERSION argument <min> value.  Or, use the <min>...<max> syntax
  to tell CMake that the project requires at least <min> but has been updated
  to work with policies introduced by <max> or earlier.
Call Stack (most recent call first):
  /home/runner/workspace/thirdparty/vcpkg/downloads/tools/cmake-4.3.3-linux/cmake-4.3.3-linux-x86_64/share/cmake-4.3/Modules/Platform/Android-Clang.cmake:23 (include)
  /home/runner/workspace/thirdparty/vcpkg/downloads/tools/cmake-4.3.3-linux/cmake-4.3.3-linux-x86_64/share/cmake-4.3/Modules/Platform/Android-Clang-C.cmake:1 (include)
  /home/runner/workspace/thirdparty/vcpkg/downloads/tools/cmake-4.3.3-linux/cmake-4.3.3-linux-x86_64/share/cmake-4.3/Modules/CMakeCInformation.cmake:48 (include)
  /home/runner/workspace/thirdparty/vcpkg/buildtrees/curl/arm64-android-rel/CMakeFiles/CMakeTmp/CMakeLists.txt:5 (project)


-- Performing Test HAVE_IOCTLSOCKET - Failed
-- Performing Test HAVE_IOCTLSOCKET_CAMEL
CMake Deprecation Warning at /home/runner/workspace/.ndk-tools/android-ndk-r27c/build/cmake/android.toolchain.cmake:35 (cmake_minimum_required):
  Compatibility with CMake < 3.10 will be removed from a future version of
  CMake.

  Update the VERSION argument <min> value.  Or, use the <min>...<max> syntax
  to tell CMake that the project requires at least <min> but has been updated
  to work with policies introduced by <max> or earlier.
Call Stack (most recent call first):
  /home/runner/workspace/thirdparty/vcpkg/scripts/toolchains/android.cmake:32 (include)
  /home/runner/workspace/thirdparty/vcpkg/scripts/buildsystems/vcpkg.cmake:210 (include)
  /home/runner/workspace/thirdparty/vcpkg/buildtrees/curl/arm64-android-rel/CMakeFiles/4.3.3/CMakeSystem.cmake:6 (include)
  /home/runner/workspace/thirdparty/vcpkg/buildtrees/curl/arm64-android-rel/CMakeFiles/CMakeTmp/CMakeLists.txt:5 (project)


CMake Deprecation Warning at /home/runner/workspace/.ndk-tools/android-ndk-r27c/build/cmake/android-legacy.toolchain.cmake:35 (cmake_minimum_required):
  Compatibility with CMake < 3.10 will be removed from a future version of
  CMake.

  Update the VERSION argument <min> value.  Or, use the <min>...<max> syntax
  to tell CMake that the project requires at least <min> but has been updated
  to work with policies introduced by <max> or earlier.
Call Stack (most recent call first):
  /home/runner/workspace/.ndk-tools/android-ndk-r27c/build/cmake/android.toolchain.cmake:55 (include)
  /home/runner/workspace/thirdparty/vcpkg/scripts/toolchains/android.cmake:32 (include)
  /home/runner/workspace/thirdparty/vcpkg/scripts/buildsystems/vcpkg.cmake:210 (include)
  /home/runner/workspace/thirdparty/vcpkg/buildtrees/curl/arm64-android-rel/CMakeFiles/4.3.3/CMakeSystem.cmake:6 (include)
  /home/runner/workspace/thirdparty/vcpkg/buildtrees/curl/arm64-android-rel/CMakeFiles/CMakeTmp/CMakeLists.txt:5 (project)


CMake Deprecation Warning at /home/runner/workspace/.ndk-tools/android-ndk-r27c/build/cmake/flags.cmake:18 (cmake_minimum_required):
  Compatibility with CMake < 3.10 will be removed from a future version of
  CMake.

  Update the VERSION argument <min> value.  Or, use the <min>...<max> syntax
  to tell CMake that the project requires at least <min> but has been updated
  to work with policies introduced by <max> or earlier.
Call Stack (most recent call first):
  /home/runner/workspace/thirdparty/vcpkg/downloads/tools/cmake-4.3.3-linux/cmake-4.3.3-linux-x86_64/share/cmake-4.3/Modules/Platform/Android-Clang.cmake:23 (include)
  /home/runner/workspace/thirdparty/vcpkg/downloads/tools/cmake-4.3.3-linux/cmake-4.3.3-linux-x86_64/share/cmake-4.3/Modules/Platform/Android-Clang-C.cmake:1 (include)
  /home/runner/workspace/thirdparty/vcpkg/downloads/tools/cmake-4.3.3-linux/cmake-4.3.3-linux-x86_64/share/cmake-4.3/Modules/CMakeCInformation.cmake:48 (include)
  /home/runner/workspace/thirdparty/vcpkg/buildtrees/curl/arm64-android-rel/CMakeFiles/CMakeTmp/CMakeLists.txt:5 (project)


-- Performing Test HAVE_IOCTLSOCKET_CAMEL - Failed
-- Performing Test HAVE_IOCTLSOCKET_CAMEL_FIONBIO
CMake Deprecation Warning at /home/runner/workspace/.ndk-tools/android-ndk-r27c/build/cmake/android.toolchain.cmake:35 (cmake_minimum_required):
  Compatibility with CMake < 3.10 will be removed from a future version of
  CMake.

  Update the VERSION argument <min> value.  Or, use the <min>...<max> syntax
  to tell CMake that the project requires at least <min> but has been updated
  to work with policies introduced by <max> or earlier.
Call Stack (most recent call first):
  /home/runner/workspace/thirdparty/vcpkg/scripts/toolchains/android.cmake:32 (include)
  /home/runner/workspace/thirdparty/vcpkg/scripts/buildsystems/vcpkg.cmake:210 (include)
  /home/runner/workspace/thirdparty/vcpkg/buildtrees/curl/arm64-android-rel/CMakeFiles/4.3.3/CMakeSystem.cmake:6 (include)
  /home/runner/workspace/thirdparty/vcpkg/buildtrees/curl/arm64-android-rel/CMakeFiles/CMakeTmp/CMakeLists.txt:5 (project)


CMake Deprecation Warning at /home/runner/workspace/.ndk-tools/android-ndk-r27c/build/cmake/android-legacy.toolchain.cmake:35 (cmake_minimum_required):
  Compatibility with CMake < 3.10 will be removed from a future version of
  CMake.

  Update the VERSION argument <min> value.  Or, use the <min>...<max> syntax
  to tell CMake that the project requires at least <min> but has been updated
  to work with policies introduced by <max> or earlier.
Call Stack (most recent call first):
  /home/runner/workspace/.ndk-tools/android-ndk-r27c/build/cmake/android.toolchain.cmake:55 (include)
  /home/runner/workspace/thirdparty/vcpkg/scripts/toolchains/android.cmake:32 (include)
  /home/runner/workspace/thirdparty/vcpkg/scripts/buildsystems/vcpkg.cmake:210 (include)
  /home/runner/workspace/thirdparty/vcpkg/buildtrees/curl/arm64-android-rel/CMakeFiles/4.3.3/CMakeSystem.cmake:6 (include)
  /home/runner/workspace/thirdparty/vcpkg/buildtrees/curl/arm64-android-rel/CMakeFiles/CMakeTmp/CMakeLists.txt:5 (project)


CMake Deprecation Warning at /home/runner/workspace/.ndk-tools/android-ndk-r27c/build/cmake/flags.cmake:18 (cmake_minimum_required):
  Compatibility with CMake < 3.10 will be removed from a future version of
  CMake.

  Update the VERSION argument <min> value.  Or, use the <min>...<max> syntax
  to tell CMake that the project requires at least <min> but has been updated
  to work with policies introduced by <max> or earlier.
Call Stack (most recent call first):
  /home/runner/workspace/thirdparty/vcpkg/downloads/tools/cmake-4.3.3-linux/cmake-4.3.3-linux-x86_64/share/cmake-4.3/Modules/Platform/Android-Clang.cmake:23 (include)
  /home/runner/workspace/thirdparty/vcpkg/downloads/tools/cmake-4.3.3-linux/cmake-4.3.3-linux-x86_64/share/cmake-4.3/Modules/Platform/Android-Clang-C.cmake:1 (include)
  /home/runner/workspace/thirdparty/vcpkg/downloads/tools/cmake-4.3.3-linux/cmake-4.3.3-linux-x86_64/share/cmake-4.3/Modules/CMakeCInformation.cmake:48 (include)
  /home/runner/workspace/thirdparty/vcpkg/buildtrees/curl/arm64-android-rel/CMakeFiles/CMakeTmp/CMakeLists.txt:5 (project)


-- Performing Test HAVE_IOCTLSOCKET_CAMEL_FIONBIO - Failed
-- Performing Test HAVE_IOCTLSOCKET_FIONBIO
CMake Deprecation Warning at /home/runner/workspace/.ndk-tools/android-ndk-r27c/build/cmake/android.toolchain.cmake:35 (cmake_minimum_required):
  Compatibility with CMake < 3.10 will be removed from a future version of
  CMake.

  Update the VERSION argument <min> value.  Or, use the <min>...<max> syntax
  to tell CMake that the project requires at least <min> but has been updated
  to work with policies introduced by <max> or earlier.
Call Stack (most recent call first):
  /home/runner/workspace/thirdparty/vcpkg/scripts/toolchains/android.cmake:32 (include)
  /home/runner/workspace/thirdparty/vcpkg/scripts/buildsystems/vcpkg.cmake:210 (include)
  /home/runner/workspace/thirdparty/vcpkg/buildtrees/curl/arm64-android-rel/CMakeFiles/4.3.3/CMakeSystem.cmake:6 (include)
  /home/runner/workspace/thirdparty/vcpkg/buildtrees/curl/arm64-android-rel/CMakeFiles/CMakeTmp/CMakeLists.txt:5 (project)


CMake Deprecation Warning at /home/runner/workspace/.ndk-tools/android-ndk-r27c/build/cmake/android-legacy.toolchain.cmake:35 (cmake_minimum_required):
  Compatibility with CMake < 3.10 will be removed from a future version of
  CMake.

  Update the VERSION argument <min> value.  Or, use the <min>...<max> syntax
  to tell CMake that the project requires at least <min> but has been updated
  to work with policies introduced by <max> or earlier.
Call Stack (most recent call first):
  /home/runner/workspace/.ndk-tools/android-ndk-r27c/build/cmake/android.toolchain.cmake:55 (include)
  /home/runner/workspace/thirdparty/vcpkg/scripts/toolchains/android.cmake:32 (include)
  /home/runner/workspace/thirdparty/vcpkg/scripts/buildsystems/vcpkg.cmake:210 (include)
  /home/runner/workspace/thirdparty/vcpkg/buildtrees/curl/arm64-android-rel/CMakeFiles/4.3.3/CMakeSystem.cmake:6 (include)
  /home/runner/workspace/thirdparty/vcpkg/buildtrees/curl/arm64-android-rel/CMakeFiles/CMakeTmp/CMakeLists.txt:5 (project)


CMake Deprecation Warning at /home/runner/workspace/.ndk-tools/android-ndk-r27c/build/cmake/flags.cmake:18 (cmake_minimum_required):
  Compatibility with CMake < 3.10 will be removed from a future version of
  CMake.

  Update the VERSION argument <min> value.  Or, use the <min>...<max> syntax
  to tell CMake that the project requires at least <min> but has been updated
  to work with policies introduced by <max> or earlier.
Call Stack (most recent call first):
  /home/runner/workspace/thirdparty/vcpkg/downloads/tools/cmake-4.3.3-linux/cmake-4.3.3-linux-x86_64/share/cmake-4.3/Modules/Platform/Android-Clang.cmake:23 (include)
  /home/runner/workspace/thirdparty/vcpkg/downloads/tools/cmake-4.3.3-linux/cmake-4.3.3-linux-x86_64/share/cmake-4.3/Modules/Platform/Android-Clang-C.cmake:1 (include)
  /home/runner/workspace/thirdparty/vcpkg/downloads/tools/cmake-4.3.3-linux/cmake-4.3.3-linux-x86_64/share/cmake-4.3/Modules/CMakeCInformation.cmake:48 (include)
  /home/runner/workspace/thirdparty/vcpkg/buildtrees/curl/arm64-android-rel/CMakeFiles/CMakeTmp/CMakeLists.txt:5 (project)


-- Performing Test HAVE_IOCTLSOCKET_FIONBIO - Failed
-- Performing Test HAVE_IOCTL_FIONBIO
CMake Deprecation Warning at /home/runner/workspace/.ndk-tools/android-ndk-r27c/build/cmake/android.toolchain.cmake:35 (cmake_minimum_required):
  Compatibility with CMake < 3.10 will be removed from a future version of
  CMake.

  Update the VERSION argument <min> value.  Or, use the <min>...<max> syntax
  to tell CMake that the project requires at least <min> but has been updated
  to work with policies introduced by <max> or earlier.
Call Stack (most recent call first):
  /home/runner/workspace/thirdparty/vcpkg/scripts/toolchains/android.cmake:32 (include)
  /home/runner/workspace/thirdparty/vcpkg/scripts/buildsystems/vcpkg.cmake:210 (include)
  /home/runner/workspace/thirdparty/vcpkg/buildtrees/curl/arm64-android-rel/CMakeFiles/4.3.3/CMakeSystem.cmake:6 (include)
  /home/runner/workspace/thirdparty/vcpkg/buildtrees/curl/arm64-android-rel/CMakeFiles/CMakeTmp/CMakeLists.txt:5 (project)


CMake Deprecation Warning at /home/runner/workspace/.ndk-tools/android-ndk-r27c/build/cmake/android-legacy.toolchain.cmake:35 (cmake_minimum_required):
  Compatibility with CMake < 3.10 will be removed from a future version of
  CMake.

  Update the VERSION argument <min> value.  Or, use the <min>...<max> syntax
  to tell CMake that the project requires at least <min> but has been updated
  to work with policies introduced by <max> or earlier.
Call Stack (most recent call first):
  /home/runner/workspace/.ndk-tools/android-ndk-r27c/build/cmake/android.toolchain.cmake:55 (include)
  /home/runner/workspace/thirdparty/vcpkg/scripts/toolchains/android.cmake:32 (include)
  /home/runner/workspace/thirdparty/vcpkg/scripts/buildsystems/vcpkg.cmake:210 (include)
  /home/runner/workspace/thirdparty/vcpkg/buildtrees/curl/arm64-android-rel/CMakeFiles/4.3.3/CMakeSystem.cmake:6 (include)
  /home/runner/workspace/thirdparty/vcpkg/buildtrees/curl/arm64-android-rel/CMakeFiles/CMakeTmp/CMakeLists.txt:5 (project)


CMake Deprecation Warning at /home/runner/workspace/.ndk-tools/android-ndk-r27c/build/cmake/flags.cmake:18 (cmake_minimum_required):
  Compatibility with CMake < 3.10 will be removed from a future version of
  CMake.

  Update the VERSION argument <min> value.  Or, use the <min>...<max> syntax
  to tell CMake that the project requires at least <min> but has been updated
  to work with policies introduced by <max> or earlier.
Call Stack (most recent call first):
  /home/runner/workspace/thirdparty/vcpkg/downloads/tools/cmake-4.3.3-linux/cmake-4.3.3-linux-x86_64/share/cmake-4.3/Modules/Platform/Android-Clang.cmake:23 (include)
  /home/runner/workspace/thirdparty/vcpkg/downloads/tools/cmake-4.3.3-linux/cmake-4.3.3-linux-x86_64/share/cmake-4.3/Modules/Platform/Android-Clang-C.cmake:1 (include)
  /home/runner/workspace/thirdparty/vcpkg/downloads/tools/cmake-4.3.3-linux/cmake-4.3.3-linux-x86_64/share/cmake-4.3/Modules/CMakeCInformation.cmake:48 (include)
  /home/runner/workspace/thirdparty/vcpkg/buildtrees/curl/arm64-android-rel/CMakeFiles/CMakeTmp/CMakeLists.txt:5 (project)


-- Performing Test HAVE_IOCTL_FIONBIO - Success
-- Performing Test HAVE_IOCTL_SIOCGIFADDR
CMake Deprecation Warning at /home/runner/workspace/.ndk-tools/android-ndk-r27c/build/cmake/android.toolchain.cmake:35 (cmake_minimum_required):
  Compatibility with CMake < 3.10 will be removed from a future version of
  CMake.

  Update the VERSION argument <min> value.  Or, use the <min>...<max> syntax
  to tell CMake that the project requires at least <min> but has been updated
  to work with policies introduced by <max> or earlier.
Call Stack (most recent call first):
  /home/runner/workspace/thirdparty/vcpkg/scripts/toolchains/android.cmake:32 (include)
  /home/runner/workspace/thirdparty/vcpkg/scripts/buildsystems/vcpkg.cmake:210 (include)
  /home/runner/workspace/thirdparty/vcpkg/buildtrees/curl/arm64-android-rel/CMakeFiles/4.3.3/CMakeSystem.cmake:6 (include)
  /home/runner/workspace/thirdparty/vcpkg/buildtrees/curl/arm64-android-rel/CMakeFiles/CMakeTmp/CMakeLists.txt:5 (project)


CMake Deprecation Warning at /home/runner/workspace/.ndk-tools/android-ndk-r27c/build/cmake/android-legacy.toolchain.cmake:35 (cmake_minimum_required):
  Compatibility with CMake < 3.10 will be removed from a future version of
  CMake.

  Update the VERSION argument <min> value.  Or, use the <min>...<max> syntax
  to tell CMake that the project requires at least <min> but has been updated
  to work with policies introduced by <max> or earlier.
Call Stack (most recent call first):
  /home/runner/workspace/.ndk-tools/android-ndk-r27c/build/cmake/android.toolchain.cmake:55 (include)
  /home/runner/workspace/thirdparty/vcpkg/scripts/toolchains/android.cmake:32 (include)
  /home/runner/workspace/thirdparty/vcpkg/scripts/buildsystems/vcpkg.cmake:210 (include)
  /home/runner/workspace/thirdparty/vcpkg/buildtrees/curl/arm64-android-rel/CMakeFiles/4.3.3/CMakeSystem.cmake:6 (include)
  /home/runner/workspace/thirdparty/vcpkg/buildtrees/curl/arm64-android-rel/CMakeFiles/CMakeTmp/CMakeLists.txt:5 (project)


CMake Deprecation Warning at /home/runner/workspace/.ndk-tools/android-ndk-r27c/build/cmake/flags.cmake:18 (cmake_minimum_required):
  Compatibility with CMake < 3.10 will be removed from a future version of
  CMake.

  Update the VERSION argument <min> value.  Or, use the <min>...<max> syntax
  to tell CMake that the project requires at least <min> but has been updated
  to work with policies introduced by <max> or earlier.
Call Stack (most recent call first):
  /home/runner/workspace/thirdparty/vcpkg/downloads/tools/cmake-4.3.3-linux/cmake-4.3.3-linux-x86_64/share/cmake-4.3/Modules/Platform/Android-Clang.cmake:23 (include)
  /home/runner/workspace/thirdparty/vcpkg/downloads/tools/cmake-4.3.3-linux/cmake-4.3.3-linux-x86_64/share/cmake-4.3/Modules/Platform/Android-Clang-C.cmake:1 (include)
  /home/runner/workspace/thirdparty/vcpkg/downloads/tools/cmake-4.3.3-linux/cmake-4.3.3-linux-x86_64/share/cmake-4.3/Modules/CMakeCInformation.cmake:48 (include)
  /home/runner/workspace/thirdparty/vcpkg/buildtrees/curl/arm64-android-rel/CMakeFiles/CMakeTmp/CMakeLists.txt:5 (project)


-- Performing Test HAVE_IOCTL_SIOCGIFADDR - Success
-- Performing Test HAVE_SETSOCKOPT_SO_NONBLOCK
CMake Deprecation Warning at /home/runner/workspace/.ndk-tools/android-ndk-r27c/build/cmake/android.toolchain.cmake:35 (cmake_minimum_required):
  Compatibility with CMake < 3.10 will be removed from a future version of
  CMake.

  Update the VERSION argument <min> value.  Or, use the <min>...<max> syntax
  to tell CMake that the project requires at least <min> but has been updated
  to work with policies introduced by <max> or earlier.
Call Stack (most recent call first):
  /home/runner/workspace/thirdparty/vcpkg/scripts/toolchains/android.cmake:32 (include)
  /home/runner/workspace/thirdparty/vcpkg/scripts/buildsystems/vcpkg.cmake:210 (include)
  /home/runner/workspace/thirdparty/vcpkg/buildtrees/curl/arm64-android-rel/CMakeFiles/4.3.3/CMakeSystem.cmake:6 (include)
  /home/runner/workspace/thirdparty/vcpkg/buildtrees/curl/arm64-android-rel/CMakeFiles/CMakeTmp/CMakeLists.txt:5 (project)


CMake Deprecation Warning at /home/runner/workspace/.ndk-tools/android-ndk-r27c/build/cmake/android-legacy.toolchain.cmake:35 (cmake_minimum_required):
  Compatibility with CMake < 3.10 will be removed from a future version of
  CMake.

  Update the VERSION argument <min> value.  Or, use the <min>...<max> syntax
  to tell CMake that the project requires at least <min> but has been updated
  to work with policies introduced by <max> or earlier.
Call Stack (most recent call first):
  /home/runner/workspace/.ndk-tools/android-ndk-r27c/build/cmake/android.toolchain.cmake:55 (include)
  /home/runner/workspace/thirdparty/vcpkg/scripts/toolchains/android.cmake:32 (include)
  /home/runner/workspace/thirdparty/vcpkg/scripts/buildsystems/vcpkg.cmake:210 (include)
  /home/runner/workspace/thirdparty/vcpkg/buildtrees/curl/arm64-android-rel/CMakeFiles/4.3.3/CMakeSystem.cmake:6 (include)
  /home/runner/workspace/thirdparty/vcpkg/buildtrees/curl/arm64-android-rel/CMakeFiles/CMakeTmp/CMakeLists.txt:5 (project)


CMake Deprecation Warning at /home/runner/workspace/.ndk-tools/android-ndk-r27c/build/cmake/flags.cmake:18 (cmake_minimum_required):
  Compatibility with CMake < 3.10 will be removed from a future version of
  CMake.

  Update the VERSION argument <min> value.  Or, use the <min>...<max> syntax
  to tell CMake that the project requires at least <min> but has been updated
  to work with policies introduced by <max> or earlier.
Call Stack (most recent call first):
  /home/runner/workspace/thirdparty/vcpkg/downloads/tools/cmake-4.3.3-linux/cmake-4.3.3-linux-x86_64/share/cmake-4.3/Modules/Platform/Android-Clang.cmake:23 (include)
  /home/runner/workspace/thirdparty/vcpkg/downloads/tools/cmake-4.3.3-linux/cmake-4.3.3-linux-x86_64/share/cmake-4.3/Modules/Platform/Android-Clang-C.cmake:1 (include)
  /home/runner/workspace/thirdparty/vcpkg/downloads/tools/cmake-4.3.3-linux/cmake-4.3.3-linux-x86_64/share/cmake-4.3/Modules/CMakeCInformation.cmake:48 (include)
  /home/runner/workspace/thirdparty/vcpkg/buildtrees/curl/arm64-android-rel/CMakeFiles/CMakeTmp/CMakeLists.txt:5 (project)


-- Performing Test HAVE_SETSOCKOPT_SO_NONBLOCK - Failed
-- Performing Test HAVE_O_NONBLOCK
CMake Deprecation Warning at /home/runner/workspace/.ndk-tools/android-ndk-r27c/build/cmake/android.toolchain.cmake:35 (cmake_minimum_required):
  Compatibility with CMake < 3.10 will be removed from a future version of
  CMake.

  Update the VERSION argument <min> value.  Or, use the <min>...<max> syntax
  to tell CMake that the project requires at least <min> but has been updated
  to work with policies introduced by <max> or earlier.
Call Stack (most recent call first):
  /home/runner/workspace/thirdparty/vcpkg/scripts/toolchains/android.cmake:32 (include)
  /home/runner/workspace/thirdparty/vcpkg/scripts/buildsystems/vcpkg.cmake:210 (include)
  /home/runner/workspace/thirdparty/vcpkg/buildtrees/curl/arm64-android-rel/CMakeFiles/4.3.3/CMakeSystem.cmake:6 (include)
  /home/runner/workspace/thirdparty/vcpkg/buildtrees/curl/arm64-android-rel/CMakeFiles/CMakeTmp/CMakeLists.txt:5 (project)


CMake Deprecation Warning at /home/runner/workspace/.ndk-tools/android-ndk-r27c/build/cmake/android-legacy.toolchain.cmake:35 (cmake_minimum_required):
  Compatibility with CMake < 3.10 will be removed from a future version of
  CMake.

  Update the VERSION argument <min> value.  Or, use the <min>...<max> syntax
  to tell CMake that the project requires at least <min> but has been updated
  to work with policies introduced by <max> or earlier.
Call Stack (most recent call first):
  /home/runner/workspace/.ndk-tools/android-ndk-r27c/build/cmake/android.toolchain.cmake:55 (include)
  /home/runner/workspace/thirdparty/vcpkg/scripts/toolchains/android.cmake:32 (include)
  /home/runner/workspace/thirdparty/vcpkg/scripts/buildsystems/vcpkg.cmake:210 (include)
  /home/runner/workspace/thirdparty/vcpkg/buildtrees/curl/arm64-android-rel/CMakeFiles/4.3.3/CMakeSystem.cmake:6 (include)
  /home/runner/workspace/thirdparty/vcpkg/buildtrees/curl/arm64-android-rel/CMakeFiles/CMakeTmp/CMakeLists.txt:5 (project)


CMake Deprecation Warning at /home/runner/workspace/.ndk-tools/android-ndk-r27c/build/cmake/flags.cmake:18 (cmake_minimum_required):
  Compatibility with CMake < 3.10 will be removed from a future version of
  CMake.

  Update the VERSION argument <min> value.  Or, use the <min>...<max> syntax
  to tell CMake that the project requires at least <min> but has been updated
  to work with policies introduced by <max> or earlier.
Call Stack (most recent call first):
  /home/runner/workspace/thirdparty/vcpkg/downloads/tools/cmake-4.3.3-linux/cmake-4.3.3-linux-x86_64/share/cmake-4.3/Modules/Platform/Android-Clang.cmake:23 (include)
  /home/runner/workspace/thirdparty/vcpkg/downloads/tools/cmake-4.3.3-linux/cmake-4.3.3-linux-x86_64/share/cmake-4.3/Modules/Platform/Android-Clang-C.cmake:1 (include)
  /home/runner/workspace/thirdparty/vcpkg/downloads/tools/cmake-4.3.3-linux/cmake-4.3.3-linux-x86_64/share/cmake-4.3/Modules/CMakeCInformation.cmake:48 (include)
  /home/runner/workspace/thirdparty/vcpkg/buildtrees/curl/arm64-android-rel/CMakeFiles/CMakeTmp/CMakeLists.txt:5 (project)


-- Performing Test HAVE_O_NONBLOCK - Failed
-- Performing Test HAVE_GETHOSTBYNAME_R_3
CMake Deprecation Warning at /home/runner/workspace/.ndk-tools/android-ndk-r27c/build/cmake/android.toolchain.cmake:35 (cmake_minimum_required):
  Compatibility with CMake < 3.10 will be removed from a future version of
  CMake.

  Update the VERSION argument <min> value.  Or, use the <min>...<max> syntax
  to tell CMake that the project requires at least <min> but has been updated
  to work with policies introduced by <max> or earlier.
Call Stack (most recent call first):
  /home/runner/workspace/thirdparty/vcpkg/scripts/toolchains/android.cmake:32 (include)
  /home/runner/workspace/thirdparty/vcpkg/scripts/buildsystems/vcpkg.cmake:210 (include)
  /home/runner/workspace/thirdparty/vcpkg/buildtrees/curl/arm64-android-rel/CMakeFiles/4.3.3/CMakeSystem.cmake:6 (include)
  /home/runner/workspace/thirdparty/vcpkg/buildtrees/curl/arm64-android-rel/CMakeFiles/CMakeTmp/CMakeLists.txt:5 (project)


CMake Deprecation Warning at /home/runner/workspace/.ndk-tools/android-ndk-r27c/build/cmake/android-legacy.toolchain.cmake:35 (cmake_minimum_required):
  Compatibility with CMake < 3.10 will be removed from a future version of
  CMake.

  Update the VERSION argument <min> value.  Or, use the <min>...<max> syntax
  to tell CMake that the project requires at least <min> but has been updated
  to work with policies introduced by <max> or earlier.
Call Stack (most recent call first):
  /home/runner/workspace/.ndk-tools/android-ndk-r27c/build/cmake/android.toolchain.cmake:55 (include)
  /home/runner/workspace/thirdparty/vcpkg/scripts/toolchains/android.cmake:32 (include)
  /home/runner/workspace/thirdparty/vcpkg/scripts/buildsystems/vcpkg.cmake:210 (include)
  /home/runner/workspace/thirdparty/vcpkg/buildtrees/curl/arm64-android-rel/CMakeFiles/4.3.3/CMakeSystem.cmake:6 (include)
  /home/runner/workspace/thirdparty/vcpkg/buildtrees/curl/arm64-android-rel/CMakeFiles/CMakeTmp/CMakeLists.txt:5 (project)


CMake Deprecation Warning at /home/runner/workspace/.ndk-tools/android-ndk-r27c/build/cmake/flags.cmake:18 (cmake_minimum_required):
  Compatibility with CMake < 3.10 will be removed from a future version of
  CMake.

  Update the VERSION argument <min> value.  Or, use the <min>...<max> syntax
  to tell CMake that the project requires at least <min> but has been updated
  to work with policies introduced by <max> or earlier.
Call Stack (most recent call first):
  /home/runner/workspace/thirdparty/vcpkg/downloads/tools/cmake-4.3.3-linux/cmake-4.3.3-linux-x86_64/share/cmake-4.3/Modules/Platform/Android-Clang.cmake:23 (include)
  /home/runner/workspace/thirdparty/vcpkg/downloads/tools/cmake-4.3.3-linux/cmake-4.3.3-linux-x86_64/share/cmake-4.3/Modules/Platform/Android-Clang-C.cmake:1 (include)
  /home/runner/workspace/thirdparty/vcpkg/downloads/tools/cmake-4.3.3-linux/cmake-4.3.3-linux-x86_64/share/cmake-4.3/Modules/CMakeCInformation.cmake:48 (include)
  /home/runner/workspace/thirdparty/vcpkg/buildtrees/curl/arm64-android-rel/CMakeFiles/CMakeTmp/CMakeLists.txt:5 (project)


-- Performing Test HAVE_GETHOSTBYNAME_R_3 - Failed
-- Performing Test HAVE_GETHOSTBYNAME_R_5
CMake Deprecation Warning at /home/runner/workspace/.ndk-tools/android-ndk-r27c/build/cmake/android.toolchain.cmake:35 (cmake_minimum_required):
  Compatibility with CMake < 3.10 will be removed from a future version of
  CMake.

  Update the VERSION argument <min> value.  Or, use the <min>...<max> syntax
  to tell CMake that the project requires at least <min> but has been updated
  to work with policies introduced by <max> or earlier.
Call Stack (most recent call first):
  /home/runner/workspace/thirdparty/vcpkg/scripts/toolchains/android.cmake:32 (include)
  /home/runner/workspace/thirdparty/vcpkg/scripts/buildsystems/vcpkg.cmake:210 (include)
  /home/runner/workspace/thirdparty/vcpkg/buildtrees/curl/arm64-android-rel/CMakeFiles/4.3.3/CMakeSystem.cmake:6 (include)
  /home/runner/workspace/thirdparty/vcpkg/buildtrees/curl/arm64-android-rel/CMakeFiles/CMakeTmp/CMakeLists.txt:5 (project)


CMake Deprecation Warning at /home/runner/workspace/.ndk-tools/android-ndk-r27c/build/cmake/android-legacy.toolchain.cmake:35 (cmake_minimum_required):
  Compatibility with CMake < 3.10 will be removed from a future version of
  CMake.

  Update the VERSION argument <min> value.  Or, use the <min>...<max> syntax
  to tell CMake that the project requires at least <min> but has been updated
  to work with policies introduced by <max> or earlier.
Call Stack (most recent call first):
  /home/runner/workspace/.ndk-tools/android-ndk-r27c/build/cmake/android.toolchain.cmake:55 (include)
  /home/runner/workspace/thirdparty/vcpkg/scripts/toolchains/android.cmake:32 (include)
  /home/runner/workspace/thirdparty/vcpkg/scripts/buildsystems/vcpkg.cmake:210 (include)
  /home/runner/workspace/thirdparty/vcpkg/buildtrees/curl/arm64-android-rel/CMakeFiles/4.3.3/CMakeSystem.cmake:6 (include)
  /home/runner/workspace/thirdparty/vcpkg/buildtrees/curl/arm64-android-rel/CMakeFiles/CMakeTmp/CMakeLists.txt:5 (project)


CMake Deprecation Warning at /home/runner/workspace/.ndk-tools/android-ndk-r27c/build/cmake/flags.cmake:18 (cmake_minimum_required):
  Compatibility with CMake < 3.10 will be removed from a future version of
  CMake.

  Update the VERSION argument <min> value.  Or, use the <min>...<max> syntax
  to tell CMake that the project requires at least <min> but has been updated
  to work with policies introduced by <max> or earlier.
Call Stack (most recent call first):
  /home/runner/workspace/thirdparty/vcpkg/downloads/tools/cmake-4.3.3-linux/cmake-4.3.3-linux-x86_64/share/cmake-4.3/Modules/Platform/Android-Clang.cmake:23 (include)
  /home/runner/workspace/thirdparty/vcpkg/downloads/tools/cmake-4.3.3-linux/cmake-4.3.3-linux-x86_64/share/cmake-4.3/Modules/Platform/Android-Clang-C.cmake:1 (include)
  /home/runner/workspace/thirdparty/vcpkg/downloads/tools/cmake-4.3.3-linux/cmake-4.3.3-linux-x86_64/share/cmake-4.3/Modules/CMakeCInformation.cmake:48 (include)
  /home/runner/workspace/thirdparty/vcpkg/buildtrees/curl/arm64-android-rel/CMakeFiles/CMakeTmp/CMakeLists.txt:5 (project)


-- Performing Test HAVE_GETHOSTBYNAME_R_5 - Failed
-- Performing Test HAVE_GETHOSTBYNAME_R_6
CMake Deprecation Warning at /home/runner/workspace/.ndk-tools/android-ndk-r27c/build/cmake/android.toolchain.cmake:35 (cmake_minimum_required):
  Compatibility with CMake < 3.10 will be removed from a future version of
  CMake.

  Update the VERSION argument <min> value.  Or, use the <min>...<max> syntax
  to tell CMake that the project requires at least <min> but has been updated
  to work with policies introduced by <max> or earlier.
Call Stack (most recent call first):
  /home/runner/workspace/thirdparty/vcpkg/scripts/toolchains/android.cmake:32 (include)
  /home/runner/workspace/thirdparty/vcpkg/scripts/buildsystems/vcpkg.cmake:210 (include)
  /home/runner/workspace/thirdparty/vcpkg/buildtrees/curl/arm64-android-rel/CMakeFiles/4.3.3/CMakeSystem.cmake:6 (include)
  /home/runner/workspace/thirdparty/vcpkg/buildtrees/curl/arm64-android-rel/CMakeFiles/CMakeTmp/CMakeLists.txt:5 (project)


CMake Deprecation Warning at /home/runner/workspace/.ndk-tools/android-ndk-r27c/build/cmake/android-legacy.toolchain.cmake:35 (cmake_minimum_required):
  Compatibility with CMake < 3.10 will be removed from a future version of
  CMake.

  Update the VERSION argument <min> value.  Or, use the <min>...<max> syntax
  to tell CMake that the project requires at least <min> but has been updated
  to work with policies introduced by <max> or earlier.
Call Stack (most recent call first):
  /home/runner/workspace/.ndk-tools/android-ndk-r27c/build/cmake/android.toolchain.cmake:55 (include)
  /home/runner/workspace/thirdparty/vcpkg/scripts/toolchains/android.cmake:32 (include)
  /home/runner/workspace/thirdparty/vcpkg/scripts/buildsystems/vcpkg.cmake:210 (include)
  /home/runner/workspace/thirdparty/vcpkg/buildtrees/curl/arm64-android-rel/CMakeFiles/4.3.3/CMakeSystem.cmake:6 (include)
  /home/runner/workspace/thirdparty/vcpkg/buildtrees/curl/arm64-android-rel/CMakeFiles/CMakeTmp/CMakeLists.txt:5 (project)


CMake Deprecation Warning at /home/runner/workspace/.ndk-tools/android-ndk-r27c/build/cmake/flags.cmake:18 (cmake_minimum_required):
  Compatibility with CMake < 3.10 will be removed from a future version of
  CMake.

  Update the VERSION argument <min> value.  Or, use the <min>...<max> syntax
  to tell CMake that the project requires at least <min> but has been updated
  to work with policies introduced by <max> or earlier.
Call Stack (most recent call first):
  /home/runner/workspace/thirdparty/vcpkg/downloads/tools/cmake-4.3.3-linux/cmake-4.3.3-linux-x86_64/share/cmake-4.3/Modules/Platform/Android-Clang.cmake:23 (include)
  /home/runner/workspace/thirdparty/vcpkg/downloads/tools/cmake-4.3.3-linux/cmake-4.3.3-linux-x86_64/share/cmake-4.3/Modules/Platform/Android-Clang-C.cmake:1 (include)
  /home/runner/workspace/thirdparty/vcpkg/downloads/tools/cmake-4.3.3-linux/cmake-4.3.3-linux-x86_64/share/cmake-4.3/Modules/CMakeCInformation.cmake:48 (include)
  /home/runner/workspace/thirdparty/vcpkg/buildtrees/curl/arm64-android-rel/CMakeFiles/CMakeTmp/CMakeLists.txt:5 (project)


-- Performing Test HAVE_GETHOSTBYNAME_R_6 - Success
-- Performing Test HAVE_GETHOSTBYNAME_R_3_REENTRANT
CMake Deprecation Warning at /home/runner/workspace/.ndk-tools/android-ndk-r27c/build/cmake/android.toolchain.cmake:35 (cmake_minimum_required):
  Compatibility with CMake < 3.10 will be removed from a future version of
  CMake.

  Update the VERSION argument <min> value.  Or, use the <min>...<max> syntax
  to tell CMake that the project requires at least <min> but has been updated
  to work with policies introduced by <max> or earlier.
Call Stack (most recent call first):
  /home/runner/workspace/thirdparty/vcpkg/scripts/toolchains/android.cmake:32 (include)
  /home/runner/workspace/thirdparty/vcpkg/scripts/buildsystems/vcpkg.cmake:210 (include)
  /home/runner/workspace/thirdparty/vcpkg/buildtrees/curl/arm64-android-rel/CMakeFiles/4.3.3/CMakeSystem.cmake:6 (include)
  /home/runner/workspace/thirdparty/vcpkg/buildtrees/curl/arm64-android-rel/CMakeFiles/CMakeTmp/CMakeLists.txt:5 (project)


CMake Deprecation Warning at /home/runner/workspace/.ndk-tools/android-ndk-r27c/build/cmake/android-legacy.toolchain.cmake:35 (cmake_minimum_required):
  Compatibility with CMake < 3.10 will be removed from a future version of
  CMake.

  Update the VERSION argument <min> value.  Or, use the <min>...<max> syntax
  to tell CMake that the project requires at least <min> but has been updated
  to work with policies introduced by <max> or earlier.
Call Stack (most recent call first):
  /home/runner/workspace/.ndk-tools/android-ndk-r27c/build/cmake/android.toolchain.cmake:55 (include)
  /home/runner/workspace/thirdparty/vcpkg/scripts/toolchains/android.cmake:32 (include)
  /home/runner/workspace/thirdparty/vcpkg/scripts/buildsystems/vcpkg.cmake:210 (include)
  /home/runner/workspace/thirdparty/vcpkg/buildtrees/curl/arm64-android-rel/CMakeFiles/4.3.3/CMakeSystem.cmake:6 (include)
  /home/runner/workspace/thirdparty/vcpkg/buildtrees/curl/arm64-android-rel/CMakeFiles/CMakeTmp/CMakeLists.txt:5 (project)


CMake Deprecation Warning at /home/runner/workspace/.ndk-tools/android-ndk-r27c/build/cmake/flags.cmake:18 (cmake_minimum_required):
  Compatibility with CMake < 3.10 will be removed from a future version of
  CMake.

  Update the VERSION argument <min> value.  Or, use the <min>...<max> syntax
  to tell CMake that the project requires at least <min> but has been updated
  to work with policies introduced by <max> or earlier.
Call Stack (most recent call first):
  /home/runner/workspace/thirdparty/vcpkg/downloads/tools/cmake-4.3.3-linux/cmake-4.3.3-linux-x86_64/share/cmake-4.3/Modules/Platform/Android-Clang.cmake:23 (include)
  /home/runner/workspace/thirdparty/vcpkg/downloads/tools/cmake-4.3.3-linux/cmake-4.3.3-linux-x86_64/share/cmake-4.3/Modules/Platform/Android-Clang-C.cmake:1 (include)
  /home/runner/workspace/thirdparty/vcpkg/downloads/tools/cmake-4.3.3-linux/cmake-4.3.3-linux-x86_64/share/cmake-4.3/Modules/CMakeCInformation.cmake:48 (include)
  /home/runner/workspace/thirdparty/vcpkg/buildtrees/curl/arm64-android-rel/CMakeFiles/CMakeTmp/CMakeLists.txt:5 (project)


-- Performing Test HAVE_GETHOSTBYNAME_R_3_REENTRANT - Failed
-- Performing Test HAVE_GETHOSTBYNAME_R_5_REENTRANT
CMake Deprecation Warning at /home/runner/workspace/.ndk-tools/android-ndk-r27c/build/cmake/android.toolchain.cmake:35 (cmake_minimum_required):
  Compatibility with CMake < 3.10 will be removed from a future version of
  CMake.

  Update the VERSION argument <min> value.  Or, use the <min>...<max> syntax
  to tell CMake that the project requires at least <min> but has been updated
  to work with policies introduced by <max> or earlier.
Call Stack (most recent call first):
  /home/runner/workspace/thirdparty/vcpkg/scripts/toolchains/android.cmake:32 (include)
  /home/runner/workspace/thirdparty/vcpkg/scripts/buildsystems/vcpkg.cmake:210 (include)
  /home/runner/workspace/thirdparty/vcpkg/buildtrees/curl/arm64-android-rel/CMakeFiles/4.3.3/CMakeSystem.cmake:6 (include)
  /home/runner/workspace/thirdparty/vcpkg/buildtrees/curl/arm64-android-rel/CMakeFiles/CMakeTmp/CMakeLists.txt:5 (project)


CMake Deprecation Warning at /home/runner/workspace/.ndk-tools/android-ndk-r27c/build/cmake/android-legacy.toolchain.cmake:35 (cmake_minimum_required):
  Compatibility with CMake < 3.10 will be removed from a future version of
  CMake.

  Update the VERSION argument <min> value.  Or, use the <min>...<max> syntax
  to tell CMake that the project requires at least <min> but has been updated
  to work with policies introduced by <max> or earlier.
Call Stack (most recent call first):
  /home/runner/workspace/.ndk-tools/android-ndk-r27c/build/cmake/android.toolchain.cmake:55 (include)
  /home/runner/workspace/thirdparty/vcpkg/scripts/toolchains/android.cmake:32 (include)
  /home/runner/workspace/thirdparty/vcpkg/scripts/buildsystems/vcpkg.cmake:210 (include)
  /home/runner/workspace/thirdparty/vcpkg/buildtrees/curl/arm64-android-rel/CMakeFiles/4.3.3/CMakeSystem.cmake:6 (include)
  /home/runner/workspace/thirdparty/vcpkg/buildtrees/curl/arm64-android-rel/CMakeFiles/CMakeTmp/CMakeLists.txt:5 (project)


CMake Deprecation Warning at /home/runner/workspace/.ndk-tools/android-ndk-r27c/build/cmake/flags.cmake:18 (cmake_minimum_required):
  Compatibility with CMake < 3.10 will be removed from a future version of
  CMake.

  Update the VERSION argument <min> value.  Or, use the <min>...<max> syntax
  to tell CMake that the project requires at least <min> but has been updated
  to work with policies introduced by <max> or earlier.
Call Stack (most recent call first):
  /home/runner/workspace/thirdparty/vcpkg/downloads/tools/cmake-4.3.3-linux/cmake-4.3.3-linux-x86_64/share/cmake-4.3/Modules/Platform/Android-Clang.cmake:23 (include)
  /home/runner/workspace/thirdparty/vcpkg/downloads/tools/cmake-4.3.3-linux/cmake-4.3.3-linux-x86_64/share/cmake-4.3/Modules/Platform/Android-Clang-C.cmake:1 (include)
  /home/runner/workspace/thirdparty/vcpkg/downloads/tools/cmake-4.3.3-linux/cmake-4.3.3-linux-x86_64/share/cmake-4.3/Modules/CMakeCInformation.cmake:48 (include)
  /home/runner/workspace/thirdparty/vcpkg/buildtrees/curl/arm64-android-rel/CMakeFiles/CMakeTmp/CMakeLists.txt:5 (project)


-- Performing Test HAVE_GETHOSTBYNAME_R_5_REENTRANT - Failed
-- Performing Test HAVE_GETHOSTBYNAME_R_6_REENTRANT
CMake Deprecation Warning at /home/runner/workspace/.ndk-tools/android-ndk-r27c/build/cmake/android.toolchain.cmake:35 (cmake_minimum_required):
  Compatibility with CMake < 3.10 will be removed from a future version of
  CMake.

  Update the VERSION argument <min> value.  Or, use the <min>...<max> syntax
  to tell CMake that the project requires at least <min> but has been updated
  to work with policies introduced by <max> or earlier.
Call Stack (most recent call first):
  /home/runner/workspace/thirdparty/vcpkg/scripts/toolchains/android.cmake:32 (include)
  /home/runner/workspace/thirdparty/vcpkg/scripts/buildsystems/vcpkg.cmake:210 (include)
  /home/runner/workspace/thirdparty/vcpkg/buildtrees/curl/arm64-android-rel/CMakeFiles/4.3.3/CMakeSystem.cmake:6 (include)
  /home/runner/workspace/thirdparty/vcpkg/buildtrees/curl/arm64-android-rel/CMakeFiles/CMakeTmp/CMakeLists.txt:5 (project)


CMake Deprecation Warning at /home/runner/workspace/.ndk-tools/android-ndk-r27c/build/cmake/android-legacy.toolchain.cmake:35 (cmake_minimum_required):
  Compatibility with CMake < 3.10 will be removed from a future version of
  CMake.

  Update the VERSION argument <min> value.  Or, use the <min>...<max> syntax
  to tell CMake that the project requires at least <min> but has been updated
  to work with policies introduced by <max> or earlier.
Call Stack (most recent call first):
  /home/runner/workspace/.ndk-tools/android-ndk-r27c/build/cmake/android.toolchain.cmake:55 (include)
  /home/runner/workspace/thirdparty/vcpkg/scripts/toolchains/android.cmake:32 (include)
  /home/runner/workspace/thirdparty/vcpkg/scripts/buildsystems/vcpkg.cmake:210 (include)
  /home/runner/workspace/thirdparty/vcpkg/buildtrees/curl/arm64-android-rel/CMakeFiles/4.3.3/CMakeSystem.cmake:6 (include)
  /home/runner/workspace/thirdparty/vcpkg/buildtrees/curl/arm64-android-rel/CMakeFiles/CMakeTmp/CMakeLists.txt:5 (project)


CMake Deprecation Warning at /home/runner/workspace/.ndk-tools/android-ndk-r27c/build/cmake/flags.cmake:18 (cmake_minimum_required):
  Compatibility with CMake < 3.10 will be removed from a future version of
  CMake.

  Update the VERSION argument <min> value.  Or, use the <min>...<max> syntax
  to tell CMake that the project requires at least <min> but has been updated
  to work with policies introduced by <max> or earlier.
Call Stack (most recent call first):
  /home/runner/workspace/thirdparty/vcpkg/downloads/tools/cmake-4.3.3-linux/cmake-4.3.3-linux-x86_64/share/cmake-4.3/Modules/Platform/Android-Clang.cmake:23 (include)
  /home/runner/workspace/thirdparty/vcpkg/downloads/tools/cmake-4.3.3-linux/cmake-4.3.3-linux-x86_64/share/cmake-4.3/Modules/Platform/Android-Clang-C.cmake:1 (include)
  /home/runner/workspace/thirdparty/vcpkg/downloads/tools/cmake-4.3.3-linux/cmake-4.3.3-linux-x86_64/share/cmake-4.3/Modules/CMakeCInformation.cmake:48 (include)
  /home/runner/workspace/thirdparty/vcpkg/buildtrees/curl/arm64-android-rel/CMakeFiles/CMakeTmp/CMakeLists.txt:5 (project)


-- Performing Test HAVE_GETHOSTBYNAME_R_6_REENTRANT - Success
-- Performing Test HAVE_IN_ADDR_T
CMake Deprecation Warning at /home/runner/workspace/.ndk-tools/android-ndk-r27c/build/cmake/android.toolchain.cmake:35 (cmake_minimum_required):
  Compatibility with CMake < 3.10 will be removed from a future version of
  CMake.

  Update the VERSION argument <min> value.  Or, use the <min>...<max> syntax
  to tell CMake that the project requires at least <min> but has been updated
  to work with policies introduced by <max> or earlier.
Call Stack (most recent call first):
  /home/runner/workspace/thirdparty/vcpkg/scripts/toolchains/android.cmake:32 (include)
  /home/runner/workspace/thirdparty/vcpkg/scripts/buildsystems/vcpkg.cmake:210 (include)
  /home/runner/workspace/thirdparty/vcpkg/buildtrees/curl/arm64-android-rel/CMakeFiles/4.3.3/CMakeSystem.cmake:6 (include)
  /home/runner/workspace/thirdparty/vcpkg/buildtrees/curl/arm64-android-rel/CMakeFiles/CMakeTmp/CMakeLists.txt:5 (project)


CMake Deprecation Warning at /home/runner/workspace/.ndk-tools/android-ndk-r27c/build/cmake/android-legacy.toolchain.cmake:35 (cmake_minimum_required):
  Compatibility with CMake < 3.10 will be removed from a future version of
  CMake.

  Update the VERSION argument <min> value.  Or, use the <min>...<max> syntax
  to tell CMake that the project requires at least <min> but has been updated
  to work with policies introduced by <max> or earlier.
Call Stack (most recent call first):
  /home/runner/workspace/.ndk-tools/android-ndk-r27c/build/cmake/android.toolchain.cmake:55 (include)
  /home/runner/workspace/thirdparty/vcpkg/scripts/toolchains/android.cmake:32 (include)
  /home/runner/workspace/thirdparty/vcpkg/scripts/buildsystems/vcpkg.cmake:210 (include)
  /home/runner/workspace/thirdparty/vcpkg/buildtrees/curl/arm64-android-rel/CMakeFiles/4.3.3/CMakeSystem.cmake:6 (include)
  /home/runner/workspace/thirdparty/vcpkg/buildtrees/curl/arm64-android-rel/CMakeFiles/CMakeTmp/CMakeLists.txt:5 (project)


CMake Deprecation Warning at /home/runner/workspace/.ndk-tools/android-ndk-r27c/build/cmake/flags.cmake:18 (cmake_minimum_required):
  Compatibility with CMake < 3.10 will be removed from a future version of
  CMake.

  Update the VERSION argument <min> value.  Or, use the <min>...<max> syntax
  to tell CMake that the project requires at least <min> but has been updated
  to work with policies introduced by <max> or earlier.
Call Stack (most recent call first):
  /home/runner/workspace/thirdparty/vcpkg/downloads/tools/cmake-4.3.3-linux/cmake-4.3.3-linux-x86_64/share/cmake-4.3/Modules/Platform/Android-Clang.cmake:23 (include)
  /home/runner/workspace/thirdparty/vcpkg/downloads/tools/cmake-4.3.3-linux/cmake-4.3.3-linux-x86_64/share/cmake-4.3/Modules/Platform/Android-Clang-C.cmake:1 (include)
  /home/runner/workspace/thirdparty/vcpkg/downloads/tools/cmake-4.3.3-linux/cmake-4.3.3-linux-x86_64/share/cmake-4.3/Modules/CMakeCInformation.cmake:48 (include)
  /home/runner/workspace/thirdparty/vcpkg/buildtrees/curl/arm64-android-rel/CMakeFiles/CMakeTmp/CMakeLists.txt:5 (project)


-- Performing Test HAVE_IN_ADDR_T - Success
-- Performing Test HAVE_BOOL_T
CMake Deprecation Warning at /home/runner/workspace/.ndk-tools/android-ndk-r27c/build/cmake/android.toolchain.cmake:35 (cmake_minimum_required):
  Compatibility with CMake < 3.10 will be removed from a future version of
  CMake.

  Update the VERSION argument <min> value.  Or, use the <min>...<max> syntax
  to tell CMake that the project requires at least <min> but has been updated
  to work with policies introduced by <max> or earlier.
Call Stack (most recent call first):
  /home/runner/workspace/thirdparty/vcpkg/scripts/toolchains/android.cmake:32 (include)
  /home/runner/workspace/thirdparty/vcpkg/scripts/buildsystems/vcpkg.cmake:210 (include)
  /home/runner/workspace/thirdparty/vcpkg/buildtrees/curl/arm64-android-rel/CMakeFiles/4.3.3/CMakeSystem.cmake:6 (include)
  /home/runner/workspace/thirdparty/vcpkg/buildtrees/curl/arm64-android-rel/CMakeFiles/CMakeTmp/CMakeLists.txt:5 (project)


CMake Deprecation Warning at /home/runner/workspace/.ndk-tools/android-ndk-r27c/build/cmake/android-legacy.toolchain.cmake:35 (cmake_minimum_required):
  Compatibility with CMake < 3.10 will be removed from a future version of
  CMake.

  Update the VERSION argument <min> value.  Or, use the <min>...<max> syntax
  to tell CMake that the project requires at least <min> but has been updated
  to work with policies introduced by <max> or earlier.
Call Stack (most recent call first):
  /home/runner/workspace/.ndk-tools/android-ndk-r27c/build/cmake/android.toolchain.cmake:55 (include)
  /home/runner/workspace/thirdparty/vcpkg/scripts/toolchains/android.cmake:32 (include)
  /home/runner/workspace/thirdparty/vcpkg/scripts/buildsystems/vcpkg.cmake:210 (include)
  /home/runner/workspace/thirdparty/vcpkg/buildtrees/curl/arm64-android-rel/CMakeFiles/4.3.3/CMakeSystem.cmake:6 (include)
  /home/runner/workspace/thirdparty/vcpkg/buildtrees/curl/arm64-android-rel/CMakeFiles/CMakeTmp/CMakeLists.txt:5 (project)


CMake Deprecation Warning at /home/runner/workspace/.ndk-tools/android-ndk-r27c/build/cmake/flags.cmake:18 (cmake_minimum_required):
  Compatibility with CMake < 3.10 will be removed from a future version of
  CMake.

  Update the VERSION argument <min> value.  Or, use the <min>...<max> syntax
  to tell CMake that the project requires at least <min> but has been updated
  to work with policies introduced by <max> or earlier.
Call Stack (most recent call first):
  /home/runner/workspace/thirdparty/vcpkg/downloads/tools/cmake-4.3.3-linux/cmake-4.3.3-linux-x86_64/share/cmake-4.3/Modules/Platform/Android-Clang.cmake:23 (include)
  /home/runner/workspace/thirdparty/vcpkg/downloads/tools/cmake-4.3.3-linux/cmake-4.3.3-linux-x86_64/share/cmake-4.3/Modules/Platform/Android-Clang-C.cmake:1 (include)
  /home/runner/workspace/thirdparty/vcpkg/downloads/tools/cmake-4.3.3-linux/cmake-4.3.3-linux-x86_64/share/cmake-4.3/Modules/CMakeCInformation.cmake:48 (include)
  /home/runner/workspace/thirdparty/vcpkg/buildtrees/curl/arm64-android-rel/CMakeFiles/CMakeTmp/CMakeLists.txt:5 (project)


-- Performing Test HAVE_BOOL_T - Success
-- Performing Test STDC_HEADERS
CMake Deprecation Warning at /home/runner/workspace/.ndk-tools/android-ndk-r27c/build/cmake/android.toolchain.cmake:35 (cmake_minimum_required):
  Compatibility with CMake < 3.10 will be removed from a future version of
  CMake.

  Update the VERSION argument <min> value.  Or, use the <min>...<max> syntax
  to tell CMake that the project requires at least <min> but has been updated
  to work with policies introduced by <max> or earlier.
Call Stack (most recent call first):
  /home/runner/workspace/thirdparty/vcpkg/scripts/toolchains/android.cmake:32 (include)
  /home/runner/workspace/thirdparty/vcpkg/scripts/buildsystems/vcpkg.cmake:210 (include)
  /home/runner/workspace/thirdparty/vcpkg/buildtrees/curl/arm64-android-rel/CMakeFiles/4.3.3/CMakeSystem.cmake:6 (include)
  /home/runner/workspace/thirdparty/vcpkg/buildtrees/curl/arm64-android-rel/CMakeFiles/CMakeTmp/CMakeLists.txt:5 (project)


CMake Deprecation Warning at /home/runner/workspace/.ndk-tools/android-ndk-r27c/build/cmake/android-legacy.toolchain.cmake:35 (cmake_minimum_required):
  Compatibility with CMake < 3.10 will be removed from a future version of
  CMake.

  Update the VERSION argument <min> value.  Or, use the <min>...<max> syntax
  to tell CMake that the project requires at least <min> but has been updated
  to work with policies introduced by <max> or earlier.
Call Stack (most recent call first):
  /home/runner/workspace/.ndk-tools/android-ndk-r27c/build/cmake/android.toolchain.cmake:55 (include)
  /home/runner/workspace/thirdparty/vcpkg/scripts/toolchains/android.cmake:32 (include)
  /home/runner/workspace/thirdparty/vcpkg/scripts/buildsystems/vcpkg.cmake:210 (include)
  /home/runner/workspace/thirdparty/vcpkg/buildtrees/curl/arm64-android-rel/CMakeFiles/4.3.3/CMakeSystem.cmake:6 (include)
  /home/runner/workspace/thirdparty/vcpkg/buildtrees/curl/arm64-android-rel/CMakeFiles/CMakeTmp/CMakeLists.txt:5 (project)


CMake Deprecation Warning at /home/runner/workspace/.ndk-tools/android-ndk-r27c/build/cmake/flags.cmake:18 (cmake_minimum_required):
  Compatibility with CMake < 3.10 will be removed from a future version of
  CMake.

  Update the VERSION argument <min> value.  Or, use the <min>...<max> syntax
  to tell CMake that the project requires at least <min> but has been updated
  to work with policies introduced by <max> or earlier.
Call Stack (most recent call first):
  /home/runner/workspace/thirdparty/vcpkg/downloads/tools/cmake-4.3.3-linux/cmake-4.3.3-linux-x86_64/share/cmake-4.3/Modules/Platform/Android-Clang.cmake:23 (include)
  /home/runner/workspace/thirdparty/vcpkg/downloads/tools/cmake-4.3.3-linux/cmake-4.3.3-linux-x86_64/share/cmake-4.3/Modules/Platform/Android-Clang-C.cmake:1 (include)
  /home/runner/workspace/thirdparty/vcpkg/downloads/tools/cmake-4.3.3-linux/cmake-4.3.3-linux-x86_64/share/cmake-4.3/Modules/CMakeCInformation.cmake:48 (include)
  /home/runner/workspace/thirdparty/vcpkg/buildtrees/curl/arm64-android-rel/CMakeFiles/CMakeTmp/CMakeLists.txt:5 (project)


-- Performing Test STDC_HEADERS - Success
-- Performing Test HAVE_FILE_OFFSET_BITS
CMake Deprecation Warning at /home/runner/workspace/.ndk-tools/android-ndk-r27c/build/cmake/android.toolchain.cmake:35 (cmake_minimum_required):
  Compatibility with CMake < 3.10 will be removed from a future version of
  CMake.

  Update the VERSION argument <min> value.  Or, use the <min>...<max> syntax
  to tell CMake that the project requires at least <min> but has been updated
  to work with policies introduced by <max> or earlier.
Call Stack (most recent call first):
  /home/runner/workspace/thirdparty/vcpkg/scripts/toolchains/android.cmake:32 (include)
  /home/runner/workspace/thirdparty/vcpkg/scripts/buildsystems/vcpkg.cmake:210 (include)
  /home/runner/workspace/thirdparty/vcpkg/buildtrees/curl/arm64-android-rel/CMakeFiles/4.3.3/CMakeSystem.cmake:6 (include)
  /home/runner/workspace/thirdparty/vcpkg/buildtrees/curl/arm64-android-rel/CMakeFiles/CMakeTmp/CMakeLists.txt:5 (project)


CMake Deprecation Warning at /home/runner/workspace/.ndk-tools/android-ndk-r27c/build/cmake/android-legacy.toolchain.cmake:35 (cmake_minimum_required):
  Compatibility with CMake < 3.10 will be removed from a future version of
  CMake.

  Update the VERSION argument <min> value.  Or, use the <min>...<max> syntax
  to tell CMake that the project requires at least <min> but has been updated
  to work with policies introduced by <max> or earlier.
Call Stack (most recent call first):
  /home/runner/workspace/.ndk-tools/android-ndk-r27c/build/cmake/android.toolchain.cmake:55 (include)
  /home/runner/workspace/thirdparty/vcpkg/scripts/toolchains/android.cmake:32 (include)
  /home/runner/workspace/thirdparty/vcpkg/scripts/buildsystems/vcpkg.cmake:210 (include)
  /home/runner/workspace/thirdparty/vcpkg/buildtrees/curl/arm64-android-rel/CMakeFiles/4.3.3/CMakeSystem.cmake:6 (include)
  /home/runner/workspace/thirdparty/vcpkg/buildtrees/curl/arm64-android-rel/CMakeFiles/CMakeTmp/CMakeLists.txt:5 (project)


CMake Deprecation Warning at /home/runner/workspace/.ndk-tools/android-ndk-r27c/build/cmake/flags.cmake:18 (cmake_minimum_required):
  Compatibility with CMake < 3.10 will be removed from a future version of
  CMake.

  Update the VERSION argument <min> value.  Or, use the <min>...<max> syntax
  to tell CMake that the project requires at least <min> but has been updated
  to work with policies introduced by <max> or earlier.
Call Stack (most recent call first):
  /home/runner/workspace/thirdparty/vcpkg/downloads/tools/cmake-4.3.3-linux/cmake-4.3.3-linux-x86_64/share/cmake-4.3/Modules/Platform/Android-Clang.cmake:23 (include)
  /home/runner/workspace/thirdparty/vcpkg/downloads/tools/cmake-4.3.3-linux/cmake-4.3.3-linux-x86_64/share/cmake-4.3/Modules/Platform/Android-Clang-C.cmake:1 (include)
  /home/runner/workspace/thirdparty/vcpkg/downloads/tools/cmake-4.3.3-linux/cmake-4.3.3-linux-x86_64/share/cmake-4.3/Modules/CMakeCInformation.cmake:48 (include)
  /home/runner/workspace/thirdparty/vcpkg/buildtrees/curl/arm64-android-rel/CMakeFiles/CMakeTmp/CMakeLists.txt:5 (project)


-- Performing Test HAVE_FILE_OFFSET_BITS - Success
-- Performing Test HAVE_ATOMIC
CMake Deprecation Warning at /home/runner/workspace/.ndk-tools/android-ndk-r27c/build/cmake/android.toolchain.cmake:35 (cmake_minimum_required):
  Compatibility with CMake < 3.10 will be removed from a future version of
  CMake.

  Update the VERSION argument <min> value.  Or, use the <min>...<max> syntax
  to tell CMake that the project requires at least <min> but has been updated
  to work with policies introduced by <max> or earlier.
Call Stack (most recent call first):
  /home/runner/workspace/thirdparty/vcpkg/scripts/toolchains/android.cmake:32 (include)
  /home/runner/workspace/thirdparty/vcpkg/scripts/buildsystems/vcpkg.cmake:210 (include)
  /home/runner/workspace/thirdparty/vcpkg/buildtrees/curl/arm64-android-rel/CMakeFiles/4.3.3/CMakeSystem.cmake:6 (include)
  /home/runner/workspace/thirdparty/vcpkg/buildtrees/curl/arm64-android-rel/CMakeFiles/CMakeTmp/CMakeLists.txt:5 (project)


CMake Deprecation Warning at /home/runner/workspace/.ndk-tools/android-ndk-r27c/build/cmake/android-legacy.toolchain.cmake:35 (cmake_minimum_required):
  Compatibility with CMake < 3.10 will be removed from a future version of
  CMake.

  Update the VERSION argument <min> value.  Or, use the <min>...<max> syntax
  to tell CMake that the project requires at least <min> but has been updated
  to work with policies introduced by <max> or earlier.
Call Stack (most recent call first):
  /home/runner/workspace/.ndk-tools/android-ndk-r27c/build/cmake/android.toolchain.cmake:55 (include)
  /home/runner/workspace/thirdparty/vcpkg/scripts/toolchains/android.cmake:32 (include)
  /home/runner/workspace/thirdparty/vcpkg/scripts/buildsystems/vcpkg.cmake:210 (include)
  /home/runner/workspace/thirdparty/vcpkg/buildtrees/curl/arm64-android-rel/CMakeFiles/4.3.3/CMakeSystem.cmake:6 (include)
  /home/runner/workspace/thirdparty/vcpkg/buildtrees/curl/arm64-android-rel/CMakeFiles/CMakeTmp/CMakeLists.txt:5 (project)


CMake Deprecation Warning at /home/runner/workspace/.ndk-tools/android-ndk-r27c/build/cmake/flags.cmake:18 (cmake_minimum_required):
  Compatibility with CMake < 3.10 will be removed from a future version of
  CMake.

  Update the VERSION argument <min> value.  Or, use the <min>...<max> syntax
  to tell CMake that the project requires at least <min> but has been updated
  to work with policies introduced by <max> or earlier.
Call Stack (most recent call first):
  /home/runner/workspace/thirdparty/vcpkg/downloads/tools/cmake-4.3.3-linux/cmake-4.3.3-linux-x86_64/share/cmake-4.3/Modules/Platform/Android-Clang.cmake:23 (include)
  /home/runner/workspace/thirdparty/vcpkg/downloads/tools/cmake-4.3.3-linux/cmake-4.3.3-linux-x86_64/share/cmake-4.3/Modules/Platform/Android-Clang-C.cmake:1 (include)
  /home/runner/workspace/thirdparty/vcpkg/downloads/tools/cmake-4.3.3-linux/cmake-4.3.3-linux-x86_64/share/cmake-4.3/Modules/CMakeCInformation.cmake:48 (include)
  /home/runner/workspace/thirdparty/vcpkg/buildtrees/curl/arm64-android-rel/CMakeFiles/CMakeTmp/CMakeLists.txt:5 (project)


-- Performing Test HAVE_ATOMIC - Success
-- Check size of off_t
CMake Deprecation Warning at /home/runner/workspace/.ndk-tools/android-ndk-r27c/build/cmake/android.toolchain.cmake:35 (cmake_minimum_required):
  Compatibility with CMake < 3.10 will be removed from a future version of
  CMake.

  Update the VERSION argument <min> value.  Or, use the <min>...<max> syntax
  to tell CMake that the project requires at least <min> but has been updated
  to work with policies introduced by <max> or earlier.
Call Stack (most recent call first):
  /home/runner/workspace/thirdparty/vcpkg/scripts/toolchains/android.cmake:32 (include)
  /home/runner/workspace/thirdparty/vcpkg/scripts/buildsystems/vcpkg.cmake:210 (include)
  /home/runner/workspace/thirdparty/vcpkg/buildtrees/curl/arm64-android-rel/CMakeFiles/4.3.3/CMakeSystem.cmake:6 (include)
  /home/runner/workspace/thirdparty/vcpkg/buildtrees/curl/arm64-android-rel/CMakeFiles/CMakeScratch/TryCompile-EyDQba/CMakeLists.txt:5 (project)


CMake Deprecation Warning at /home/runner/workspace/.ndk-tools/android-ndk-r27c/build/cmake/android-legacy.toolchain.cmake:35 (cmake_minimum_required):
  Compatibility with CMake < 3.10 will be removed from a future version of
  CMake.

  Update the VERSION argument <min> value.  Or, use the <min>...<max> syntax
  to tell CMake that the project requires at least <min> but has been updated
  to work with policies introduced by <max> or earlier.
Call Stack (most recent call first):
  /home/runner/workspace/.ndk-tools/android-ndk-r27c/build/cmake/android.toolchain.cmake:55 (include)
  /home/runner/workspace/thirdparty/vcpkg/scripts/toolchains/android.cmake:32 (include)
  /home/runner/workspace/thirdparty/vcpkg/scripts/buildsystems/vcpkg.cmake:210 (include)
  /home/runner/workspace/thirdparty/vcpkg/buildtrees/curl/arm64-android-rel/CMakeFiles/4.3.3/CMakeSystem.cmake:6 (include)
  /home/runner/workspace/thirdparty/vcpkg/buildtrees/curl/arm64-android-rel/CMakeFiles/CMakeScratch/TryCompile-EyDQba/CMakeLists.txt:5 (project)


CMake Deprecation Warning at /home/runner/workspace/.ndk-tools/android-ndk-r27c/build/cmake/flags.cmake:18 (cmake_minimum_required):
  Compatibility with CMake < 3.10 will be removed from a future version of
  CMake.

  Update the VERSION argument <min> value.  Or, use the <min>...<max> syntax
  to tell CMake that the project requires at least <min> but has been updated
  to work with policies introduced by <max> or earlier.
Call Stack (most recent call first):
  /home/runner/workspace/thirdparty/vcpkg/downloads/tools/cmake-4.3.3-linux/cmake-4.3.3-linux-x86_64/share/cmake-4.3/Modules/Platform/Android-Clang.cmake:23 (include)
  /home/runner/workspace/thirdparty/vcpkg/downloads/tools/cmake-4.3.3-linux/cmake-4.3.3-linux-x86_64/share/cmake-4.3/Modules/Platform/Android-Clang-C.cmake:1 (include)
  /home/runner/workspace/thirdparty/vcpkg/downloads/tools/cmake-4.3.3-linux/cmake-4.3.3-linux-x86_64/share/cmake-4.3/Modules/CMakeCInformation.cmake:48 (include)
  /home/runner/workspace/thirdparty/vcpkg/buildtrees/curl/arm64-android-rel/CMakeFiles/CMakeScratch/TryCompile-EyDQba/CMakeLists.txt:5 (project)


-- Check size of off_t - done
-- Looking for fseeko
CMake Deprecation Warning at /home/runner/workspace/.ndk-tools/android-ndk-r27c/build/cmake/android.toolchain.cmake:35 (cmake_minimum_required):
  Compatibility with CMake < 3.10 will be removed from a future version of
  CMake.

  Update the VERSION argument <min> value.  Or, use the <min>...<max> syntax
  to tell CMake that the project requires at least <min> but has been updated
  to work with policies introduced by <max> or earlier.
Call Stack (most recent call first):
  /home/runner/workspace/thirdparty/vcpkg/scripts/toolchains/android.cmake:32 (include)
  /home/runner/workspace/thirdparty/vcpkg/scripts/buildsystems/vcpkg.cmake:210 (include)
  /home/runner/workspace/thirdparty/vcpkg/buildtrees/curl/arm64-android-rel/CMakeFiles/4.3.3/CMakeSystem.cmake:6 (include)
  /home/runner/workspace/thirdparty/vcpkg/buildtrees/curl/arm64-android-rel/CMakeFiles/CMakeScratch/TryCompile-vZzR0O/CMakeLists.txt:5 (project)


CMake Deprecation Warning at /home/runner/workspace/.ndk-tools/android-ndk-r27c/build/cmake/android-legacy.toolchain.cmake:35 (cmake_minimum_required):
  Compatibility with CMake < 3.10 will be removed from a future version of
  CMake.

  Update the VERSION argument <min> value.  Or, use the <min>...<max> syntax
  to tell CMake that the project requires at least <min> but has been updated
  to work with policies introduced by <max> or earlier.
Call Stack (most recent call first):
  /home/runner/workspace/.ndk-tools/android-ndk-r27c/build/cmake/android.toolchain.cmake:55 (include)
  /home/runner/workspace/thirdparty/vcpkg/scripts/toolchains/android.cmake:32 (include)
  /home/runner/workspace/thirdparty/vcpkg/scripts/buildsystems/vcpkg.cmake:210 (include)
  /home/runner/workspace/thirdparty/vcpkg/buildtrees/curl/arm64-android-rel/CMakeFiles/4.3.3/CMakeSystem.cmake:6 (include)
  /home/runner/workspace/thirdparty/vcpkg/buildtrees/curl/arm64-android-rel/CMakeFiles/CMakeScratch/TryCompile-vZzR0O/CMakeLists.txt:5 (project)


CMake Deprecation Warning at /home/runner/workspace/.ndk-tools/android-ndk-r27c/build/cmake/flags.cmake:18 (cmake_minimum_required):
  Compatibility with CMake < 3.10 will be removed from a future version of
  CMake.

  Update the VERSION argument <min> value.  Or, use the <min>...<max> syntax
  to tell CMake that the project requires at least <min> but has been updated
  to work with policies introduced by <max> or earlier.
Call Stack (most recent call first):
  /home/runner/workspace/thirdparty/vcpkg/downloads/tools/cmake-4.3.3-linux/cmake-4.3.3-linux-x86_64/share/cmake-4.3/Modules/Platform/Android-Clang.cmake:23 (include)
  /home/runner/workspace/thirdparty/vcpkg/downloads/tools/cmake-4.3.3-linux/cmake-4.3.3-linux-x86_64/share/cmake-4.3/Modules/Platform/Android-Clang-C.cmake:1 (include)
  /home/runner/workspace/thirdparty/vcpkg/downloads/tools/cmake-4.3.3-linux/cmake-4.3.3-linux-x86_64/share/cmake-4.3/Modules/CMakeCInformation.cmake:48 (include)
  /home/runner/workspace/thirdparty/vcpkg/buildtrees/curl/arm64-android-rel/CMakeFiles/CMakeScratch/TryCompile-vZzR0O/CMakeLists.txt:5 (project)


-- Looking for fseeko - found
-- Check size of curl_off_t
CMake Deprecation Warning at /home/runner/workspace/.ndk-tools/android-ndk-r27c/build/cmake/android.toolchain.cmake:35 (cmake_minimum_required):
  Compatibility with CMake < 3.10 will be removed from a future version of
  CMake.

  Update the VERSION argument <min> value.  Or, use the <min>...<max> syntax
  to tell CMake that the project requires at least <min> but has been updated
  to work with policies introduced by <max> or earlier.
Call Stack (most recent call first):
  /home/runner/workspace/thirdparty/vcpkg/scripts/toolchains/android.cmake:32 (include)
  /home/runner/workspace/thirdparty/vcpkg/scripts/buildsystems/vcpkg.cmake:210 (include)
  /home/runner/workspace/thirdparty/vcpkg/buildtrees/curl/arm64-android-rel/CMakeFiles/4.3.3/CMakeSystem.cmake:6 (include)
  /home/runner/workspace/thirdparty/vcpkg/buildtrees/curl/arm64-android-rel/CMakeFiles/CMakeScratch/TryCompile-aOyA1Y/CMakeLists.txt:5 (project)


CMake Deprecation Warning at /home/runner/workspace/.ndk-tools/android-ndk-r27c/build/cmake/android-legacy.toolchain.cmake:35 (cmake_minimum_required):
  Compatibility with CMake < 3.10 will be removed from a future version of
  CMake.

  Update the VERSION argument <min> value.  Or, use the <min>...<max> syntax
  to tell CMake that the project requires at least <min> but has been updated
  to work with policies introduced by <max> or earlier.
Call Stack (most recent call first):
  /home/runner/workspace/.ndk-tools/android-ndk-r27c/build/cmake/android.toolchain.cmake:55 (include)
  /home/runner/workspace/thirdparty/vcpkg/scripts/toolchains/android.cmake:32 (include)
  /home/runner/workspace/thirdparty/vcpkg/scripts/buildsystems/vcpkg.cmake:210 (include)
  /home/runner/workspace/thirdparty/vcpkg/buildtrees/curl/arm64-android-rel/CMakeFiles/4.3.3/CMakeSystem.cmake:6 (include)
  /home/runner/workspace/thirdparty/vcpkg/buildtrees/curl/arm64-android-rel/CMakeFiles/CMakeScratch/TryCompile-aOyA1Y/CMakeLists.txt:5 (project)


CMake Deprecation Warning at /home/runner/workspace/.ndk-tools/android-ndk-r27c/build/cmake/flags.cmake:18 (cmake_minimum_required):
  Compatibility with CMake < 3.10 will be removed from a future version of
  CMake.

  Update the VERSION argument <min> value.  Or, use the <min>...<max> syntax
  to tell CMake that the project requires at least <min> but has been updated
  to work with policies introduced by <max> or earlier.
Call Stack (most recent call first):
  /home/runner/workspace/thirdparty/vcpkg/downloads/tools/cmake-4.3.3-linux/cmake-4.3.3-linux-x86_64/share/cmake-4.3/Modules/Platform/Android-Clang.cmake:23 (include)
  /home/runner/workspace/thirdparty/vcpkg/downloads/tools/cmake-4.3.3-linux/cmake-4.3.3-linux-x86_64/share/cmake-4.3/Modules/Platform/Android-Clang-C.cmake:1 (include)
  /home/runner/workspace/thirdparty/vcpkg/downloads/tools/cmake-4.3.3-linux/cmake-4.3.3-linux-x86_64/share/cmake-4.3/Modules/CMakeCInformation.cmake:48 (include)
  /home/runner/workspace/thirdparty/vcpkg/buildtrees/curl/arm64-android-rel/CMakeFiles/CMakeScratch/TryCompile-aOyA1Y/CMakeLists.txt:5 (project)


-- Check size of curl_off_t - done
-- Check size of curl_socket_t
CMake Deprecation Warning at /home/runner/workspace/.ndk-tools/android-ndk-r27c/build/cmake/android.toolchain.cmake:35 (cmake_minimum_required):
  Compatibility with CMake < 3.10 will be removed from a future version of
  CMake.

  Update the VERSION argument <min> value.  Or, use the <min>...<max> syntax
  to tell CMake that the project requires at least <min> but has been updated
  to work with policies introduced by <max> or earlier.
Call Stack (most recent call first):
  /home/runner/workspace/thirdparty/vcpkg/scripts/toolchains/android.cmake:32 (include)
  /home/runner/workspace/thirdparty/vcpkg/scripts/buildsystems/vcpkg.cmake:210 (include)
  /home/runner/workspace/thirdparty/vcpkg/buildtrees/curl/arm64-android-rel/CMakeFiles/4.3.3/CMakeSystem.cmake:6 (include)
  /home/runner/workspace/thirdparty/vcpkg/buildtrees/curl/arm64-android-rel/CMakeFiles/CMakeScratch/TryCompile-6wejJQ/CMakeLists.txt:5 (project)


CMake Deprecation Warning at /home/runner/workspace/.ndk-tools/android-ndk-r27c/build/cmake/android-legacy.toolchain.cmake:35 (cmake_minimum_required):
  Compatibility with CMake < 3.10 will be removed from a future version of
  CMake.

  Update the VERSION argument <min> value.  Or, use the <min>...<max> syntax
  to tell CMake that the project requires at least <min> but has been updated
  to work with policies introduced by <max> or earlier.
Call Stack (most recent call first):
  /home/runner/workspace/.ndk-tools/android-ndk-r27c/build/cmake/android.toolchain.cmake:55 (include)
  /home/runner/workspace/thirdparty/vcpkg/scripts/toolchains/android.cmake:32 (include)
  /home/runner/workspace/thirdparty/vcpkg/scripts/buildsystems/vcpkg.cmake:210 (include)
  /home/runner/workspace/thirdparty/vcpkg/buildtrees/curl/arm64-android-rel/CMakeFiles/4.3.3/CMakeSystem.cmake:6 (include)
  /home/runner/workspace/thirdparty/vcpkg/buildtrees/curl/arm64-android-rel/CMakeFiles/CMakeScratch/TryCompile-6wejJQ/CMakeLists.txt:5 (project)


CMake Deprecation Warning at /home/runner/workspace/.ndk-tools/android-ndk-r27c/build/cmake/flags.cmake:18 (cmake_minimum_required):
  Compatibility with CMake < 3.10 will be removed from a future version of
  CMake.

  Update the VERSION argument <min> value.  Or, use the <min>...<max> syntax
  to tell CMake that the project requires at least <min> but has been updated
  to work with policies introduced by <max> or earlier.
Call Stack (most recent call first):
  /home/runner/workspace/thirdparty/vcpkg/downloads/tools/cmake-4.3.3-linux/cmake-4.3.3-linux-x86_64/share/cmake-4.3/Modules/Platform/Android-Clang.cmake:23 (include)
  /home/runner/workspace/thirdparty/vcpkg/downloads/tools/cmake-4.3.3-linux/cmake-4.3.3-linux-x86_64/share/cmake-4.3/Modules/Platform/Android-Clang-C.cmake:1 (include)
  /home/runner/workspace/thirdparty/vcpkg/downloads/tools/cmake-4.3.3-linux/cmake-4.3.3-linux-x86_64/share/cmake-4.3/Modules/CMakeCInformation.cmake:48 (include)
  /home/runner/workspace/thirdparty/vcpkg/buildtrees/curl/arm64-android-rel/CMakeFiles/CMakeScratch/TryCompile-6wejJQ/CMakeLists.txt:5 (project)


-- Check size of curl_socket_t - done
-- Performing Test HAVE_GLIBC_STRERROR_R
CMake Deprecation Warning at /home/runner/workspace/.ndk-tools/android-ndk-r27c/build/cmake/android.toolchain.cmake:35 (cmake_minimum_required):
  Compatibility with CMake < 3.10 will be removed from a future version of
  CMake.

  Update the VERSION argument <min> value.  Or, use the <min>...<max> syntax
  to tell CMake that the project requires at least <min> but has been updated
  to work with policies introduced by <max> or earlier.
Call Stack (most recent call first):
  /home/runner/workspace/thirdparty/vcpkg/scripts/toolchains/android.cmake:32 (include)
  /home/runner/workspace/thirdparty/vcpkg/scripts/buildsystems/vcpkg.cmake:210 (include)
  /home/runner/workspace/thirdparty/vcpkg/buildtrees/curl/arm64-android-rel/CMakeFiles/4.3.3/CMakeSystem.cmake:6 (include)
  /home/runner/workspace/thirdparty/vcpkg/buildtrees/curl/arm64-android-rel/CMakeFiles/CMakeTmp/CMakeLists.txt:5 (project)


CMake Deprecation Warning at /home/runner/workspace/.ndk-tools/android-ndk-r27c/build/cmake/android-legacy.toolchain.cmake:35 (cmake_minimum_required):
  Compatibility with CMake < 3.10 will be removed from a future version of
  CMake.

  Update the VERSION argument <min> value.  Or, use the <min>...<max> syntax
  to tell CMake that the project requires at least <min> but has been updated
  to work with policies introduced by <max> or earlier.
Call Stack (most recent call first):
  /home/runner/workspace/.ndk-tools/android-ndk-r27c/build/cmake/android.toolchain.cmake:55 (include)
  /home/runner/workspace/thirdparty/vcpkg/scripts/toolchains/android.cmake:32 (include)
  /home/runner/workspace/thirdparty/vcpkg/scripts/buildsystems/vcpkg.cmake:210 (include)
  /home/runner/workspace/thirdparty/vcpkg/buildtrees/curl/arm64-android-rel/CMakeFiles/4.3.3/CMakeSystem.cmake:6 (include)
  /home/runner/workspace/thirdparty/vcpkg/buildtrees/curl/arm64-android-rel/CMakeFiles/CMakeTmp/CMakeLists.txt:5 (project)


CMake Deprecation Warning at /home/runner/workspace/.ndk-tools/android-ndk-r27c/build/cmake/flags.cmake:18 (cmake_minimum_required):
  Compatibility with CMake < 3.10 will be removed from a future version of
  CMake.

  Update the VERSION argument <min> value.  Or, use the <min>...<max> syntax
  to tell CMake that the project requires at least <min> but has been updated
  to work with policies introduced by <max> or earlier.
Call Stack (most recent call first):
  /home/runner/workspace/thirdparty/vcpkg/downloads/tools/cmake-4.3.3-linux/cmake-4.3.3-linux-x86_64/share/cmake-4.3/Modules/Platform/Android-Clang.cmake:23 (include)
  /home/runner/workspace/thirdparty/vcpkg/downloads/tools/cmake-4.3.3-linux/cmake-4.3.3-linux-x86_64/share/cmake-4.3/Modules/Platform/Android-Clang-C.cmake:1 (include)
  /home/runner/workspace/thirdparty/vcpkg/downloads/tools/cmake-4.3.3-linux/cmake-4.3.3-linux-x86_64/share/cmake-4.3/Modules/CMakeCInformation.cmake:48 (include)
  /home/runner/workspace/thirdparty/vcpkg/buildtrees/curl/arm64-android-rel/CMakeFiles/CMakeTmp/CMakeLists.txt:5 (project)


-- Performing Test HAVE_GLIBC_STRERROR_R - Failed
-- Performing Test HAVE_POSIX_STRERROR_R
CMake Deprecation Warning at /home/runner/workspace/.ndk-tools/android-ndk-r27c/build/cmake/android.toolchain.cmake:35 (cmake_minimum_required):
  Compatibility with CMake < 3.10 will be removed from a future version of
  CMake.

  Update the VERSION argument <min> value.  Or, use the <min>...<max> syntax
  to tell CMake that the project requires at least <min> but has been updated
  to work with policies introduced by <max> or earlier.
Call Stack (most recent call first):
  /home/runner/workspace/thirdparty/vcpkg/scripts/toolchains/android.cmake:32 (include)
  /home/runner/workspace/thirdparty/vcpkg/scripts/buildsystems/vcpkg.cmake:210 (include)
  /home/runner/workspace/thirdparty/vcpkg/buildtrees/curl/arm64-android-rel/CMakeFiles/4.3.3/CMakeSystem.cmake:6 (include)
  /home/runner/workspace/thirdparty/vcpkg/buildtrees/curl/arm64-android-rel/CMakeFiles/CMakeTmp/CMakeLists.txt:5 (project)


CMake Deprecation Warning at /home/runner/workspace/.ndk-tools/android-ndk-r27c/build/cmake/android-legacy.toolchain.cmake:35 (cmake_minimum_required):
  Compatibility with CMake < 3.10 will be removed from a future version of
  CMake.

  Update the VERSION argument <min> value.  Or, use the <min>...<max> syntax
  to tell CMake that the project requires at least <min> but has been updated
  to work with policies introduced by <max> or earlier.
Call Stack (most recent call first):
  /home/runner/workspace/.ndk-tools/android-ndk-r27c/build/cmake/android.toolchain.cmake:55 (include)
  /home/runner/workspace/thirdparty/vcpkg/scripts/toolchains/android.cmake:32 (include)
  /home/runner/workspace/thirdparty/vcpkg/scripts/buildsystems/vcpkg.cmake:210 (include)
  /home/runner/workspace/thirdparty/vcpkg/buildtrees/curl/arm64-android-rel/CMakeFiles/4.3.3/CMakeSystem.cmake:6 (include)
  /home/runner/workspace/thirdparty/vcpkg/buildtrees/curl/arm64-android-rel/CMakeFiles/CMakeTmp/CMakeLists.txt:5 (project)


CMake Deprecation Warning at /home/runner/workspace/.ndk-tools/android-ndk-r27c/build/cmake/flags.cmake:18 (cmake_minimum_required):
  Compatibility with CMake < 3.10 will be removed from a future version of
  CMake.

  Update the VERSION argument <min> value.  Or, use the <min>...<max> syntax
  to tell CMake that the project requires at least <min> but has been updated
  to work with policies introduced by <max> or earlier.
Call Stack (most recent call first):
  /home/runner/workspace/thirdparty/vcpkg/downloads/tools/cmake-4.3.3-linux/cmake-4.3.3-linux-x86_64/share/cmake-4.3/Modules/Platform/Android-Clang.cmake:23 (include)
  /home/runner/workspace/thirdparty/vcpkg/downloads/tools/cmake-4.3.3-linux/cmake-4.3.3-linux-x86_64/share/cmake-4.3/Modules/Platform/Android-Clang-C.cmake:1 (include)
  /home/runner/workspace/thirdparty/vcpkg/downloads/tools/cmake-4.3.3-linux/cmake-4.3.3-linux-x86_64/share/cmake-4.3/Modules/CMakeCInformation.cmake:48 (include)
  /home/runner/workspace/thirdparty/vcpkg/buildtrees/curl/arm64-android-rel/CMakeFiles/CMakeTmp/CMakeLists.txt:5 (project)


-- Performing Test HAVE_POSIX_STRERROR_R - Success
-- Performing Test HAVE_CLOCK_GETTIME_MONOTONIC
CMake Deprecation Warning at /home/runner/workspace/.ndk-tools/android-ndk-r27c/build/cmake/android.toolchain.cmake:35 (cmake_minimum_required):
  Compatibility with CMake < 3.10 will be removed from a future version of
  CMake.

  Update the VERSION argument <min> value.  Or, use the <min>...<max> syntax
  to tell CMake that the project requires at least <min> but has been updated
  to work with policies introduced by <max> or earlier.
Call Stack (most recent call first):
  /home/runner/workspace/thirdparty/vcpkg/scripts/toolchains/android.cmake:32 (include)
  /home/runner/workspace/thirdparty/vcpkg/scripts/buildsystems/vcpkg.cmake:210 (include)
  /home/runner/workspace/thirdparty/vcpkg/buildtrees/curl/arm64-android-rel/CMakeFiles/4.3.3/CMakeSystem.cmake:6 (include)
  /home/runner/workspace/thirdparty/vcpkg/buildtrees/curl/arm64-android-rel/CMakeFiles/CMakeTmp/CMakeLists.txt:5 (project)


CMake Deprecation Warning at /home/runner/workspace/.ndk-tools/android-ndk-r27c/build/cmake/android-legacy.toolchain.cmake:35 (cmake_minimum_required):
  Compatibility with CMake < 3.10 will be removed from a future version of
  CMake.

  Update the VERSION argument <min> value.  Or, use the <min>...<max> syntax
  to tell CMake that the project requires at least <min> but has been updated
  to work with policies introduced by <max> or earlier.
Call Stack (most recent call first):
  /home/runner/workspace/.ndk-tools/android-ndk-r27c/build/cmake/android.toolchain.cmake:55 (include)
  /home/runner/workspace/thirdparty/vcpkg/scripts/toolchains/android.cmake:32 (include)
  /home/runner/workspace/thirdparty/vcpkg/scripts/buildsystems/vcpkg.cmake:210 (include)
  /home/runner/workspace/thirdparty/vcpkg/buildtrees/curl/arm64-android-rel/CMakeFiles/4.3.3/CMakeSystem.cmake:6 (include)
  /home/runner/workspace/thirdparty/vcpkg/buildtrees/curl/arm64-android-rel/CMakeFiles/CMakeTmp/CMakeLists.txt:5 (project)


CMake Deprecation Warning at /home/runner/workspace/.ndk-tools/android-ndk-r27c/build/cmake/flags.cmake:18 (cmake_minimum_required):
  Compatibility with CMake < 3.10 will be removed from a future version of
  CMake.

  Update the VERSION argument <min> value.  Or, use the <min>...<max> syntax
  to tell CMake that the project requires at least <min> but has been updated
  to work with policies introduced by <max> or earlier.
Call Stack (most recent call first):
  /home/runner/workspace/thirdparty/vcpkg/downloads/tools/cmake-4.3.3-linux/cmake-4.3.3-linux-x86_64/share/cmake-4.3/Modules/Platform/Android-Clang.cmake:23 (include)
  /home/runner/workspace/thirdparty/vcpkg/downloads/tools/cmake-4.3.3-linux/cmake-4.3.3-linux-x86_64/share/cmake-4.3/Modules/Platform/Android-Clang-C.cmake:1 (include)
  /home/runner/workspace/thirdparty/vcpkg/downloads/tools/cmake-4.3.3-linux/cmake-4.3.3-linux-x86_64/share/cmake-4.3/Modules/CMakeCInformation.cmake:48 (include)
  /home/runner/workspace/thirdparty/vcpkg/buildtrees/curl/arm64-android-rel/CMakeFiles/CMakeTmp/CMakeLists.txt:5 (project)


-- Performing Test HAVE_CLOCK_GETTIME_MONOTONIC - Success
-- Check size of struct sockaddr_storage
CMake Deprecation Warning at /home/runner/workspace/.ndk-tools/android-ndk-r27c/build/cmake/android.toolchain.cmake:35 (cmake_minimum_required):
  Compatibility with CMake < 3.10 will be removed from a future version of
  CMake.

  Update the VERSION argument <min> value.  Or, use the <min>...<max> syntax
  to tell CMake that the project requires at least <min> but has been updated
  to work with policies introduced by <max> or earlier.
Call Stack (most recent call first):
  /home/runner/workspace/thirdparty/vcpkg/scripts/toolchains/android.cmake:32 (include)
  /home/runner/workspace/thirdparty/vcpkg/scripts/buildsystems/vcpkg.cmake:210 (include)
  /home/runner/workspace/thirdparty/vcpkg/buildtrees/curl/arm64-android-rel/CMakeFiles/4.3.3/CMakeSystem.cmake:6 (include)
  /home/runner/workspace/thirdparty/vcpkg/buildtrees/curl/arm64-android-rel/CMakeFiles/CMakeScratch/TryCompile-nTXh9p/CMakeLists.txt:5 (project)


CMake Deprecation Warning at /home/runner/workspace/.ndk-tools/android-ndk-r27c/build/cmake/android-legacy.toolchain.cmake:35 (cmake_minimum_required):
  Compatibility with CMake < 3.10 will be removed from a future version of
  CMake.

  Update the VERSION argument <min> value.  Or, use the <min>...<max> syntax
  to tell CMake that the project requires at least <min> but has been updated
  to work with policies introduced by <max> or earlier.
Call Stack (most recent call first):
  /home/runner/workspace/.ndk-tools/android-ndk-r27c/build/cmake/android.toolchain.cmake:55 (include)
  /home/runner/workspace/thirdparty/vcpkg/scripts/toolchains/android.cmake:32 (include)
  /home/runner/workspace/thirdparty/vcpkg/scripts/buildsystems/vcpkg.cmake:210 (include)
  /home/runner/workspace/thirdparty/vcpkg/buildtrees/curl/arm64-android-rel/CMakeFiles/4.3.3/CMakeSystem.cmake:6 (include)
  /home/runner/workspace/thirdparty/vcpkg/buildtrees/curl/arm64-android-rel/CMakeFiles/CMakeScratch/TryCompile-nTXh9p/CMakeLists.txt:5 (project)


CMake Deprecation Warning at /home/runner/workspace/.ndk-tools/android-ndk-r27c/build/cmake/flags.cmake:18 (cmake_minimum_required):
  Compatibility with CMake < 3.10 will be removed from a future version of
  CMake.

  Update the VERSION argument <min> value.  Or, use the <min>...<max> syntax
  to tell CMake that the project requires at least <min> but has been updated
  to work with policies introduced by <max> or earlier.
Call Stack (most recent call first):
  /home/runner/workspace/thirdparty/vcpkg/downloads/tools/cmake-4.3.3-linux/cmake-4.3.3-linux-x86_64/share/cmake-4.3/Modules/Platform/Android-Clang.cmake:23 (include)
  /home/runner/workspace/thirdparty/vcpkg/downloads/tools/cmake-4.3.3-linux/cmake-4.3.3-linux-x86_64/share/cmake-4.3/Modules/Platform/Android-Clang-C.cmake:1 (include)
  /home/runner/workspace/thirdparty/vcpkg/downloads/tools/cmake-4.3.3-linux/cmake-4.3.3-linux-x86_64/share/cmake-4.3/Modules/CMakeCInformation.cmake:48 (include)
  /home/runner/workspace/thirdparty/vcpkg/buildtrees/curl/arm64-android-rel/CMakeFiles/CMakeScratch/TryCompile-nTXh9p/CMakeLists.txt:5 (project)


-- Check size of struct sockaddr_storage - done
-- Performing Test HAVE_MSG_NOSIGNAL
CMake Deprecation Warning at /home/runner/workspace/.ndk-tools/android-ndk-r27c/build/cmake/android.toolchain.cmake:35 (cmake_minimum_required):
  Compatibility with CMake < 3.10 will be removed from a future version of
  CMake.

  Update the VERSION argument <min> value.  Or, use the <min>...<max> syntax
  to tell CMake that the project requires at least <min> but has been updated
  to work with policies introduced by <max> or earlier.
Call Stack (most recent call first):
  /home/runner/workspace/thirdparty/vcpkg/scripts/toolchains/android.cmake:32 (include)
  /home/runner/workspace/thirdparty/vcpkg/scripts/buildsystems/vcpkg.cmake:210 (include)
  /home/runner/workspace/thirdparty/vcpkg/buildtrees/curl/arm64-android-rel/CMakeFiles/4.3.3/CMakeSystem.cmake:6 (include)
  /home/runner/workspace/thirdparty/vcpkg/buildtrees/curl/arm64-android-rel/CMakeFiles/CMakeScratch/TryCompile-mz7MBZ/CMakeLists.txt:5 (project)


CMake Deprecation Warning at /home/runner/workspace/.ndk-tools/android-ndk-r27c/build/cmake/android-legacy.toolchain.cmake:35 (cmake_minimum_required):
  Compatibility with CMake < 3.10 will be removed from a future version of
  CMake.

  Update the VERSION argument <min> value.  Or, use the <min>...<max> syntax
  to tell CMake that the project requires at least <min> but has been updated
  to work with policies introduced by <max> or earlier.
Call Stack (most recent call first):
  /home/runner/workspace/.ndk-tools/android-ndk-r27c/build/cmake/android.toolchain.cmake:55 (include)
  /home/runner/workspace/thirdparty/vcpkg/scripts/toolchains/android.cmake:32 (include)
  /home/runner/workspace/thirdparty/vcpkg/scripts/buildsystems/vcpkg.cmake:210 (include)
  /home/runner/workspace/thirdparty/vcpkg/buildtrees/curl/arm64-android-rel/CMakeFiles/4.3.3/CMakeSystem.cmake:6 (include)
  /home/runner/workspace/thirdparty/vcpkg/buildtrees/curl/arm64-android-rel/CMakeFiles/CMakeScratch/TryCompile-mz7MBZ/CMakeLists.txt:5 (project)


CMake Deprecation Warning at /home/runner/workspace/.ndk-tools/android-ndk-r27c/build/cmake/flags.cmake:18 (cmake_minimum_required):
  Compatibility with CMake < 3.10 will be removed from a future version of
  CMake.

  Update the VERSION argument <min> value.  Or, use the <min>...<max> syntax
  to tell CMake that the project requires at least <min> but has been updated
  to work with policies introduced by <max> or earlier.
Call Stack (most recent call first):
  /home/runner/workspace/thirdparty/vcpkg/downloads/tools/cmake-4.3.3-linux/cmake-4.3.3-linux-x86_64/share/cmake-4.3/Modules/Platform/Android-Clang.cmake:23 (include)
  /home/runner/workspace/thirdparty/vcpkg/downloads/tools/cmake-4.3.3-linux/cmake-4.3.3-linux-x86_64/share/cmake-4.3/Modules/Platform/Android-Clang-C.cmake:1 (include)
  /home/runner/workspace/thirdparty/vcpkg/downloads/tools/cmake-4.3.3-linux/cmake-4.3.3-linux-x86_64/share/cmake-4.3/Modules/CMakeCInformation.cmake:48 (include)
  /home/runner/workspace/thirdparty/vcpkg/buildtrees/curl/arm64-android-rel/CMakeFiles/CMakeScratch/TryCompile-mz7MBZ/CMakeLists.txt:5 (project)


-- Performing Test HAVE_MSG_NOSIGNAL - Success
-- Performing Test HAVE_STRUCT_TIMEVAL
CMake Deprecation Warning at /home/runner/workspace/.ndk-tools/android-ndk-r27c/build/cmake/android.toolchain.cmake:35 (cmake_minimum_required):
  Compatibility with CMake < 3.10 will be removed from a future version of
  CMake.

  Update the VERSION argument <min> value.  Or, use the <min>...<max> syntax
  to tell CMake that the project requires at least <min> but has been updated
  to work with policies introduced by <max> or earlier.
Call Stack (most recent call first):
  /home/runner/workspace/thirdparty/vcpkg/scripts/toolchains/android.cmake:32 (include)
  /home/runner/workspace/thirdparty/vcpkg/scripts/buildsystems/vcpkg.cmake:210 (include)
  /home/runner/workspace/thirdparty/vcpkg/buildtrees/curl/arm64-android-rel/CMakeFiles/4.3.3/CMakeSystem.cmake:6 (include)
  /home/runner/workspace/thirdparty/vcpkg/buildtrees/curl/arm64-android-rel/CMakeFiles/CMakeScratch/TryCompile-zE80Ul/CMakeLists.txt:5 (project)


CMake Deprecation Warning at /home/runner/workspace/.ndk-tools/android-ndk-r27c/build/cmake/android-legacy.toolchain.cmake:35 (cmake_minimum_required):
  Compatibility with CMake < 3.10 will be removed from a future version of
  CMake.

  Update the VERSION argument <min> value.  Or, use the <min>...<max> syntax
  to tell CMake that the project requires at least <min> but has been updated
  to work with policies introduced by <max> or earlier.
Call Stack (most recent call first):
  /home/runner/workspace/.ndk-tools/android-ndk-r27c/build/cmake/android.toolchain.cmake:55 (include)
  /home/runner/workspace/thirdparty/vcpkg/scripts/toolchains/android.cmake:32 (include)
  /home/runner/workspace/thirdparty/vcpkg/scripts/buildsystems/vcpkg.cmake:210 (include)
  /home/runner/workspace/thirdparty/vcpkg/buildtrees/curl/arm64-android-rel/CMakeFiles/4.3.3/CMakeSystem.cmake:6 (include)
  /home/runner/workspace/thirdparty/vcpkg/buildtrees/curl/arm64-android-rel/CMakeFiles/CMakeScratch/TryCompile-zE80Ul/CMakeLists.txt:5 (project)


CMake Deprecation Warning at /home/runner/workspace/.ndk-tools/android-ndk-r27c/build/cmake/flags.cmake:18 (cmake_minimum_required):
  Compatibility with CMake < 3.10 will be removed from a future version of
  CMake.

  Update the VERSION argument <min> value.  Or, use the <min>...<max> syntax
  to tell CMake that the project requires at least <min> but has been updated
  to work with policies introduced by <max> or earlier.
Call Stack (most recent call first):
  /home/runner/workspace/thirdparty/vcpkg/downloads/tools/cmake-4.3.3-linux/cmake-4.3.3-linux-x86_64/share/cmake-4.3/Modules/Platform/Android-Clang.cmake:23 (include)
  /home/runner/workspace/thirdparty/vcpkg/downloads/tools/cmake-4.3.3-linux/cmake-4.3.3-linux-x86_64/share/cmake-4.3/Modules/Platform/Android-Clang-C.cmake:1 (include)
  /home/runner/workspace/thirdparty/vcpkg/downloads/tools/cmake-4.3.3-linux/cmake-4.3.3-linux-x86_64/share/cmake-4.3/Modules/CMakeCInformation.cmake:48 (include)
  /home/runner/workspace/thirdparty/vcpkg/buildtrees/curl/arm64-android-rel/CMakeFiles/CMakeScratch/TryCompile-zE80Ul/CMakeLists.txt:5 (project)


-- Performing Test HAVE_STRUCT_TIMEVAL - Success
-- Performing Test HAVE_H_ERRNO
CMake Deprecation Warning at /home/runner/workspace/.ndk-tools/android-ndk-r27c/build/cmake/android.toolchain.cmake:35 (cmake_minimum_required):
  Compatibility with CMake < 3.10 will be removed from a future version of
  CMake.

  Update the VERSION argument <min> value.  Or, use the <min>...<max> syntax
  to tell CMake that the project requires at least <min> but has been updated
  to work with policies introduced by <max> or earlier.
Call Stack (most recent call first):
  /home/runner/workspace/thirdparty/vcpkg/scripts/toolchains/android.cmake:32 (include)
  /home/runner/workspace/thirdparty/vcpkg/scripts/buildsystems/vcpkg.cmake:210 (include)
  /home/runner/workspace/thirdparty/vcpkg/buildtrees/curl/arm64-android-rel/CMakeFiles/4.3.3/CMakeSystem.cmake:6 (include)
  /home/runner/workspace/thirdparty/vcpkg/buildtrees/curl/arm64-android-rel/CMakeFiles/CMakeScratch/TryCompile-kOaaoa/CMakeLists.txt:5 (project)


CMake Deprecation Warning at /home/runner/workspace/.ndk-tools/android-ndk-r27c/build/cmake/android-legacy.toolchain.cmake:35 (cmake_minimum_required):
  Compatibility with CMake < 3.10 will be removed from a future version of
  CMake.

  Update the VERSION argument <min> value.  Or, use the <min>...<max> syntax
  to tell CMake that the project requires at least <min> but has been updated
  to work with policies introduced by <max> or earlier.
Call Stack (most recent call first):
  /home/runner/workspace/.ndk-tools/android-ndk-r27c/build/cmake/android.toolchain.cmake:55 (include)
  /home/runner/workspace/thirdparty/vcpkg/scripts/toolchains/android.cmake:32 (include)
  /home/runner/workspace/thirdparty/vcpkg/scripts/buildsystems/vcpkg.cmake:210 (include)
  /home/runner/workspace/thirdparty/vcpkg/buildtrees/curl/arm64-android-rel/CMakeFiles/4.3.3/CMakeSystem.cmake:6 (include)
  /home/runner/workspace/thirdparty/vcpkg/buildtrees/curl/arm64-android-rel/CMakeFiles/CMakeScratch/TryCompile-kOaaoa/CMakeLists.txt:5 (project)


CMake Deprecation Warning at /home/runner/workspace/.ndk-tools/android-ndk-r27c/build/cmake/flags.cmake:18 (cmake_minimum_required):
  Compatibility with CMake < 3.10 will be removed from a future version of
  CMake.

  Update the VERSION argument <min> value.  Or, use the <min>...<max> syntax
  to tell CMake that the project requires at least <min> but has been updated
  to work with policies introduced by <max> or earlier.
Call Stack (most recent call first):
  /home/runner/workspace/thirdparty/vcpkg/downloads/tools/cmake-4.3.3-linux/cmake-4.3.3-linux-x86_64/share/cmake-4.3/Modules/Platform/Android-Clang.cmake:23 (include)
  /home/runner/workspace/thirdparty/vcpkg/downloads/tools/cmake-4.3.3-linux/cmake-4.3.3-linux-x86_64/share/cmake-4.3/Modules/Platform/Android-Clang-C.cmake:1 (include)
  /home/runner/workspace/thirdparty/vcpkg/downloads/tools/cmake-4.3.3-linux/cmake-4.3.3-linux-x86_64/share/cmake-4.3/Modules/CMakeCInformation.cmake:48 (include)
  /home/runner/workspace/thirdparty/vcpkg/buildtrees/curl/arm64-android-rel/CMakeFiles/CMakeScratch/TryCompile-kOaaoa/CMakeLists.txt:5 (project)


-- Performing Test HAVE_H_ERRNO - Success
-- Performing Test HAVE_CLOCK_GETTIME_MONOTONIC_RAW
CMake Deprecation Warning at /home/runner/workspace/.ndk-tools/android-ndk-r27c/build/cmake/android.toolchain.cmake:35 (cmake_minimum_required):
  Compatibility with CMake < 3.10 will be removed from a future version of
  CMake.

  Update the VERSION argument <min> value.  Or, use the <min>...<max> syntax
  to tell CMake that the project requires at least <min> but has been updated
  to work with policies introduced by <max> or earlier.
Call Stack (most recent call first):
  /home/runner/workspace/thirdparty/vcpkg/scripts/toolchains/android.cmake:32 (include)
  /home/runner/workspace/thirdparty/vcpkg/scripts/buildsystems/vcpkg.cmake:210 (include)
  /home/runner/workspace/thirdparty/vcpkg/buildtrees/curl/arm64-android-rel/CMakeFiles/4.3.3/CMakeSystem.cmake:6 (include)
  /home/runner/workspace/thirdparty/vcpkg/buildtrees/curl/arm64-android-rel/CMakeFiles/CMakeScratch/TryCompile-cg04LA/CMakeLists.txt:5 (project)


CMake Deprecation Warning at /home/runner/workspace/.ndk-tools/android-ndk-r27c/build/cmake/android-legacy.toolchain.cmake:35 (cmake_minimum_required):
  Compatibility with CMake < 3.10 will be removed from a future version of
  CMake.

  Update the VERSION argument <min> value.  Or, use the <min>...<max> syntax
  to tell CMake that the project requires at least <min> but has been updated
  to work with policies introduced by <max> or earlier.
Call Stack (most recent call first):
  /home/runner/workspace/.ndk-tools/android-ndk-r27c/build/cmake/android.toolchain.cmake:55 (include)
  /home/runner/workspace/thirdparty/vcpkg/scripts/toolchains/android.cmake:32 (include)
  /home/runner/workspace/thirdparty/vcpkg/scripts/buildsystems/vcpkg.cmake:210 (include)
  /home/runner/workspace/thirdparty/vcpkg/buildtrees/curl/arm64-android-rel/CMakeFiles/4.3.3/CMakeSystem.cmake:6 (include)
  /home/runner/workspace/thirdparty/vcpkg/buildtrees/curl/arm64-android-rel/CMakeFiles/CMakeScratch/TryCompile-cg04LA/CMakeLists.txt:5 (project)


CMake Deprecation Warning at /home/runner/workspace/.ndk-tools/android-ndk-r27c/build/cmake/flags.cmake:18 (cmake_minimum_required):
  Compatibility with CMake < 3.10 will be removed from a future version of
  CMake.

  Update the VERSION argument <min> value.  Or, use the <min>...<max> syntax
  to tell CMake that the project requires at least <min> but has been updated
  to work with policies introduced by <max> or earlier.
Call Stack (most recent call first):
  /home/runner/workspace/thirdparty/vcpkg/downloads/tools/cmake-4.3.3-linux/cmake-4.3.3-linux-x86_64/share/cmake-4.3/Modules/Platform/Android-Clang.cmake:23 (include)
  /home/runner/workspace/thirdparty/vcpkg/downloads/tools/cmake-4.3.3-linux/cmake-4.3.3-linux-x86_64/share/cmake-4.3/Modules/Platform/Android-Clang-C.cmake:1 (include)
  /home/runner/workspace/thirdparty/vcpkg/downloads/tools/cmake-4.3.3-linux/cmake-4.3.3-linux-x86_64/share/cmake-4.3/Modules/CMakeCInformation.cmake:48 (include)
  /home/runner/workspace/thirdparty/vcpkg/buildtrees/curl/arm64-android-rel/CMakeFiles/CMakeScratch/TryCompile-cg04LA/CMakeLists.txt:5 (project)


-- Performing Test HAVE_CLOCK_GETTIME_MONOTONIC_RAW - Success
-- Protocols: dict file ftp ftps gopher gophers http https imap imaps ipfs ipns mqtt pop3 pop3s rtsp smb smbs smtp smtps telnet tftp
-- Features: alt-svc AsynchDNS HSTS HTTPS-proxy IPv6 Largefile libz NTLM SSL threadsafe TLS-SRP UnixSockets
-- Enabled SSL backends: OpenSSL v3+
CMake Warning at CMakeLists.txt:2163 (message):
  Bad lib in library list: Threads::Threads


-- Configuring done (14.0s)
-- Generating done (0.2s)
CMake Warning:
  Manually-specified variables were not used by the project:

    FETCHCONTENT_FULLY_DISCONNECTED
    VCPKG_PLATFORM_TOOLSET
    VCPKG_SET_CHARSET_FLAG
    _VCPKG_ROOT_DIR


-- Build files have been written to: /home/runner/workspace/thirdparty/vcpkg/buildtrees/curl/arm64-android-rel
